﻿<?xml version="1.0" encoding="utf-8" ?>
<Titles>
	<!--This is to assign MEN-AT-ARMS units based on title key and not owner culture-->
	<!--Levies do not take part in this!!-->
	
	
	<!--DEFAULT value does not work here, every unit must have a unit key-->
	<!--title_key = key of the landed title-->
	<Faction title_key="k_france" name= "France">
		<General key="mk_fre_t2_kings_bodyguard"></General>
		<Knights key="mk_fre_t2_general_bodyguard"></Knights>
		
		<MenAtArm type="light_footmen" key="mk_fre_t2_ribauds"></MenAtArm>
		<MenAtArm type="armored_footmen" key="mk_fre_t2_sergeant_at_arms"></MenAtArm>
		<MenAtArm type="pikemen_unit" key="mk_fre_t2_voulgiers"></MenAtArm>
		<MenAtArm type="bowmen" key="mk_fre_t2_archers"></MenAtArm>
		<MenAtArm type="crossbowmen" key="mk_fre_t2_arbaletriers"></MenAtArm>
		<MenAtArm type="light_horsemen" key="mk_fre_t2_mounted_sergeants"></MenAtArm>
		<MenAtArm type="armored_horsemen" key="mk_fre_t2_chevaliers_mounted"></MenAtArm>
		<MenAtArm type="house_guard" key="mk_fre_t2_chevaliers_dismounted"></MenAtArm>
		<MenAtArm type="teutonic_knights" key="mk_mio_t2_templar_knights_dismounted"></MenAtArm>

		<MenAtArm type="accolade_maa_archers" key="mk_merc_eng_t2_longbowmen"></MenAtArm>
		<MenAtArm type="accolade_maa_lancers" key="mk_fre_t2_banneret_chevaliers_mounted"></MenAtArm>
		<MenAtArm type="accolade_maa_outriders" key="mk_fre_t2_cliens"></MenAtArm>
		<MenAtArm type="accolade_maa_pikes" key="mk_fre_t2_pavisiers"></MenAtArm>
		<MenAtArm type="accolade_maa_skirmishers" key="mk_merc_ara_t2_catalan_company"></MenAtArm>
		<MenAtArm type="accolade_maa_vanguard" key="mk_fre_t2_chevaliers_dismounted"></MenAtArm>
		<MenAtArm type="accolade_maa_crossbowmen" key="mk_fre_t2_mounted_arbaletriers"></MenAtArm>
	</Faction>

	<Faction title_key="k_castille" name= "Castile">
		<General key="mk_cas_t2_king_bodyguard"></General>
		<Knights key="mk_cas_t2_general_bodyguard"></Knights>
		
		<MenAtArm type="light_footmen" key="mk_cas_t2_almogavars"></MenAtArm>
		<MenAtArm type="armored_footmen" key="mk_cas_t2_dismounted_caballeros"></MenAtArm>
		<MenAtArm type="pikemen_unit" key="mk_cas_t2_voulgiers"></MenAtArm>
		<MenAtArm type="bowmen" key="mk_cas_t2_peones_crossbowmen"></MenAtArm>
		<MenAtArm type="crossbowmen" key="mk_cas_t2_pavise_crossbowmen"></MenAtArm>
		<MenAtArm type="light_horsemen" key="mk_cas_t2_caballeros_villanos"></MenAtArm>
		<MenAtArm type="armored_horsemen" key="mk_cas_t2_caballeros"></MenAtArm>
		<MenAtArm type="house_guard" key="mk_cas_t2_monteros_de_espinosa"></MenAtArm>
		<MenAtArm type="teutonic_knights" key="mk_mio_t2_spanish_order_knights_dismounted"></MenAtArm>

		<MenAtArm type="horse_archers" key="mk_cas_t2_mounted_crossbowmen"></MenAtArm>
		<MenAtArm type="accolade_maa_horse_archers" key="earl_gran_t2_andalusian_heavy_mounted_crossbowmen"></MenAtArm>
		<MenAtArm type="caballero" key="mk_cas_t2_jinetes"></MenAtArm>
	    <MenAtArm type="iberian_coseletes" key="mk_cas_t2_peones_de_elite"></MenAtArm>
		<MenAtArm type="iberian_picas_secas" key="mk_cas_t2_pikemen"></MenAtArm>
		
		<MenAtArm type="accolade_maa_archers" key="mk_cas_t2_pavise_crossbowmen"></MenAtArm>
		<MenAtArm type="accolade_maa_lancers" key="mk_cas_t2_banneret_caballeros"></MenAtArm>
		<MenAtArm type="accolade_maa_outriders" key="mk_cas_t2_mounted_crossbowmen"></MenAtArm>
		<MenAtArm type="accolade_maa_pikes" key="mk_cas_t2_peones_spearmen"></MenAtArm>
		<MenAtArm type="accolade_maa_skirmishers" key="mk_merc_ara_t2_catalan_company"></MenAtArm>
		<MenAtArm type="accolade_maa_vanguard" key="mk_cas_t2_monteros_de_espinosa"></MenAtArm>
		<MenAtArm type="accolade_maa_crossbowmen" key="mk_cas_t2_mounted_crossbowmen"></MenAtArm>
	</Faction>
	
	<Faction title_key="k_leon" name= "Leon">
		<General key="mk_cas_t2_king_bodyguard"></General>
		<Knights key="mk_cas_t2_general_bodyguard"></Knights>
		
		<MenAtArm type="light_footmen" key="mk_cas_t2_almogavars"></MenAtArm>
		<MenAtArm type="armored_footmen" key="mk_cas_t2_dismounted_caballeros"></MenAtArm>
		<MenAtArm type="pikemen_unit" key="mk_cas_t2_voulgiers"></MenAtArm>
		<MenAtArm type="bowmen" key="mk_cas_t2_peones_crossbowmen"></MenAtArm>
		<MenAtArm type="crossbowmen" key="mk_cas_t2_pavise_crossbowmen"></MenAtArm>
		<MenAtArm type="light_horsemen" key="mk_cas_t2_caballeros_villanos"></MenAtArm>
		<MenAtArm type="armored_horsemen" key="mk_cas_t2_caballeros"></MenAtArm>
		<MenAtArm type="house_guard" key="mk_cas_t2_monteros_de_espinosa"></MenAtArm>
		<MenAtArm type="teutonic_knights" key="mk_mio_t2_spanish_order_knights_dismounted"></MenAtArm>

		<MenAtArm type="horse_archers" key="mk_cas_t2_mounted_crossbowmen"></MenAtArm>
		<MenAtArm type="accolade_maa_horse_archers" key="earl_gran_t2_andalusian_heavy_mounted_crossbowmen"></MenAtArm>
		<MenAtArm type="caballero" key="mk_cas_t2_jinetes"></MenAtArm>
	    <MenAtArm type="iberian_coseletes" key="mk_cas_t2_peones_de_elite"></MenAtArm>
		<MenAtArm type="iberian_picas_secas" key="mk_cas_t2_pikemen"></MenAtArm>
		
		<MenAtArm type="accolade_maa_archers" key="mk_cas_t2_pavise_crossbowmen"></MenAtArm>
		<MenAtArm type="accolade_maa_lancers" key="mk_cas_t2_banneret_caballeros"></MenAtArm>
		<MenAtArm type="accolade_maa_outriders" key="mk_cas_t2_mounted_crossbowmen"></MenAtArm>
		<MenAtArm type="accolade_maa_pikes" key="mk_cas_t2_peones_spearmen"></MenAtArm>
		<MenAtArm type="accolade_maa_skirmishers" key="mk_merc_ara_t2_catalan_company"></MenAtArm>
		<MenAtArm type="accolade_maa_vanguard" key="mk_cas_t2_monteros_de_espinosa"></MenAtArm>
		<MenAtArm type="accolade_maa_crossbowmen" key="mk_cas_t2_mounted_crossbowmen"></MenAtArm>
	</Faction>
	
	<Faction title_key="k_navarra" name= "Navarra">
		<General key="mk_nav_t2_kings_bodyguard"></General>
		<Knights key="mk_nav_t2_general_bodyguard"></Knights>
		
		<MenAtArm type="light_footmen" key="mk_nav_t2_vasque_skirmishers"></MenAtArm>
		<MenAtArm type="armored_footmen" key="mk_nav_t2_dismounted_armados"></MenAtArm>
		<MenAtArm type="pikemen_unit" key="mk_nav_t2_spear_sergeants"></MenAtArm>
		<MenAtArm type="bowmen" key="mk_nav_t2_peones_archers"></MenAtArm>
		<MenAtArm type="crossbowmen" key="mk_nav_t2_crossbowmen_sergeants"></MenAtArm>
		<MenAtArm type="light_horsemen" key="mk_nav_t2_mounted_sergeants"></MenAtArm>
		<MenAtArm type="armored_horsemen" key="mk_nav_t2_armados"></MenAtArm>
		<MenAtArm type="house_guard" key="mk_mio_t2_spanish_order_knights_dismounted"></MenAtArm>
		<MenAtArm type="teutonic_knights" key="mk_mio_t2_spanish_order_knights_dismounted"></MenAtArm>

		<MenAtArm type="horse_archers" key="mk_nav_t2_mounted_crossbowmen"></MenAtArm>
		<MenAtArm type="accolade_maa_horse_archers" key="earl_gran_t2_andalusian_heavy_mounted_crossbowmen"></MenAtArm>
		<MenAtArm type="caballero" key="mk_nav_t2_vasque_light_cavalry"></MenAtArm>
	    <MenAtArm type="iberian_coseletes" key="mk_cas_t2_peones_de_elite"></MenAtArm>
		<MenAtArm type="iberian_picas_secas" key="mk_nav_t2_piquieros"></MenAtArm>
		
		<MenAtArm type="accolade_maa_archers" key="mk_nav_t2_fletxers"></MenAtArm>
		<MenAtArm type="accolade_maa_lancers" key="mk_nav_t2_banneret_caballeros"></MenAtArm>
		<MenAtArm type="accolade_maa_outriders" key="mk_cas_t2_hidalgos"></MenAtArm>
		<MenAtArm type="accolade_maa_pikes" key="mk_ara_t2_voulgier_sergeants"></MenAtArm>
		<MenAtArm type="accolade_maa_skirmishers" key="mk_merc_ara_t2_catalan_company"></MenAtArm>
		<MenAtArm type="accolade_maa_vanguard" key="mk_nav_t2_dismounted_armados"></MenAtArm>
		<MenAtArm type="accolade_maa_crossbowmen" key="mk_nav_t2_mounted_crossbowmen"></MenAtArm>
	</Faction>	
	
	<Faction title_key="k_aragon" name= "Aragon">
		<MenAtArm type="light_footmen" key="mk_ara_t2_almogavars"></MenAtArm>
		<MenAtArm type="armored_footmen" key="mk_ara_t2_foot_escuderos"></MenAtArm>
		<MenAtArm type="pikemen_unit" key="mk_ara_t2_voulgier_sergeants"></MenAtArm>
		<MenAtArm type="bowmen" key="mk_ara_t2_peones_crossbowmen"></MenAtArm>
		<MenAtArm type="crossbowmen" key="mk_ara_t2_pavise_crossbowmen"></MenAtArm>
		<MenAtArm type="light_horsemen" key="mk_ara_t2_mounted_sergeants"></MenAtArm>
		<MenAtArm type="armored_horsemen" key="mk_ara_t2_armats"></MenAtArm>
		<MenAtArm type="house_guard" key="mk_mio_t2_spanish_order_knights_dismounted"></MenAtArm>
		<MenAtArm type="teutonic_knights" key="mk_mio_t2_spanish_order_knights_dismounted"></MenAtArm>

		<MenAtArm type="horse_archers" key="mk_ara_t2_mounted_crossbowmen"></MenAtArm>
		<MenAtArm type="accolade_maa_horse_archers" key="earl_gran_t2_andalusian_heavy_mounted_crossbowmen"></MenAtArm>
		<MenAtArm type="caballero" key="mk_ara_t2_jinetes"></MenAtArm>
	    <MenAtArm type="iberian_coseletes" key="mk_cas_t2_peones_de_elite"></MenAtArm>
		<MenAtArm type="iberian_picas_secas" key="mk_ara_t2_pikemen"></MenAtArm>
		
		<MenAtArm type="accolade_maa_archers" key="mk_ara_t2_pavise_crossbowmen"></MenAtArm>
		<MenAtArm type="accolade_maa_lancers" key="mk_ara_t2_banneret_caballeros"></MenAtArm>
		<MenAtArm type="accolade_maa_outriders" key="mk_ara_t2_alforrats"></MenAtArm>
		<MenAtArm type="accolade_maa_pikes" key="mk_ara_t2_pavise_spearmen"></MenAtArm>
		<MenAtArm type="accolade_maa_skirmishers" key="mk_merc_ara_t2_catalan_company"></MenAtArm>
		<MenAtArm type="accolade_maa_vanguard" key="mk_ara_t2_foot_escuderos"></MenAtArm>
		<MenAtArm type="accolade_maa_crossbowmen" key="mk_ara_t2_mounted_crossbowmen"></MenAtArm>
	</Faction>
	
	<Faction title_key="k_jerusalem" name= "Kingdom of Jerusalem">
		<General key="mk_jer_t2_king_bodyguard"></General>
		<Knights key="mk_jer_t2_bodyguard_baron"></Knights>
		
		<MenAtArm type="light_footmen" key="mk_pap_t2_light_swordsmen"></MenAtArm>
		<MenAtArm type="armored_footmen" key="mk_jer_t2_knights_dismounted"></MenAtArm>
		<MenAtArm type="pikemen_unit" key="mk_jer_t2_pavise_spearmen"></MenAtArm>
		<MenAtArm type="bowmen" key="mk_jer_t2_foot_turcopoles"></MenAtArm>
		<MenAtArm type="crossbowmen" key="mk_jer_t2_crossbowmen"></MenAtArm>
		<MenAtArm type="light_horsemen" key="mk_jer_t2_mounted_serjeants"></MenAtArm>
		<MenAtArm type="armored_horsemen" key="mk_jer_t2_knights"></MenAtArm>
		<MenAtArm type="house_guard" key="mk_mio_t2_hospitaller_knights_dismounted"></MenAtArm>
		<MenAtArm type="teutonic_knights" key="mk_mio_t2_templar_knights_dismounted"></MenAtArm>
		
		<MenAtArm type="horse_archers" key="mk_jer_t2_turcopoles"></MenAtArm>
		<MenAtArm type="accolade_maa_horse_archers" key="mk_jer_t2_mounted_crossbowmen"></MenAtArm>
		
		<MenAtArm type="accolade_maa_archers" key="mk_fla_t2_guild_bowmen"></MenAtArm>
		<MenAtArm type="accolade_maa_lancers" key="mk_mio_t2_hospitaller_knights"></MenAtArm>
		<MenAtArm type="accolade_maa_outriders" key="mk_pap_t2_merc_comp"></MenAtArm>
		<MenAtArm type="accolade_maa_pikes" key="mk_pap_t2_papal_sergeants"></MenAtArm>
		<MenAtArm type="accolade_maa_skirmishers" key="mk_merc_ara_t2_catalan_company"></MenAtArm>
		<MenAtArm type="accolade_maa_vanguard" key="mk_mio_t2_hospitaller_knights_dismounted"></MenAtArm>
		<MenAtArm type="accolade_maa_crossbowmen" key="mk_mio_t2_hospitaller_caravan"></MenAtArm>
	</Faction>	

	<Faction title_key="k_ottoman" name= "Ottoman Sultanate">
		<General key="mk_rum_t2_sultan_bodyguards"></General>
		<Knights key="mk_rum_t2_general_bodyguard"></Knights>
		
		<MenAtArm type="light_footmen" key="mk_rum_t2_azab_swordsmen"></MenAtArm>
		<MenAtArm type="armored_footmen" key="mk_rum_t2_noker_foot_guards"></MenAtArm>
		<MenAtArm type="pikemen_unit" key="mk_rum_t2_martolos_spearmen"></MenAtArm>
		<MenAtArm type="bowmen" key="mk_rum_t2_azab_archers"></MenAtArm>
		<MenAtArm type="crossbowmen" key="mk_rum_t2_martolos_crossbowmen"></MenAtArm>
		<MenAtArm type="light_horsemen" key="mk_rum_t2_cebeli"></MenAtArm>
		<MenAtArm type="armored_horsemen" key="mk_rum_t2_rumeli_timarli_sipahis"></MenAtArm>
		<MenAtArm type="house_guard" key="mk_rum_t3_kapikulu_heavy_infantry"></MenAtArm>
		<MenAtArm type="teutonic_knights" key="mk_rum_t3_kapikulu_heavy_infantry"></MenAtArm>

		<MenAtArm type="camel_rider" key="mk_khw_t2_camel_cavalry"></MenAtArm>
		<MenAtArm type="accolade_maa_camel_riders" key="mk_khw_t2_camel_cavalry"></MenAtArm>
		<MenAtArm type="horse_archers" key="mk_rum_t2_anatolian_timarli_sipahi"></MenAtArm>
		<MenAtArm type="accolade_maa_horse_archers" key="mk_rum_t2_kapikulu_ulufecis"></MenAtArm>

		<MenAtArm type="accolade_maa_archers" key="mk_ilkhan_t2_tserig_archers"></MenAtArm>
		<MenAtArm type="accolade_maa_lancers" key="mk_rum_t2_kapikulu_sipahis"></MenAtArm>
		<MenAtArm type="accolade_maa_outriders" key="mk_rum_t2_kapikulu_garips"></MenAtArm>
		<MenAtArm type="accolade_maa_pikes" key="mk_bulg_t2_guard_halberd"></MenAtArm>
		<MenAtArm type="accolade_maa_skirmishers" key="mk_rum_t2_axemen"></MenAtArm>
		<MenAtArm type="accolade_maa_vanguard" key="mk_rum_t3_kapikulu_heavy_infantry"></MenAtArm>
		<MenAtArm type="accolade_maa_crossbowmen" key="mk_merc_gen_t2_genoese_crossbowmen"></MenAtArm>
	</Faction>

	<Faction title_key="k_rum" name= "Sultanate of Rum">
		<General key="mk_rum_t2_sultan_bodyguards"></General>
		<Knights key="mk_rum_t2_general_bodyguard"></Knights>
		
		<MenAtArm type="light_footmen" key="mk_rum_t2_azab_swordsmen"></MenAtArm>
		<MenAtArm type="armored_footmen" key="mk_rum_t2_noker_foot_guards"></MenAtArm>
		<MenAtArm type="pikemen_unit" key="mk_rum_t2_martolos_spearmen"></MenAtArm>
		<MenAtArm type="bowmen" key="mk_rum_t2_azab_archers"></MenAtArm>
		<MenAtArm type="crossbowmen" key="mk_rum_t2_martolos_crossbowmen"></MenAtArm>
		<MenAtArm type="light_horsemen" key="mk_rum_t2_cebeli"></MenAtArm>
		<MenAtArm type="armored_horsemen" key="mk_rum_t2_rumeli_timarli_sipahis"></MenAtArm>
		<MenAtArm type="house_guard" key="mk_rum_t3_kapikulu_heavy_infantry"></MenAtArm>
		<MenAtArm type="teutonic_knights" key="mk_rum_t3_kapikulu_heavy_infantry"></MenAtArm>

		<MenAtArm type="camel_rider" key="mk_khw_t2_camel_cavalry"></MenAtArm>
		<MenAtArm type="accolade_maa_camel_riders" key="mk_khw_t2_camel_cavalry"></MenAtArm>
		<MenAtArm type="horse_archers" key="mk_rum_t2_anatolian_timarli_sipahi"></MenAtArm>
		<MenAtArm type="accolade_maa_horse_archers" key="mk_rum_t2_kapikulu_ulufecis"></MenAtArm>

		<MenAtArm type="accolade_maa_archers" key="mk_ilkhan_t2_tserig_archers"></MenAtArm>
		<MenAtArm type="accolade_maa_lancers" key="mk_rum_t2_kapikulu_sipahis"></MenAtArm>
		<MenAtArm type="accolade_maa_outriders" key="mk_rum_t2_kapikulu_garips"></MenAtArm>
		<MenAtArm type="accolade_maa_pikes" key="mk_bulg_t2_guard_halberd"></MenAtArm>
		<MenAtArm type="accolade_maa_skirmishers" key="mk_rum_t2_axemen"></MenAtArm>
		<MenAtArm type="accolade_maa_vanguard" key="mk_rum_t3_kapikulu_heavy_infantry"></MenAtArm>
		<MenAtArm type="accolade_maa_crossbowmen" key="mk_merc_gen_t2_genoese_crossbowmen"></MenAtArm>
	</Faction>

	<Faction title_key="k_papal_state" name= "Papal States">
		<General key="mk_pap_t2_bodyguard"></General>
		<Knights key="mk_pap_t2_knights"></Knights>
		
		<MenAtArm type="light_footmen" key="mk_pap_t2_light_swordsmen"></MenAtArm>
		<MenAtArm type="armored_footmen" key="mk_pap_t2_foot_knights"></MenAtArm>
		<MenAtArm type="pikemen_unit" key="mk_pap_t2_spearmen"></MenAtArm>
		<MenAtArm type="bowmen" key="mk_pap_t2_archers"></MenAtArm>
		<MenAtArm type="crossbowmen" key="mk_pap_t2_crossbowmen"></MenAtArm>
		<MenAtArm type="light_horsemen" key="mk_pap_t2_mounted_serjeants"></MenAtArm>
		<MenAtArm type="armored_horsemen" key="mk_ita_t2_knights"></MenAtArm>
		<MenAtArm type="house_guard" key="mk_mio_t2_hospitaller_knights_dismounted"></MenAtArm>
		<MenAtArm type="teutonic_knights" key="mk_mio_t2_templar_knights_dismounted"></MenAtArm>

		<MenAtArm type="picchieri" key="mk_pap_t2_pikemen"></MenAtArm>
		
		<MenAtArm type="accolade_maa_archers" key="mk_fla_t2_guild_bowmen"></MenAtArm>
		<MenAtArm type="accolade_maa_lancers" key="mk_mio_t2_hospitaller_knights"></MenAtArm>
		<MenAtArm type="accolade_maa_outriders" key="mk_pap_t2_merc_comp"></MenAtArm>
		<MenAtArm type="accolade_maa_pikes" key="mk_pap_t2_papal_sergeants"></MenAtArm>
		<MenAtArm type="accolade_maa_skirmishers" key="mk_merc_ara_t2_catalan_company"></MenAtArm>
		<MenAtArm type="accolade_maa_vanguard" key="mk_pap_t2_merc_comp_inf"></MenAtArm>
		<MenAtArm type="accolade_maa_crossbowmen" key="mk_fla_t2_guild_crossbowmen"></MenAtArm>
	</Faction>	

	<Faction title_key="k_venice" name= "Venice">
		<General key="mk_ven_t2_doge_bodyguard"></General>
		<Knights key="mk_ven_t2_general_bodyguard"></Knights>
		
		<MenAtArm type="light_footmen" key="mk_ven_t2_militia_swordsmen"></MenAtArm>
		<MenAtArm type="armored_footmen" key="mk_ven_t2_heavy_infantry"></MenAtArm>
		<MenAtArm type="pikemen_unit" key="mk_ven_t2_spearmen"></MenAtArm>
		<MenAtArm type="bowmen" key="mk_ven_t2_archers"></MenAtArm>
		<MenAtArm type="crossbowmen" key="mk_ven_t2_crossbowmen"></MenAtArm>
		<MenAtArm type="light_horsemen" key="mk_ven_t2_mounted_zaffones"></MenAtArm>
		<MenAtArm type="armored_horsemen" key="mk_ven_t2_knight"></MenAtArm>
		<MenAtArm type="house_guard" key="mk_ven_t2_excusati_guard"></MenAtArm>
		<MenAtArm type="teutonic_knights" key="mk_mio_t2_hospitaller_knights_dismounted"></MenAtArm>

		<MenAtArm type="picchieri" key="mk_ven_t2_pikemen"></MenAtArm>
		
		<MenAtArm type="accolade_maa_archers" key="mk_lat_t2_albanioi_toxotes"></MenAtArm>
		<MenAtArm type="accolade_maa_lancers" key="mk_merc_ita_t2_condottieri"></MenAtArm>
		<MenAtArm type="accolade_maa_outriders" key="mk_ven_t2_mounted_serjeants"></MenAtArm>
		<MenAtArm type="accolade_maa_pikes" key="mk_ven_t2_excusati_guard"></MenAtArm>
		<MenAtArm type="accolade_maa_skirmishers" key="mk_aor_croat_t2_vlach_hooked_spearmen"></MenAtArm>
		<MenAtArm type="accolade_maa_vanguard" key="mk_ven_t2_foot_knight"></MenAtArm>
		<MenAtArm type="accolade_maa_crossbowmen" key="mk_merc_gen_t2_genoese_crossbowmen"></MenAtArm>
	</Faction>	
	
	<Faction title_key="k_genoa " name= "Genoa">
		<General key="mk_gen_t2_bodyguard"></General>
		<Knights key="mk_gen_t2_knights"></Knights>
		
		<MenAtArm type="light_footmen" key="mk_gen_t2_militia_swordsmen"></MenAtArm>
		<MenAtArm type="armored_footmen" key="mk_gen_t2_foot_knights"></MenAtArm>
		<MenAtArm type="pikemen_unit" key="mk_gen_t2_spearmen"></MenAtArm>
		<MenAtArm type="bowmen" key="mk_gen_t2_archers"></MenAtArm>
		<MenAtArm type="crossbowmen" key="mk_gen_t2_crossbowmen"></MenAtArm>
		<MenAtArm type="light_horsemen" key="mk_gen_t2_mounted_serjeants"></MenAtArm>
		<MenAtArm type="armored_horsemen" key="mk_ita_t2_knights"></MenAtArm>
		<MenAtArm type="house_guard" key="mk_gen_t2_ducal_guard"></MenAtArm>
		<MenAtArm type="teutonic_knights" key="mk_mio_t2_templar_knights_dismounted"></MenAtArm>

		<MenAtArm type="picchieri" key="mk_gen_t2_pikemen"></MenAtArm>
		
		<MenAtArm type="accolade_maa_archers" key="mk_merc_gen_t2_genoese_crossbowmen"></MenAtArm>
		<MenAtArm type="accolade_maa_lancers" key="mk_gen_t2_knights"></MenAtArm>
		<MenAtArm type="accolade_maa_outriders" key="mk_gen_t2_mounted_serjeants"></MenAtArm>
		<MenAtArm type="accolade_maa_pikes" key="mk_gen_t2_ronconieri"></MenAtArm>
		<MenAtArm type="accolade_maa_skirmishers" key="mk_merc_ara_t2_catalan_company"></MenAtArm>
		<MenAtArm type="accolade_maa_vanguard" key="mk_gen_t2_foot_knights"></MenAtArm>
		<MenAtArm type="accolade_maa_crossbowmen" key="mk_merc_gen_t2_genoese_crossbowmen"></MenAtArm>
	</Faction>	
	
	<Faction title_key="k_pisa " name= "Pisa">
		<General key="mk_pis_t2_bodyguard"></General>
		<Knights key="mk_pis_t2_knights"></Knights>
		
		<MenAtArm type="light_footmen" key="mk_pis_t2_militia_swordsmen"></MenAtArm>
		<MenAtArm type="armored_footmen" key="mk_pis_t2_foot_knights"></MenAtArm>
		<MenAtArm type="pikemen_unit" key="mk_pis_t2_spearmen"></MenAtArm>
		<MenAtArm type="bowmen" key="mk_pis_t2_archers"></MenAtArm>
		<MenAtArm type="crossbowmen" key="mk_pis_t2_crossbowmen"></MenAtArm>
		<MenAtArm type="light_horsemen" key="mk_pis_t2_mounted_serjeants"></MenAtArm>
		<MenAtArm type="armored_horsemen" key="mk_ita_t2_knights"></MenAtArm>
		<MenAtArm type="house_guard" key="mk_ita_t2_knights_dismounted"></MenAtArm>
		<MenAtArm type="teutonic_knights" key="mk_mio_t2_hospitaller_knights_dismounted"></MenAtArm>

		<MenAtArm type="picchieri" key="mk_pis_t2_pikemen"></MenAtArm>
		
		<MenAtArm type="accolade_maa_archers" key="mk_fla_t2_guild_bowmen"></MenAtArm>
		<MenAtArm type="accolade_maa_lancers" key="mk_pis_t2_knights"></MenAtArm>
		<MenAtArm type="accolade_maa_outriders" key="mk_pis_t2_mounted_serjeants"></MenAtArm>
		<MenAtArm type="accolade_maa_pikes" key="mk_pis_t2_ronconieri"></MenAtArm>
		<MenAtArm type="accolade_maa_skirmishers" key="mk_merc_ara_t2_catalan_company"></MenAtArm>
		<MenAtArm type="accolade_maa_vanguard" key="mk_ita_t2_knights"></MenAtArm>
		<MenAtArm type="accolade_maa_crossbowmen" key="mk_pis_t2_mounted_crossbowmen"></MenAtArm>
	</Faction>	
	
	<Faction title_key="k_naples " name= "Kingdom of Naples">
		<General key="mk_nap_t2_king"></General>
		<Knights key="mk_nap_t2_bodyguard"></Knights>
		
		<MenAtArm type="light_footmen" key="mk_nap_t2_sword_militia"></MenAtArm>
		<MenAtArm type="armored_footmen" key="mk_nap_t2_concergius_guards"></MenAtArm>
		<MenAtArm type="pikemen_unit" key="mk_nap_t2_spearmen"></MenAtArm>
		<MenAtArm type="bowmen" key="mk_nap_t2_archers"></MenAtArm>
		<MenAtArm type="crossbowmen" key="mk_nap_t2_crossbowmen"></MenAtArm>
		<MenAtArm type="light_horsemen" key="mk_nap_t2_concergius_horsemen"></MenAtArm>
		<MenAtArm type="armored_horsemen" key="mk_ita_t2_knights"></MenAtArm>
		<MenAtArm type="house_guard" key="mk_fre_t2_chevaliers_dismounted"></MenAtArm>
		<MenAtArm type="teutonic_knights" key="mk_mio_t2_hospitaller_knights_dismounted"></MenAtArm>

		<MenAtArm type="picchieri" key="mk_fre_t2_piquichins"></MenAtArm>
		
		<MenAtArm type="accolade_maa_archers" key="mk_merc_eng_t2_longbowmen"></MenAtArm>
		<MenAtArm type="accolade_maa_lancers" key="mk_fre_t2_banneret_chevaliers_mounted"></MenAtArm>
		<MenAtArm type="accolade_maa_outriders" key="mk_fre_t2_cliens"></MenAtArm>
		<MenAtArm type="accolade_maa_pikes" key="mk_fre_t2_voulgiers"></MenAtArm>
		<MenAtArm type="accolade_maa_skirmishers" key="mk_merc_ara_t2_catalan_company"></MenAtArm>
		<MenAtArm type="accolade_maa_vanguard" key="mk_ita_t2_knights_dismounted"></MenAtArm>
		<MenAtArm type="accolade_maa_crossbowmen" key="mk_merc_gen_t2_genoese_crossbowmen"></MenAtArm>
	</Faction>	
	
	<Faction title_key="k_switzerland " name= "Switzerland">
		<General key="mk_swi_t2_schultheiss_luzern"></General>
		<Knights key="mk_swi_t2_feldhauptmann"></Knights>
		
		<MenAtArm type="light_footmen" key="mk_swi_t2_eidgenossen_axemen"></MenAtArm>
		<MenAtArm type="armored_footmen" key="mk_swi_t2_dismounted_konstafler"></MenAtArm>
		<MenAtArm type="pikemen_unit" key="mk_swi_t2_eidgenossen_halberdiers"></MenAtArm>
		<MenAtArm type="bowmen" key="mk_swi_t2_landsturm_bowmen"></MenAtArm>
		<MenAtArm type="crossbowmen" key="mk_swi_t2_eidgenossen_crossbowmen"></MenAtArm>
		<MenAtArm type="light_horsemen" key="mk_aus_t2_speerknappen"></MenAtArm>
		<MenAtArm type="armored_horsemen" key="mk_swi_t2_konstafler"></MenAtArm>
		<MenAtArm type="house_guard" key="mk_aus_t2_foot_glevener"></MenAtArm>
		<MenAtArm type="teutonic_knights" key="mk_mio_t2_templar_knights_dismounted"></MenAtArm>

		<MenAtArm type="picchieri" key="mk_swi_t2_auszug_halberdiers"></MenAtArm>
		
		<MenAtArm type="accolade_maa_archers" key="mk_aus_t2_bogenschutzen"></MenAtArm>
		<MenAtArm type="accolade_maa_lancers" key="mk_aus_t2_banneret_glevener"></MenAtArm>
		<MenAtArm type="accolade_maa_outriders" key="mk_aus_t2_konstafler"></MenAtArm>
		<MenAtArm type="accolade_maa_pikes" key="mk_swi_t2_auszug_halberdiers"></MenAtArm>
		<MenAtArm type="accolade_maa_skirmishers" key="mk_hre_t2_burgerwehr_streitaxte"></MenAtArm>
		<MenAtArm type="accolade_maa_vanguard" key="mk_aus_t2_foot_glevener"></MenAtArm>
		<MenAtArm type="accolade_maa_crossbowmen" key="mk_aus_t2_soldner_armbrustschutzen"></MenAtArm>
	</Faction>	

	<Faction title_key="k_romagna " name= "Romagna">
		<General key="mk_flo_t2_bodyguard"></General>
		<Knights key="mk_pis_t2_knights"></Knights>
		
		<MenAtArm type="light_footmen" key="mk_flo_t2_light_swordsmen"></MenAtArm>
		<MenAtArm type="armored_footmen" key="mk_ita_t2_knights_dismounted"></MenAtArm>
		<MenAtArm type="pikemen_unit" key="mk_flo_t2_spearmen"></MenAtArm>
		<MenAtArm type="bowmen" key="mk_flo_t2_archers"></MenAtArm>
		<MenAtArm type="crossbowmen" key="mk_flo_t2_crossbowmen"></MenAtArm>
		<MenAtArm type="light_horsemen" key="mk_flo_t2_mounted_serjeants"></MenAtArm>
		<MenAtArm type="armored_horsemen" key="mk_ita_t2_knights"></MenAtArm>
		<MenAtArm type="house_guard" key="mk_nap_t2_concergius_guards"></MenAtArm>
		<MenAtArm type="teutonic_knights" key="mk_mio_t2_hospitaller_knights_dismounted"></MenAtArm>

		<MenAtArm type="picchieri" key="mk_pis_t2_pikemen"></MenAtArm>
		
		<MenAtArm type="accolade_maa_archers" key="mk_fla_t2_guild_bowmen"></MenAtArm>
		<MenAtArm type="accolade_maa_lancers" key="mk_merc_ita_t2_condottieri"></MenAtArm>
		<MenAtArm type="accolade_maa_outriders" key="mk_merc_ita_t2_berrovieri"></MenAtArm>
		<MenAtArm type="accolade_maa_pikes" key="mk_merc_ita_t2_ronconieri"></MenAtArm>
		<MenAtArm type="accolade_maa_skirmishers" key="mk_pis_t2_foot_berrovieri"></MenAtArm>
		<MenAtArm type="accolade_maa_vanguard" key="mk_pis_t2_foot_knights"></MenAtArm>
		<MenAtArm type="accolade_maa_crossbowmen" key="mk_merc_gen_t2_genoese_crossbowmen"></MenAtArm>
	</Faction>	
	
	<Faction title_key="k_saxony " name= "Saxony">
		<General key="mk_ger_t2_sax_general_bodyguard"></General>
		<Knights key="mk_ger_t2_sax_knights"></Knights>
		
		<MenAtArm type="light_footmen" key="mk_hre_t2_landsturm"></MenAtArm>
		<MenAtArm type="armored_footmen" key="mk_ger_t2_sax_knight_dismounted"></MenAtArm>
		<MenAtArm type="pikemen_unit" key="mk_hre_t2_fussknecht"></MenAtArm>
		<MenAtArm type="bowmen" key="mk_hre_t2_bogenschutzen"></MenAtArm>
		<MenAtArm type="crossbowmen" key="mk_hre_t2_armbrustschutzen"></MenAtArm>
		<MenAtArm type="light_horsemen" key="mk_han_t2_hanse_lance"></MenAtArm>
		<MenAtArm type="armored_horsemen" key="mk_hre_t2_glevener"></MenAtArm>
		<MenAtArm type="house_guard" key="mk_tri_t2_dismounted_elector_guard"></MenAtArm>
		<MenAtArm type="teutonic_knights" key="mk_teu_t2_halbbruder_heavy_axemen"></MenAtArm>

		<MenAtArm type="accolade_maa_archers" key="mk_hre_t2_bogenschutzen"></MenAtArm>
		<MenAtArm type="accolade_maa_lancers" key="mk_ger_t2_banneret_sax_knights"></MenAtArm>
		<MenAtArm type="accolade_maa_outriders" key="mk_hre_t2_konstafler"></MenAtArm>
		<MenAtArm type="accolade_maa_pikes" key="mk_hre_t2_fussknecht"></MenAtArm>
		<MenAtArm type="accolade_maa_skirmishers" key="mk_brab_t2_goedendag_militia"></MenAtArm>
		<MenAtArm type="accolade_maa_vanguard" key="mk_hre_t2_foot_glevener"></MenAtArm>
		<MenAtArm type="accolade_maa_crossbowmen" key="mk_hre_t2_auszug_armbrustschutzen"></MenAtArm>
	</Faction>	
	
	<Faction title_key="k_bavaria" name= "Bavaria">
		<General key="mk_ger_t2_bav_duke_bodyguard"></General>
		<Knights key="mk_ger_t2_bav_knights"></Knights>
		
		<MenAtArm type="light_footmen" key="mk_hre_t2_burgerwehr_streitaxte"></MenAtArm>
		<MenAtArm type="armored_footmen" key="mk_aus_t2_foot_glevener"></MenAtArm>
		<MenAtArm type="pikemen_unit" key="mk_hre_t2_fussknecht"></MenAtArm>
		<MenAtArm type="bowmen" key="mk_aus_t2_bogenschutzen"></MenAtArm>
		<MenAtArm type="crossbowmen" key="mk_hre_t2_armbrustschutzen"></MenAtArm>
		<MenAtArm type="light_horsemen" key="mk_hre_t2_renner"></MenAtArm>
		<MenAtArm type="armored_horsemen" key="mk_aus_t2_konstafler"></MenAtArm>
		<MenAtArm type="house_guard" key="mk_tri_t2_dismounted_elector_guard"></MenAtArm>
		<MenAtArm type="teutonic_knights" key="mk_teu_t2_halbbruder_heavy_axemen"></MenAtArm>

		<MenAtArm type="accolade_maa_archers" key="mk_aus_t2_bogenschutzen"></MenAtArm>
		<MenAtArm type="accolade_maa_lancers" key="mk_ger_t2_banneret_bav_knights"></MenAtArm>
		<MenAtArm type="accolade_maa_outriders" key="mk_aus_t2_speerknappen"></MenAtArm>
		<MenAtArm type="accolade_maa_pikes" key="mk_hre_t2_fussknecht"></MenAtArm>
		<MenAtArm type="accolade_maa_skirmishers" key="mk_brab_t2_goedendag_militia"></MenAtArm>
		<MenAtArm type="accolade_maa_vanguard" key="mk_hre_t2_foot_glevener"></MenAtArm>
		<MenAtArm type="accolade_maa_crossbowmen" key="mk_aus_t2_armbrustschutzen"></MenAtArm>
	</Faction>
	
	<Faction title_key="k_austria" name= "Austria">
		<General key="mk_aus_t2_general_bodyguard"></General>
		<Knights key="mk_aus_t2_glevener"></Knights>
		
		<MenAtArm type="light_footmen" key="mk_aus_t2_landsturm"></MenAtArm>
		<MenAtArm type="armored_footmen" key="mk_aus_t2_knight_dismounted"></MenAtArm>
		<MenAtArm type="pikemen_unit" key="mk_aus_t2_fussknechte"></MenAtArm>
		<MenAtArm type="bowmen" key="mk_aus_t2_bogenschutzen"></MenAtArm>
		<MenAtArm type="crossbowmen" key="mk_aus_t2_armbrustschutzen"></MenAtArm>
		<MenAtArm type="light_horsemen" key="mk_aus_t2_renner"></MenAtArm>
		<MenAtArm type="armored_horsemen" key="mk_aus_t2_speerknappen"></MenAtArm>
		<MenAtArm type="house_guard" key="mk_aus_t2_foot_glevener"></MenAtArm>
		<MenAtArm type="teutonic_knights" key="mk_mio_t2_templar_knights_dismounted"></MenAtArm>

		<MenAtArm type="accolade_maa_archers" key="mk_hun_t2_szekely_archers"></MenAtArm>
		<MenAtArm type="accolade_maa_lancers" key="mk_aus_t2_banneret_glevener"></MenAtArm>
		<MenAtArm type="accolade_maa_outriders" key="mk_aus_t2_konstafler"></MenAtArm>
		<MenAtArm type="accolade_maa_pikes" key="mk_aus_t2_fussknecht_spearmen"></MenAtArm>
		<MenAtArm type="accolade_maa_skirmishers" key="mk_hre_t2_burgerwehr_streitaxte"></MenAtArm>
		<MenAtArm type="accolade_maa_vanguard" key="mk_aus_t2_foot_glevener"></MenAtArm>
		<MenAtArm type="accolade_maa_crossbowmen" key="mk_aus_t2_soldner_armbrustschutzen"></MenAtArm>	
	</Faction>
	
	<Faction title_key="k_burgundy" name= "Burgundy">
		<General key="mk_bur_t2_duke_bodyguard"></General>
		<Knights key="mk_bur_t2_ducal_mounted_guards"></Knights>
		
		<MenAtArm type="light_footmen" key="mk_fre_t2_ribauds"></MenAtArm>
		<MenAtArm type="armored_footmen" key="mk_bur_t2_ducal_heavy_foot_guards"></MenAtArm>
		<MenAtArm type="pikemen_unit" key="mk_bur_t2_voulgiers"></MenAtArm>
		<MenAtArm type="bowmen" key="mk_bur_t2_levy_archers"></MenAtArm>
		<MenAtArm type="crossbowmen" key="mk_bur_t2_pavise_crossbowmen"></MenAtArm>
		<MenAtArm type="light_horsemen" key="mk_bur_t2_mounted_serjeants"></MenAtArm>
		<MenAtArm type="armored_horsemen" key="mk_bur_t2_chevaliers"></MenAtArm>
		<MenAtArm type="house_guard" key="mk_bur_t2_dismounted_chevaliers"></MenAtArm>
		<MenAtArm type="teutonic_knights" key="mk_mio_t2_templar_knights_dismounted"></MenAtArm>

		<MenAtArm type="accolade_maa_archers" key="mk_tou_t2_archers"></MenAtArm>
		<MenAtArm type="accolade_maa_lancers" key="mk_bur_t2_banneret_chevaliers"></MenAtArm>
		<MenAtArm type="accolade_maa_outriders" key="mk_fre_t2_cliens"></MenAtArm>
		<MenAtArm type="accolade_maa_pikes" key="mk_bur_t2_pavise_spearmen"></MenAtArm>
		<MenAtArm type="accolade_maa_skirmishers" key="mk_merc_ara_t2_catalan_company"></MenAtArm>
		<MenAtArm type="accolade_maa_vanguard" key="mk_bur_t2_dismounted_chevaliers"></MenAtArm>
		<MenAtArm type="accolade_maa_crossbowmen" key="mk_bur_t2_mounted_crossbowmen"></MenAtArm>	
	</Faction>
	
	<Faction title_key="k_east_francia" name= "Germany">
		<General key="mk_hre_t2_kaiser_und_gefolge"></General>
		<Knights key="mk_hre_t2_reichshauptmann_und_gefolge"></Knights>
		
		<MenAtArm type="light_footmen" key="mk_hre_t2_burgerwehr_streitaxte"></MenAtArm>
		<MenAtArm type="armored_footmen" key="mk_hre_t2_foot_glevener"></MenAtArm>
		<MenAtArm type="pikemen_unit" key="mk_hre_t2_fussknecht_spiesser"></MenAtArm>
		<MenAtArm type="bowmen" key="mk_hre_t2_bogenschutzen"></MenAtArm>
		<MenAtArm type="crossbowmen" key="mk_hre_t2_auszug_armbrustschutzen"></MenAtArm>
		<MenAtArm type="light_horsemen" key="mk_hre_t2_konstafler"></MenAtArm>
		<MenAtArm type="armored_horsemen" key="mk_hre_t2_reichsvorstreit"></MenAtArm>
		<MenAtArm type="house_guard" key="mk_tri_t2_dismounted_elector_guard"></MenAtArm>
		<MenAtArm type="teutonic_knights" key="mk_teu_t2_halbbruder_heavy_axemen"></MenAtArm>

		<MenAtArm type="accolade_maa_archers" key="mk_fla_t2_guild_bowmen"></MenAtArm>
		<MenAtArm type="accolade_maa_lancers" key="mk_ger_t2_banneret_knights"></MenAtArm>
		<MenAtArm type="accolade_maa_outriders" key="mk_mio_t2_teu_halbbruder"></MenAtArm>
		<MenAtArm type="accolade_maa_pikes" key="mk_hre_t2_fussknecht"></MenAtArm>
		<MenAtArm type="accolade_maa_skirmishers" key="mk_brab_t2_goedendag_militia"></MenAtArm>
		<MenAtArm type="accolade_maa_vanguard" key="mk_teu_t2_halbbruder_heavy_axemen"></MenAtArm>
		<MenAtArm type="accolade_maa_crossbowmen" key="mk_hre_t2_reisige_armbrustschutzen"></MenAtArm>
	</Faction>
	
	<Faction title_key="k_hungary" name= "Hungary">
		<General key="mk_hun_t2_king_bodyguard"></General>
		<Knights key="mk_hun_t2_general_bodyguard"></Knights>
		
		<MenAtArm type="light_footmen" key="mk_hun_t2_saxon_militia_halberdiers"></MenAtArm>
		<MenAtArm type="armored_footmen" key="mk_merc_eur_t2_dismounted_MAA"></MenAtArm>
		<MenAtArm type="pikemen_unit" key="mk_hun_t2_pavise_spearmen"></MenAtArm>
		<MenAtArm type="bowmen" key="mk_hun_t2_archers"></MenAtArm>
		<MenAtArm type="crossbowmen" key="mk_hun_t2_crossbowmen"></MenAtArm>
		<MenAtArm type="light_horsemen" key="mk_hun_t2_light_lancer"></MenAtArm>
		<MenAtArm type="armored_horsemen" key="mk_hun_t2_knight"></MenAtArm>
		<MenAtArm type="house_guard" key="mk_aus_t2_foot_glevener"></MenAtArm>
		<MenAtArm type="teutonic_knights" key="mk_mio_t2_templar_knights_dismounted"></MenAtArm>

		<MenAtArm type="horse_archers" key="mk_cuman_t2_light_HA"></MenAtArm>
		<MenAtArm type="accolade_maa_horse_archers" key="mk_hun_t2_mounted_crossbowmen"></MenAtArm>
		<MenAtArm type="hussar" key="mk_hun_t2_szekely_HA"></MenAtArm>

		<MenAtArm type="accolade_maa_archers" key="mk_hun_t2_szekely_archers"></MenAtArm>
		<MenAtArm type="accolade_maa_lancers" key="mk_hun_t2_banneret_knight"></MenAtArm>
		<MenAtArm type="accolade_maa_outriders" key="mk_cuman_t2_light_lancers"></MenAtArm>
		<MenAtArm type="accolade_maa_pikes" key="mk_hre_t2_fussknecht"></MenAtArm>
		<MenAtArm type="accolade_maa_skirmishers" key="mk_merc_vlach_t2_skirmishers"></MenAtArm>
		<MenAtArm type="accolade_maa_vanguard" key="mk_aus_t2_foot_glevener"></MenAtArm>
		<MenAtArm type="accolade_maa_crossbowmen" key="mk_hun_t2_pavise_crossbowmen"></MenAtArm>
	</Faction>

	<Faction title_key="k_england" name= "England">
		<General key="mk_eng_t2_king_bodyguard"></General>
		<Knights key="mk_eng_t2_general_bodyguard"></Knights>
		
		<MenAtArm type="light_footmen" key="mk_eng_t2_welsh_spearmen"></MenAtArm>
		<MenAtArm type="armored_footmen" key="mk_eng_t2_foot_knights"></MenAtArm>
		<MenAtArm type="pikemen_unit" key="mk_eng_t2_billmen"></MenAtArm>
		<MenAtArm type="bowmen" key="mk_eng_t2_welsh_longbowmen"></MenAtArm>
		<MenAtArm type="crossbowmen" key="mk_tri_t2_trier_crossbowmen"></MenAtArm>
		<MenAtArm type="light_horsemen" key="mk_eng_t2_mounted_serjeants"></MenAtArm>
		<MenAtArm type="armored_horsemen" key="mk_eng_t2_knights"></MenAtArm>
		<MenAtArm type="house_guard" key="mk_eng_t2_foot_bodyguard"></MenAtArm>
		<MenAtArm type="teutonic_knights" key="mk_mio_t2_templar_knights_dismounted"></MenAtArm>	

		<MenAtArm type="longbowmen" key="mk_eng_t2_retinue_longbowmen"></MenAtArm>
		<MenAtArm type="hobelar" key="mk_eng_t2_hobilars"></MenAtArm>
		
		<MenAtArm type="accolade_maa_archers" key="earl_eng_t2_retinue_longbowmen_mounted"></MenAtArm>
		<MenAtArm type="accolade_maa_lancers" key="mk_eng_t2_banneret_knights"></MenAtArm>
		<MenAtArm type="accolade_maa_outriders" key="earl_eng_t2_longbowmen_mounted"></MenAtArm>
		<MenAtArm type="accolade_maa_pikes" key="mk_eng_t2_heavy_billmen"></MenAtArm>
		<MenAtArm type="accolade_maa_skirmishers" key="mk_wel_t2_ysbeilwyr"></MenAtArm>
		<MenAtArm type="accolade_maa_vanguard" key="mk_eng_t2_foot_knights"></MenAtArm>
		<MenAtArm type="accolade_maa_crossbowmen" key="mk_han_t2_hanse_crossbowmen"></MenAtArm>	
	</Faction>
	
	<Faction title_key="k_scotland" name= "Scotland">
		<General key="mk_fla_t2_countguard"></General>
		<Knights key="mk_fla_t2_burgomasters"></Knights>
		
		<MenAtArm type="light_footmen" key="mk_fla_t2_swordsmen"></MenAtArm>
		<MenAtArm type="armored_footmen" key="mk_fla_t2_dismounted_maa"></MenAtArm>
		<MenAtArm type="pikemen_unit" key="mk_lor_t2_pikes"></MenAtArm>
		<MenAtArm type="bowmen" key="mk_merc_wel_t2_longbowmen"></MenAtArm>
		<MenAtArm type="crossbowmen" key="mk_fla_t2_sergeant_crossbowmen"></MenAtArm>
		<MenAtArm type="light_horsemen" key="mk_fla_t2_mounted_sergeants"></MenAtArm>
		<MenAtArm type="armored_horsemen" key="mk_fla_t2_maa"></MenAtArm>
		<MenAtArm type="house_guard" key="mk_mio_t2_hospitaller_knights_dismounted"></MenAtArm>
		<MenAtArm type="teutonic_knights" key="mk_mio_t2_templar_knights_dismounted"></MenAtArm>

		<MenAtArm type="hobelar" key="mk_lor_t2_horsemen"></MenAtArm>
		
		<MenAtArm type="accolade_maa_archers" key="mk_wel_t2_teulu_saethwyr"></MenAtArm>
		<MenAtArm type="accolade_maa_lancers" key="mk_fla_t2_banneret_knights"></MenAtArm>
		<MenAtArm type="accolade_maa_outriders" key="mk_merc_eng_t2_reivers"></MenAtArm>
		<MenAtArm type="accolade_maa_pikes" key="mk_fla_t2_sergeant_spearmen"></MenAtArm>
		<MenAtArm type="accolade_maa_skirmishers" key="mk_wel_t2_ysbeilwyr"></MenAtArm>
		<MenAtArm type="accolade_maa_vanguard" key="mk_wel_t2_dismounted_marchog"></MenAtArm>
		<MenAtArm type="accolade_maa_crossbowmen" key="mk_merc_gen_t2_genoese_crossbowmen"></MenAtArm>
	</Faction>

	<Faction title_key="k_bohemia" name= "Bohemia">
		<General key="mk_boh_t2_king_bodyguard"></General>
		<Knights key="mk_boh_t2_general_bodyguard_moravia"></Knights>
		
		<MenAtArm type="light_footmen" key="mk_hre_t2_burgerwehr_streitaxte"></MenAtArm>
		<MenAtArm type="armored_footmen" key="mk_hre_t2_foot_glevener"></MenAtArm>
		<MenAtArm type="pikemen_unit" key="mk_boh_t2_pavise_spearmen"></MenAtArm>
		<MenAtArm type="bowmen" key="mk_boh_t2_archers"></MenAtArm>
		<MenAtArm type="crossbowmen" key="mk_boh_t2_crossbowmen"></MenAtArm>
		<MenAtArm type="light_horsemen" key="mk_boh_t2_mounted_sergeants"></MenAtArm>
		<MenAtArm type="armored_horsemen" key="mk_boh_t2_knights"></MenAtArm>
		<MenAtArm type="house_guard" key="mk_tri_t2_dismounted_elector_guard"></MenAtArm>
		<MenAtArm type="teutonic_knights" key="mk_teu_t2_halbbruder_heavy_axemen"></MenAtArm>

		<MenAtArm type="hussar" key="mk_hre_t2_speerknappen"></MenAtArm>
		
		<MenAtArm type="accolade_maa_archers" key="mk_hre_t2_bogenschutzen"></MenAtArm>
		<MenAtArm type="accolade_maa_lancers" key="mk_boh_t2_banneret_knights"></MenAtArm>
		<MenAtArm type="accolade_maa_outriders" key="mk_hre_t2_konstafler"></MenAtArm>
		<MenAtArm type="accolade_maa_pikes" key="mk_boh_t2_halberdiers"></MenAtArm>
		<MenAtArm type="accolade_maa_skirmishers" key="mk_hun_t2_saxon_militia_halberdiers"></MenAtArm>
		<MenAtArm type="accolade_maa_vanguard" key="mk_hre_t1_konstafler_streitaxte"></MenAtArm>
		<MenAtArm type="accolade_maa_crossbowmen" key="mk_merc_gen_t2_genoese_crossbowmen"></MenAtArm>
	</Faction>
	
	<Faction title_key="k_bulgaria" name= "Bulgaria">
		<General key="mk_bulg_t2_tsar_bodyguards"></General>
		<Knights key="mk_bulg_t2_general_bodyguard"></Knights>
		
		<MenAtArm type="light_footmen" key="mk_merc_serb_t2_krajisnici"></MenAtArm>
		<MenAtArm type="armored_footmen" key="mk_bulg_t2_guard_halberd"></MenAtArm>
		<MenAtArm type="pikemen_unit" key="mk_bulg_t2_heavy_spearmen"></MenAtArm>
		<MenAtArm type="bowmen" key="mk_bulg_t2_archers"></MenAtArm>
		<MenAtArm type="crossbowmen" key="mk_bulg_t2_crossbowmen"></MenAtArm>
		<MenAtArm type="light_horsemen" key="mk_bulg_t2_cavalry"></MenAtArm>
		<MenAtArm type="armored_horsemen" key="mk_bulg_t2_heavy_cavalry"></MenAtArm>
		<MenAtArm type="house_guard" key="mk_bulg_t2_heavy_spearmen"></MenAtArm>
		<MenAtArm type="teutonic_knights" key="mk_rus_t2_guard_axemen"></MenAtArm>
	
		<MenAtArm type="hussar" key="mk_bulg_t2_bolyars"></MenAtArm>

		<MenAtArm type="accolade_maa_archers" key="mk_hun_t2_szekely_archers"></MenAtArm>
		<MenAtArm type="accolade_maa_lancers" key="mk_bulg_t2_general_bodyguard"></MenAtArm>
		<MenAtArm type="accolade_maa_outriders" key="mk_cuman_t2_light_lancers"></MenAtArm>
		<MenAtArm type="accolade_maa_pikes" key="mk_bulg_t2_guard_halberd"></MenAtArm>
		<MenAtArm type="accolade_maa_skirmishers" key="mk_merc_serb_t2_krajisnici"></MenAtArm>
		<MenAtArm type="accolade_maa_vanguard" key="mk_bulg_t2_voivods"></MenAtArm>
		<MenAtArm type="accolade_maa_crossbowmen" key="mk_merc_gen_t2_genoese_crossbowmen"></MenAtArm>		
	</Faction>

	<Faction title_key="k_danelaw" name= "Danelaw">
		<General key="mk_dan_t2_king_bodyguard"></General>
		<Knights key="mk_eng_t2_foot_bodyguard"></Knights>
		
		<MenAtArm type="light_footmen" key="mk_dan_t2_axe_bondir"></MenAtArm>
		<MenAtArm type="armored_footmen" key="mk_dan_t2_huskarls"></MenAtArm>
		<MenAtArm type="pikemen_unit" key="mk_dan_t2_landevaern_spearmen"></MenAtArm>
		<MenAtArm type="bowmen" key="mk_eng_t2_welsh_longbowmen"></MenAtArm>
		<MenAtArm type="crossbowmen" key="mk_dan_t2_crossbowmen"></MenAtArm>
		<MenAtArm type="light_horsemen" key="mk_han_t2_hanse_lance"></MenAtArm>
		<MenAtArm type="armored_horsemen" key="mk_eng_t2_knights"></MenAtArm>
		<MenAtArm type="house_guard" key="earl_dan_t2_noble"></MenAtArm>
		<MenAtArm type="teutonic_knights" key="mk_mio_t2_hospitaller_knights_dismounted"></MenAtArm>	

		<MenAtArm type="longbowmen" key="mk_eng_t2_longbowmen"></MenAtArm>
		<MenAtArm type="hobelar" key="mk_eng_t2_hobilars"></MenAtArm>
		<MenAtArm type="huscarl" key="mk_eng_t2_foot_knights"></MenAtArm>
		
		<MenAtArm type="accolade_maa_archers" key="mk_eng_t2_retinue_longbowmen"></MenAtArm>
		<MenAtArm type="accolade_maa_lancers" key="mk_eng_t2_banneret_knights"></MenAtArm>
		<MenAtArm type="accolade_maa_outriders" key="earl_eng_t2_longbowmen_mounted"></MenAtArm>
		<MenAtArm type="accolade_maa_pikes" key="mk_dan_t2_castle_guards"></MenAtArm>
		<MenAtArm type="accolade_maa_skirmishers" key="mk_wel_t2_ysbeilwyr"></MenAtArm>
		<MenAtArm type="accolade_maa_vanguard" key="earl_dan_t2_noble"></MenAtArm>
		<MenAtArm type="accolade_maa_crossbowmen" key="mk_fla_t2_guild_crossbowmen"></MenAtArm>	
	</Faction>

	<Faction title_key="k_daneland" name= "Daneland">
		<General key="mk_dan_t2_king_bodyguard"></General>
		<Knights key="mk_eng_t2_foot_bodyguard"></Knights>
		
		<MenAtArm type="light_footmen" key="mk_dan_t2_axe_bondir"></MenAtArm>
		<MenAtArm type="armored_footmen" key="mk_dan_t2_huskarls"></MenAtArm>
		<MenAtArm type="pikemen_unit" key="mk_dan_t2_landevaern_spearmen"></MenAtArm>
		<MenAtArm type="bowmen" key="mk_eng_t2_welsh_longbowmen"></MenAtArm>
		<MenAtArm type="crossbowmen" key="mk_dan_t2_crossbowmen"></MenAtArm>
		<MenAtArm type="light_horsemen" key="mk_han_t2_hanse_lance"></MenAtArm>
		<MenAtArm type="armored_horsemen" key="mk_eng_t2_knights"></MenAtArm>
		<MenAtArm type="house_guard" key="earl_dan_t2_noble"></MenAtArm>
		<MenAtArm type="teutonic_knights" key="mk_mio_t2_hospitaller_knights_dismounted"></MenAtArm>	

		<MenAtArm type="longbowmen" key="mk_eng_t2_longbowmen"></MenAtArm>
		<MenAtArm type="hobelar" key="mk_eng_t2_hobilars"></MenAtArm>
		<MenAtArm type="huscarl" key="mk_eng_t2_foot_knights"></MenAtArm>
		
		<MenAtArm type="accolade_maa_archers" key="mk_eng_t2_retinue_longbowmen"></MenAtArm>
		<MenAtArm type="accolade_maa_lancers" key="mk_eng_t2_banneret_knights"></MenAtArm>
		<MenAtArm type="accolade_maa_outriders" key="earl_eng_t2_longbowmen_mounted"></MenAtArm>
		<MenAtArm type="accolade_maa_pikes" key="mk_dan_t2_castle_guards"></MenAtArm>
		<MenAtArm type="accolade_maa_skirmishers" key="mk_wel_t2_ysbeilwyr"></MenAtArm>
		<MenAtArm type="accolade_maa_vanguard" key="earl_dan_t2_noble"></MenAtArm>
		<MenAtArm type="accolade_maa_crossbowmen" key="mk_fla_t2_guild_crossbowmen"></MenAtArm>	
	</Faction>
	
	<Faction title_key="k_epirus" name= "Epirus">
		<General key="mk_epi_t2_oikeioi"></General>
		<Knights key="mk_epi_t2_hippovardariotai"></Knights>
		
		<MenAtArm type="light_footmen" key="mk_epi_t2_akontistai"></MenAtArm>
		<MenAtArm type="armored_footmen" key="mk_epi_t2_latinikon_armigeri"></MenAtArm>
		<MenAtArm type="pikemen_unit" key="mk_epi_t2_megaloallagitai_spearmen"></MenAtArm>
		<MenAtArm type="bowmen" key="mk_epi_t2_albanioi_toxotes"></MenAtArm>
		<MenAtArm type="crossbowmen" key="mk_epi_t2_tzangratoroi"></MenAtArm>
		<MenAtArm type="light_horsemen" key="mk_epi_t2_megaloallagitai"></MenAtArm>
		<MenAtArm type="armored_horsemen" key="mk_epi_t2_stratiotes"></MenAtArm>
		<MenAtArm type="house_guard" key="mk_epi_t2_vardariotai"></MenAtArm>
		<MenAtArm type="teutonic_knights" key="mk_epi_t2_englinovarangoi"></MenAtArm>

		<MenAtArm type="horse_archers" key="mk_epi_t2_hippotoxotai"></MenAtArm>
		<MenAtArm type="accolade_maa_horse_archers" key="mk_tre_t2_massagetoi"></MenAtArm>
		
		<MenAtArm type="accolade_maa_archers" key="mk_epi_t2_mourtatoi"></MenAtArm>
		<MenAtArm type="accolade_maa_lancers" key="mk_merc_eur_t2_knights"></MenAtArm>
		<MenAtArm type="accolade_maa_outriders" key="mk_epi_t2_hippoapelatai"></MenAtArm>
		<MenAtArm type="accolade_maa_pikes" key="mk_epi_t2_megaloallagitai_ghantzophoroi"></MenAtArm>
		<MenAtArm type="accolade_maa_skirmishers" key="mk_epi_t2_apelatai"></MenAtArm>
		<MenAtArm type="accolade_maa_vanguard" key="mk_epi_t2_englinovarangoi"></MenAtArm>
		<MenAtArm type="accolade_maa_crossbowmen" key="mk_merc_gen_t2_genoese_crossbowmen"></MenAtArm>	
	</Faction>
	
</Titles>