﻿<?xml version="1.0" encoding="utf-8" ?>
<FactionsGroups>

	<Faction name="Default">
		<MenAtArm type="RICE_pamir_tribesmen" key="mk_ghu_t2_zupin_javelinmen" max="RANGED"></MenAtArm>
		<MenAtArm type="cichiciquitzo" key="mk_gran_t3_ghumara_tribesmen" max="RANGED"></MenAtArm>
		<MenAtArm type="marc_hegion" key="mk_wel_t2_marchog" max="CAVALRY"></MenAtArm>
		<MenAtArm type="RICE_norman_cavalry" key="mk_lat_t2_chevaliers" max="CAVALRY"></MenAtArm>
		<MenAtArm type="tennataerion" key="mk_wel_t2_teulu_saethwyr" max="RANGED"></MenAtArm>
		<MenAtArm type="RICE_siberian_hunters" key="mk_merc_siberia_t2_archers" max="RANGED" ></MenAtArm>
		<MenAtArm type="RICE_swahili_sailors" key="mk_sal_t3_hormuz_pirates" max="INFANTRY"></MenAtArm>
		<MenAtArm type="RICE_velakkara" key="mk_ghu_t2_rajputs" max="INFANTRY"></MenAtArm>
		<MenAtArm type="RICE_bantu_warriors" key="mk_merc_afr_t2_nubian_archers" max="RANGED"></MenAtArm>
		<MenAtArm type="guanche_warrior" key="mk_merc_arab_t2_hillmen" max="RANGED"></MenAtArm>
		<MenAtArm type="RICE_sicily_bowmen" key="mk_ayy_t2_halqa_archers" max="RANGED"></MenAtArm>
		<MenAtArm type="RICE_arimanni" key="mk_croat_T2_communal_noble_infantry" max="RANGED"></MenAtArm>
	</Faction>
	
</FactionsGroups>