﻿<?xml version="1.0" encoding="utf-8" ?>
<FactionsGroups>

	<Faction name="Default">
		<MenAtArm type="byzantine_peltast" key="mk_tre_t3_peltastai" max="RANGED"></MenAtArm>
		<MenAtArm type="byzantine_apelatai" key="mk_epi_t3_apelatai" max="RANGED"></MenAtArm>
		<MenAtArm type="byzantine_toxotai" key="mk_nic_t3_toxotai" max="RANGED"></MenAtArm>
		<MenAtArm type="byzantine_psiloi" key="mk_tre_t3_tourkoupoloi" max="RANGED"></MenAtArm>
		<MenAtArm type="byzantine_akontistai" key="mk_epi_t3_akontistai" max="RANGED"></MenAtArm>
		<MenAtArm type="byzantine_koursores" key="mk_tre_t3_koursores" max="CAVALRY" ></MenAtArm>
		<MenAtArm type="byzantine_trapezitai" key="mk_tre_t3_hippoakritai" max="CAVALRY"></MenAtArm>
		<MenAtArm type="byzantine_hippotoxotai" key="mk_tre_t3_hippotoxotai" max="CAVALRY"></MenAtArm>
		<MenAtArm type="byzantine_skythikon" key="mk_nic_t3_skythikoi" max="CAVALRY"></MenAtArm>
		<MenAtArm type="byzantine_vardariotai" key="mk_nic_t3_massagetoi" max="CAVALRY"></MenAtArm>
		<MenAtArm type="byzantine_menaulatoi" key="mk_nic_t3_menavlatoi" max="INFANTRY"></MenAtArm>
		<MenAtArm type="byzantine_skoutatoi" key="mk_tre_t3_scoutatoi" max="INFANTRY"></MenAtArm>
		<MenAtArm type="byzantine_kontophoros" key="mk_tre_t3_kontaratoi" max="INFANTRY"></MenAtArm>
		<MenAtArm type="byzantine_klibanophoroi" key="mk_nic_t3_hippoparamonai" max="CAVALRY"></MenAtArm>
		<MenAtArm type="byzantine_latinkon" key="mk_nic_t3_kavallarioi" max="CAVALRY"></MenAtArm>
		
		<MenAtArm type="bulgarian_voynik" key="mk_bulg_t3_macemen" max="RANGED"></MenAtArm>		
		<MenAtArm type="bulgarian_ciobani" key="mk_vlach_t3_voynik_archer_spearmen" max="RANGED"></MenAtArm>			
		<MenAtArm type="bulgarian_oklopnitsi" key="mk_bulg_t3_voivods" max="INFANTRY"></MenAtArm>			
		<MenAtArm type="bulgarian_konnik" key="mk_bulg_t3_heavy_cavalry" max="CAVALRY"></MenAtArm>			

		<MenAtArm type="turkish_azabs" key="mk_rum_t3_azab_archers" max="RANGED"></MenAtArm>		
		<MenAtArm type="janissaries_archer" key="mk_rum_t3_yeniceri" max="RANGED"></MenAtArm>	
		<MenAtArm type="janissaries_infantry" key="mk_rum_t3_kapikulu_heavy_infantry" max="INFANTRY"></MenAtArm>	
		<MenAtArm type="islamic_iqtadar" key="mk_rum_t3_cebeli" max="CAVALRY"></MenAtArm>	
		<MenAtArm type="sipahis" key="mk_rum_t3_anatolian_timarli_sipahi" max="CAVALRY"></MenAtArm>	
		<MenAtArm type="islamic_hasham" key="mk_ayy_t3_mamluk_lancers" max="CAVALRY"></MenAtArm>
		<MenAtArm type="sipahi_lancers" key="mk_rum_t3_rumeli_timarli_sipahis" max="CAVALRY"></MenAtArm>
		<MenAtArm type="turkish_qapukulu" key="mk_rum_t3_kapikulu_sipahis" max="CAVALRY"></MenAtArm>
		
		<MenAtArm type="islamic_rijal" key="mk_ayy_t3_mutatawwia" max="RANGED"></MenAtArm>
		<MenAtArm type="islamic_rumat" key="mk_abb_t3_jund_rumat" max="RANGED"></MenAtArm>
		<MenAtArm type="islamic_fursan" key="mk_abb_t3_fursan_ajnad" max="CAVALRY"></MenAtArm>
		<MenAtArm type="barbary_corsairs" key="mk_sal_t3_hormuz_pirates" max="RANGED"></MenAtArm>
		<MenAtArm type="islamic_naffatun" key="mk_abb_t3_naffatun" max="RANGED"></MenAtArm>
		<MenAtArm type="islamic_khasseki_infantry" key="mk_abb_t3_ghazi_tabardariyya" max="RANGED"></MenAtArm>
		<MenAtArm type="abid_alshira" key="mk_mak_t3_nubian_archers" max="RANGED"></MenAtArm>
		<MenAtArm type="islamic_alashair_infantry" key="mk_per_t3_qolloghchi_spearmen" max="INFANTRY"></MenAtArm>
		<MenAtArm type="sibyan_alkhass" key="mk_ayy_t3_mamluk_horse_archers" max="CAVALRY"></MenAtArm>
		<MenAtArm type="ghilman_nubians" key="mk_mak_t3_nubian_quilted_spearmen" max="INFANTRY"></MenAtArm>
		<MenAtArm type="egyptian_tabardariyya" key="mk_ayy_t3_tabardariyya" max="INFANTRY"></MenAtArm>
		<MenAtArm type="mamluk_cavalry" key="mk_ayy_t3_amirs_mamluk" max="CAVALRY"></MenAtArm>
		<MenAtArm type="egyptian_khassaki" key="mk_ayy_t3_khassakiyyah_mamluk" max="CAVALRY"></MenAtArm>
		
		<MenAtArm type="persian_paighan" key="mk_ghu_t3_tajik_levy" max="RANGED"></MenAtArm>
		<MenAtArm type="persian_kamandaran" key="mk_merc_iran_t3_persian_archers" max="RANGED"></MenAtArm>
		<MenAtArm type="persian_neyzedaran" key="mk_khw_t3_piyadegan" max="INFANTRY"></MenAtArm>
		<MenAtArm type="persian_war_elephant" key="mk_ilkhan_t3_war_elephants" max="CAVALRY"></MenAtArm>
		<MenAtArm type="persian_cataphract" key="mk_khw_t2_boynukars" max="CAVALRY"></MenAtArm>
		<MenAtArm type="gondi_shahanshah" key="mk_khw_t3_qolloghchi_pasdaran" max="INFANTRY"></MenAtArm>
		
		<MenAtArm type="shotel_warrior" key="mk_zag_t3_shotelai" max="RANGED"></MenAtArm>
		
		<MenAtArm type="mongol_cataphract" key="mk_mon_t3_ilkhan_heavy_lancers" max="CAVALRY"></MenAtArm>
		
		<MenAtArm type="iberian_raiders" key="mk_merc_ara_t3_almogavar" max="RANGED"></MenAtArm>
		<MenAtArm type="spanish_jinete" key="mk_cas_t3_jinetes" max="CAVALRY"></MenAtArm>
		<MenAtArm type="muslim_jinete" key="mk_gran_t3_andalusian_jinetes" max="CAVALRY"></MenAtArm>
		<MenAtArm type="iberian_coseletes" key="earl_cas_t4_tercios_pikeman" max="INFANTRY"></MenAtArm>
		<MenAtArm type="iberian_picas_secas" key="mk_cas_t3_pikemen" max="INFANTRY"></MenAtArm>
		<MenAtArm type="portugal_crossbowmen" key="mk_por_t3_besteiro_do_conto" max="RANGED"></MenAtArm>
		<MenAtArm type="portugal_aventuros" key="earl_por_t3_aventureiros_pikeman" max="INFANTRY"></MenAtArm>
		
		<MenAtArm type="gaelic_ceathairne" key="mk_wel_t2_rhyfelwyr" max="RANGED"></MenAtArm>
		
		<MenAtArm type="irish_ceithern" key="mk_wel_t2_ysbeilwyr" max="RANGED"></MenAtArm>
		<MenAtArm type="irish_ostmen" key="mk_nor_t2_orkney" max="RANGED"></MenAtArm>
		<MenAtArm type="irish_ridire" key="mk_wel_t3_mounted_sergeants" max="CAVALRY"></MenAtArm>
		<MenAtArm type="irish_cliathairi" key="mk_wel_t3_spearmen" max="INFANTRY"></MenAtArm>
		<MenAtArm type="irish_horseboys" key="mk_wel_t3_hobilar" max="CAVALRY"></MenAtArm>
		<MenAtArm type="irish_muire" key="mk_wel_t3_dismounted_maa" max="INFANTRY"></MenAtArm>
		<MenAtArm type="irish_galloglaigh" key="mk_aor_sco_t1_galloglaich" max="INFANTRY"></MenAtArm>
		
		<MenAtArm type="welsh_helwyr" key="mk_wel_t3_saethwyr" max="RANGED"></MenAtArm>
		<MenAtArm type="welsh_saethwyr" key="mk_wel_t3_teulu_saethwyr" max="RANGED"></MenAtArm>
		<MenAtArm type="welsh_rhyfelwyr" key="mk_wel_t2_rhyfelwyr" max="INFANTRY"></MenAtArm>
		<MenAtArm type="welsh_teulu" key="mk_wel_t3_maa" max="CAVALRY"></MenAtArm>
		
		<MenAtArm type="woodsmen" key="mk_lit_t3_axemen" max="RANGED"></MenAtArm>
		<MenAtArm type="polish_strzelcy" key="mk_pol_t3_mounted_crossbowmen" max="CAVALRY"></MenAtArm>
		
		<MenAtArm type="giltines_chosen" key="mk_lit_t3_ducal_heavy_spearmen" max="INFANTRY"></MenAtArm>
		<MenAtArm type="dzukijan_horsemen" key="mk_lit_t3_retinue_horse_archers" max="CAVALRY"></MenAtArm>
		<MenAtArm type="dievas_guard" key="mk_lit_t3_cossack_cavalry" max="CAVALRY"></MenAtArm>
		<MenAtArm type="lithuanian_bajorija" key="mk_lit_t3_knights" max="CAVALRY"></MenAtArm>
		
		<MenAtArm type="pavise_spearmen" key="mk_hun_t3_pavise_spearmen" max="INFANTRY"></MenAtArm>
		<MenAtArm type="hungarian_hussar" key="mk_hun_t3_huszar" max="CAVALRY"></MenAtArm>
		<MenAtArm type="hungarian_tizlandzsasok" key="mk_hun_t3_blackarmy_lancer" max="CAVALRY"></MenAtArm>
		<MenAtArm type="hungarian_banderium" key="mk_hun_t3_banneret_knight" max="CAVALRY"></MenAtArm>
		
		<MenAtArm type="berdiche_axemen" key="mk_rus_t3_guard_axemen" max="INFANTRY"></MenAtArm>
		<MenAtArm type="druzhina_cavalry" key="mk_rus_t3_boyars" max="CAVALRY"></MenAtArm>
		<MenAtArm type="dvor_cavalry" key="mk_rus_t3_dvor" max="CAVALRY"></MenAtArm>
		<MenAtArm type="cossack_cavalry" key="mk_merc_rus_t3_cossacks" max="CAVALRY"></MenAtArm>
		
		<MenAtArm type="genoese_crossbowmen" key="mk_merc_gen_t3_genoese_crossbowmen" max="RANGED"></MenAtArm>
		<MenAtArm type="milan_famiglia_ducale" key="mk_mil_duke_guard" max="CAVALRY"></MenAtArm>
		<MenAtArm type="lanze_spezzate" key="mk_merc_ita_t3_condottieri" max="CAVALRY"></MenAtArm>
		<MenAtArm type="sicilian_archers" key="mk_alm_t3_maghrebi_rumat" max="RANGED"></MenAtArm>
		
		<MenAtArm type="yeoman_archers" key="earl_eng_t3_longbowmen_mounted" max="RANGED"></MenAtArm>
		<MenAtArm type="sherwood_archers" key="mk_wel_t1_sherwood" max="RANGED"></MenAtArm>
		<MenAtArm type="english_billmen" key="mk_eng_t3_heavy_billmen" max="INFANTRY"></MenAtArm>
		
		<MenAtArm type="french_aventurier" key="mk_fre_t3_arbaletriers" max="RANGED"></MenAtArm>
		<MenAtArm type="french_voulgier" key="mk_fre_t3_halberdiers" max="INFANTRY"></MenAtArm>
		<MenAtArm type="french_caballarii" key="mk_fre_t3_coustiliers" max="CAVALRY"></MenAtArm>
		<MenAtArm type="norman_knights" key="mk_lat_t3_chevaliers" max="CAVALRY"></MenAtArm>
		
		<MenAtArm type="germanic_verlorene_haufe" key="mk_swi_t3_auszug_swordsmen" max="INFANTRY"></MenAtArm>
		
		<MenAtArm type="danish_obudshaer " key="mk_dan_t3_halberdiers" max="INFANTRY"></MenAtArm>
		<MenAtArm type="danish_svenner " key="mk_fla_t3_mounted_sergeants" max="CAVALRY"></MenAtArm>
		
		<MenAtArm type="outremer_turcopoles " key="mk_jer_t3_turcopoles" max="CAVALRY"></MenAtArm>
		<MenAtArm type="outremer_bowmen " key="mk_arm_t3_bourdjes_archers" max="RANGED"></MenAtArm>
		<MenAtArm type="outremer_heavy_cavalry " key="mk_mio_t3_templar_knights" max="CAVALRY"></MenAtArm>
		
		<MenAtArm type="sofa " key="mk_mak_t3_nubian_archers" max="RANGED"></MenAtArm>		
	</Faction>
	
</FactionsGroups>