﻿<?xml version="1.0" encoding="utf-8" ?>
<Titles>
	<!--This is to assign MEN-AT-ARMS units based on title key and not owner culture-->
	<!--Levies do not take part in this!!-->
	
	
	<!--DEFAULT value does not work here, every unit must have a unit key-->
	<!--title_key = key of the landed title-->
	<Faction title_key="c_venezia" name= "Venice County One">
		<General key="mk_ven_t1_doge_bodyguard"></General>
		<Knights key="mk_ven_t1_general_bodyguard"></Knights>
		
		<MenAtArm type="light_footmen" key="mk_ven_t1_foot_zaffones"></MenAtArm>
		<MenAtArm type="armored_footmen" key="mk_ven_t1_foot_knight"></MenAtArm>
		<MenAtArm type="pikemen_unit" key="mk_ven_t1_pikemen"></MenAtArm>
		<MenAtArm type="bowmen" key="mk_ven_t1_archers"></MenAtArm>
		<MenAtArm type="crossbowmen" key="mk_ven_t1_crossbowmen"></MenAtArm>
		<MenAtArm type="light_horsemen" key="mk_ven_t1_mounted_zaffones"></MenAtArm>
		<MenAtArm type="armored_horsemen" key="mk_ven_t1_knight"></MenAtArm>
		<MenAtArm type="house_guard" key="mk_ven_t1_excusati_guard"></MenAtArm>
		<MenAtArm type="teutonic_knights" key="mk_mio_t1_hospitaller_knights_dismounted"></MenAtArm>

		<MenAtArm type="accolade_maa_archers" key="mk_ven_t1_archers"></MenAtArm>
		<MenAtArm type="accolade_maa_lancers" key="mk_ven_t1_knight"></MenAtArm>
		<MenAtArm type="accolade_maa_outriders" key="mk_ven_t1_mounted_serjeants"></MenAtArm>
		<MenAtArm type="accolade_maa_pikes" key="mk_ven_t1_excusati_guard"></MenAtArm>
		<MenAtArm type="accolade_maa_skirmishers" key="mk_croat_T1_javelin_sailors"></MenAtArm>
		<MenAtArm type="accolade_maa_vanguard" key="mk_ven_t1_foot_knight"></MenAtArm>
		<MenAtArm type="accolade_maa_crossbowmen" key="mk_merc_gen_t1_genoese_crossbowmen"></MenAtArm>
	</Faction>

	<Faction title_key="c_veneto" name= "Venice County Two">
		<General key="mk_ven_t1_doge_bodyguard"></General>
		<Knights key="mk_ven_t1_general_bodyguard"></Knights>
		
		<MenAtArm type="light_footmen" key="mk_ven_t1_foot_zaffones"></MenAtArm>
		<MenAtArm type="armored_footmen" key="mk_ven_t1_foot_knight"></MenAtArm>
		<MenAtArm type="pikemen_unit" key="mk_ven_t1_pikemen"></MenAtArm>
		<MenAtArm type="bowmen" key="mk_ven_t1_archers"></MenAtArm>
		<MenAtArm type="crossbowmen" key="mk_ven_t1_crossbowmen"></MenAtArm>
		<MenAtArm type="light_horsemen" key="mk_ven_t1_mounted_zaffones"></MenAtArm>
		<MenAtArm type="armored_horsemen" key="mk_ven_t1_knight"></MenAtArm>
		<MenAtArm type="house_guard" key="mk_ven_t1_excusati_guard"></MenAtArm>
		<MenAtArm type="teutonic_knights" key="mk_mio_t1_hospitaller_knights_dismounted"></MenAtArm>

		<MenAtArm type="accolade_maa_archers" key="mk_ven_t1_archers"></MenAtArm>
		<MenAtArm type="accolade_maa_lancers" key="mk_ven_t1_knight"></MenAtArm>
		<MenAtArm type="accolade_maa_outriders" key="mk_ven_t1_mounted_serjeants"></MenAtArm>
		<MenAtArm type="accolade_maa_pikes" key="mk_ven_t1_excusati_guard"></MenAtArm>
		<MenAtArm type="accolade_maa_skirmishers" key="mk_croat_T1_javelin_sailors"></MenAtArm>
		<MenAtArm type="accolade_maa_vanguard" key="mk_ven_t1_foot_knight"></MenAtArm>
		<MenAtArm type="accolade_maa_crossbowmen" key="mk_merc_gen_t1_genoese_crossbowmen"></MenAtArm>
	</Faction>

	<Faction title_key="c_genoa " name= "Genoa County One">
		<General key="mk_gen_t1_bodyguard"></General>
		<Knights key="mk_gen_t1_knights"></Knights>
		
		<MenAtArm type="light_footmen" key="mk_merc_ara_t1_almogavar"></MenAtArm>
		<MenAtArm type="armored_footmen" key="mk_gen_t1_guelph_maa"></MenAtArm>
		<MenAtArm type="pikemen_unit" key="mk_gen_t1_spearmen"></MenAtArm>
		<MenAtArm type="bowmen" key="mk_gen_t1_archers"></MenAtArm>
		<MenAtArm type="crossbowmen" key="mk_gen_t1_crossbowmen"></MenAtArm>
		<MenAtArm type="light_horsemen" key="mk_gen_t1_light_cav"></MenAtArm>
		<MenAtArm type="armored_horsemen" key="mk_gen_t1_guelph_mounted_maa"></MenAtArm>
		<MenAtArm type="house_guard" key="mk_gen_t1_foot_knights"></MenAtArm>
		<MenAtArm type="teutonic_knights" key="mk_mio_t1_templar_knights_dismounted"></MenAtArm>

		<MenAtArm type="accolade_maa_archers" key="mk_gen_t1_archers"></MenAtArm>
		<MenAtArm type="accolade_maa_lancers" key="mk_merc_ita_t1_condottieri"></MenAtArm>
		<MenAtArm type="accolade_maa_outriders" key="mk_gen_t1_berrovieri"></MenAtArm>
		<MenAtArm type="accolade_maa_pikes" key="mk_sic_t1_ghibelline_spearmen"></MenAtArm>
		<MenAtArm type="accolade_maa_skirmishers" key="mk_sic_t1_italian_jav_militia"></MenAtArm>
		<MenAtArm type="accolade_maa_vanguard" key="mk_nap_t1_guelph_maa"></MenAtArm>
		<MenAtArm type="accolade_maa_crossbowmen" key="mk_merc_gen_t1_genoese_crossbowmen"></MenAtArm>
	</Faction>	

	<Faction title_key="c_luni " name= "Genoa County Two">
		<General key="mk_gen_t1_bodyguard"></General>
		<Knights key="mk_gen_t1_knights"></Knights>
		
		<MenAtArm type="light_footmen" key="mk_merc_ara_t1_almogavar"></MenAtArm>
		<MenAtArm type="armored_footmen" key="mk_gen_t1_guelph_maa"></MenAtArm>
		<MenAtArm type="pikemen_unit" key="mk_gen_t1_spearmen"></MenAtArm>
		<MenAtArm type="bowmen" key="mk_gen_t1_archers"></MenAtArm>
		<MenAtArm type="crossbowmen" key="mk_gen_t1_crossbowmen"></MenAtArm>
		<MenAtArm type="light_horsemen" key="mk_gen_t1_light_cav"></MenAtArm>
		<MenAtArm type="armored_horsemen" key="mk_gen_t1_guelph_mounted_maa"></MenAtArm>
		<MenAtArm type="house_guard" key="mk_gen_t1_foot_knights"></MenAtArm>
		<MenAtArm type="teutonic_knights" key="mk_mio_t1_templar_knights_dismounted"></MenAtArm>

		<MenAtArm type="accolade_maa_archers" key="mk_gen_t1_archers"></MenAtArm>
		<MenAtArm type="accolade_maa_lancers" key="mk_merc_ita_t1_condottieri"></MenAtArm>
		<MenAtArm type="accolade_maa_outriders" key="mk_gen_t1_berrovieri"></MenAtArm>
		<MenAtArm type="accolade_maa_pikes" key="mk_sic_t1_ghibelline_spearmen"></MenAtArm>
		<MenAtArm type="accolade_maa_skirmishers" key="mk_sic_t1_italian_jav_militia"></MenAtArm>
		<MenAtArm type="accolade_maa_vanguard" key="mk_nap_t1_guelph_maa"></MenAtArm>
		<MenAtArm type="accolade_maa_crossbowmen" key="mk_merc_gen_t1_genoese_crossbowmen"></MenAtArm>
	</Faction>
	
	<Faction title_key="c_pisa " name= "Pisa County">
		<General key="mk_pis_t1_bodyguard"></General>
		<Knights key="mk_pis_t1_knights"></Knights>
		
		<MenAtArm type="light_footmen" key="mk_merc_ara_t1_almogavar"></MenAtArm>
		<MenAtArm type="armored_footmen" key="mk_pis_t1_foot_knights"></MenAtArm>
		<MenAtArm type="pikemen_unit" key="mk_pis_t1_ghibelline_spearmen"></MenAtArm>
		<MenAtArm type="bowmen" key="mk_pis_t1_archers"></MenAtArm>
		<MenAtArm type="crossbowmen" key="mk_pis_t1_ghibelline_crossbowmen"></MenAtArm>
		<MenAtArm type="light_horsemen" key="mk_pis_t1_berrovieri"></MenAtArm>
		<MenAtArm type="armored_horsemen" key="mk_merc_ita_t1_condottieri"></MenAtArm>
		<MenAtArm type="house_guard" key="mk_pis_t1_foot_knights"></MenAtArm>
		<MenAtArm type="teutonic_knights" key="mk_mio_t1_templar_knights_dismounted"></MenAtArm>

		<MenAtArm type="accolade_maa_archers" key="mk_pis_t1_archers"></MenAtArm>
		<MenAtArm type="accolade_maa_lancers" key="mk_pis_t1_knights"></MenAtArm>
		<MenAtArm type="accolade_maa_outriders" key="mk_pis_t1_berrovieri"></MenAtArm>
		<MenAtArm type="accolade_maa_pikes" key="mk_pis_t1_ghibelline_spearmen"></MenAtArm>
		<MenAtArm type="accolade_maa_skirmishers" key="mk_merc_ara_t1_almogavar"></MenAtArm>
		<MenAtArm type="accolade_maa_vanguard" key="mk_pis_t1_foot_knights"></MenAtArm>
		<MenAtArm type="accolade_maa_crossbowmen" key="mk_merc_gen_t1_genoese_crossbowmen"></MenAtArm>
	</Faction>

	<Faction title_key="c_brugge " name= "Flanders County One">
		<General key="mk_fla_t1_guyguard"></General>
		<Knights key="mk_fla_t1_burgomasters"></Knights>
		
		<MenAtArm type="light_footmen" key="mk_fla_t1_swordsmen"></MenAtArm>
		<MenAtArm type="armored_footmen" key="mk_fla_t1_guild_swordsmen"></MenAtArm>
		<MenAtArm type="pikemen_unit" key="mk_fla_t1_pikemen"></MenAtArm>
		<MenAtArm type="bowmen" key="mk_merc_eng_t1_longbowmen"></MenAtArm>
		<MenAtArm type="crossbowmen" key="mk_fla_t1_crossbowmen"></MenAtArm>
		<MenAtArm type="light_horsemen" key="mk_merc_eng_t1_reivers"></MenAtArm>
		<MenAtArm type="armored_horsemen" key="mk_fla_t1_knights"></MenAtArm>
		<MenAtArm type="house_guard" key="mk_fla_t1_dismounted_maa"></MenAtArm>
		<MenAtArm type="teutonic_knights" key="mk_mio_t1_templar_knights_dismounted"></MenAtArm>

		<MenAtArm type="goedendag" key="mk_merc_bra_t1_brabanzonen_goedendag"></MenAtArm>
		
		<MenAtArm type="accolade_maa_archers" key="mk_merc_eng_t1_longbowmen"></MenAtArm>
		<MenAtArm type="accolade_maa_lancers" key="mk_fla_t1_banneret_knights"></MenAtArm>
		<MenAtArm type="accolade_maa_outriders" key="mk_merc_bra_t1_brabanzonen_cavalry"></MenAtArm>
		<MenAtArm type="accolade_maa_pikes" key="mk_fla_t1_guild_pikemen"></MenAtArm>
		<MenAtArm type="accolade_maa_skirmishers" key="mk_fla_t1_falchion_swordsmen"></MenAtArm>
		<MenAtArm type="accolade_maa_vanguard" key="mk_fla_t1_dismounted_maa"></MenAtArm>
		<MenAtArm type="accolade_maa_crossbowmen" key="mk_merc_gen_t1_genoese_crossbowmen"></MenAtArm>	
	</Faction>	

	<Faction title_key="c_yperen " name= "Flanders County Two">
		<General key="mk_fla_t1_guyguard"></General>
		<Knights key="mk_fla_t1_burgomasters"></Knights>
		
		<MenAtArm type="light_footmen" key="mk_fla_t1_swordsmen"></MenAtArm>
		<MenAtArm type="armored_footmen" key="mk_fla_t1_guild_swordsmen"></MenAtArm>
		<MenAtArm type="pikemen_unit" key="mk_fla_t1_pikemen"></MenAtArm>
		<MenAtArm type="bowmen" key="mk_merc_eng_t1_longbowmen"></MenAtArm>
		<MenAtArm type="crossbowmen" key="mk_fla_t1_crossbowmen"></MenAtArm>
		<MenAtArm type="light_horsemen" key="mk_merc_eng_t1_reivers"></MenAtArm>
		<MenAtArm type="armored_horsemen" key="mk_fla_t1_knights"></MenAtArm>
		<MenAtArm type="house_guard" key="mk_fla_t1_dismounted_maa"></MenAtArm>
		<MenAtArm type="teutonic_knights" key="mk_mio_t1_templar_knights_dismounted"></MenAtArm>

		<MenAtArm type="goedendag" key="mk_merc_bra_t1_brabanzonen_goedendag"></MenAtArm>
		
		<MenAtArm type="accolade_maa_archers" key="mk_merc_eng_t1_longbowmen"></MenAtArm>
		<MenAtArm type="accolade_maa_lancers" key="mk_fla_t1_banneret_knights"></MenAtArm>
		<MenAtArm type="accolade_maa_outriders" key="mk_merc_bra_t1_brabanzonen_cavalry"></MenAtArm>
		<MenAtArm type="accolade_maa_pikes" key="mk_fla_t1_guild_pikemen"></MenAtArm>
		<MenAtArm type="accolade_maa_skirmishers" key="mk_fla_t1_falchion_swordsmen"></MenAtArm>
		<MenAtArm type="accolade_maa_vanguard" key="mk_fla_t1_dismounted_maa"></MenAtArm>
		<MenAtArm type="accolade_maa_crossbowmen" key="mk_merc_gen_t1_genoese_crossbowmen"></MenAtArm>	
	</Faction>	
	
	<Faction title_key="c_guines " name= "Flanders County Three">
		<General key="mk_fla_t1_guyguard"></General>
		<Knights key="mk_fla_t1_burgomasters"></Knights>
		
		<MenAtArm type="light_footmen" key="mk_fla_t1_swordsmen"></MenAtArm>
		<MenAtArm type="armored_footmen" key="mk_fla_t1_guild_swordsmen"></MenAtArm>
		<MenAtArm type="pikemen_unit" key="mk_fla_t1_pikemen"></MenAtArm>
		<MenAtArm type="bowmen" key="mk_merc_eng_t1_longbowmen"></MenAtArm>
		<MenAtArm type="crossbowmen" key="mk_fla_t1_crossbowmen"></MenAtArm>
		<MenAtArm type="light_horsemen" key="mk_merc_eng_t1_reivers"></MenAtArm>
		<MenAtArm type="armored_horsemen" key="mk_fla_t1_knights"></MenAtArm>
		<MenAtArm type="house_guard" key="mk_fla_t1_dismounted_maa"></MenAtArm>
		<MenAtArm type="teutonic_knights" key="mk_mio_t1_templar_knights_dismounted"></MenAtArm>

		<MenAtArm type="goedendag" key="mk_merc_bra_t1_brabanzonen_goedendag"></MenAtArm>
		
		<MenAtArm type="accolade_maa_archers" key="mk_merc_eng_t1_longbowmen"></MenAtArm>
		<MenAtArm type="accolade_maa_lancers" key="mk_fla_t1_banneret_knights"></MenAtArm>
		<MenAtArm type="accolade_maa_outriders" key="mk_merc_bra_t1_brabanzonen_cavalry"></MenAtArm>
		<MenAtArm type="accolade_maa_pikes" key="mk_fla_t1_guild_pikemen"></MenAtArm>
		<MenAtArm type="accolade_maa_skirmishers" key="mk_fla_t1_falchion_swordsmen"></MenAtArm>
		<MenAtArm type="accolade_maa_vanguard" key="mk_fla_t1_dismounted_maa"></MenAtArm>
		<MenAtArm type="accolade_maa_crossbowmen" key="mk_merc_gen_t1_genoese_crossbowmen"></MenAtArm>	
	</Faction>	
	
	<Faction title_key="c_lille " name= "Flanders County Four">
		<General key="mk_fla_t1_guyguard"></General>
		<Knights key="mk_fla_t1_burgomasters"></Knights>
		
		<MenAtArm type="light_footmen" key="mk_fla_t1_swordsmen"></MenAtArm>
		<MenAtArm type="armored_footmen" key="mk_fla_t1_guild_swordsmen"></MenAtArm>
		<MenAtArm type="pikemen_unit" key="mk_fla_t1_pikemen"></MenAtArm>
		<MenAtArm type="bowmen" key="mk_merc_eng_t1_longbowmen"></MenAtArm>
		<MenAtArm type="crossbowmen" key="mk_fla_t1_crossbowmen"></MenAtArm>
		<MenAtArm type="light_horsemen" key="mk_merc_eng_t1_reivers"></MenAtArm>
		<MenAtArm type="armored_horsemen" key="mk_fla_t1_knights"></MenAtArm>
		<MenAtArm type="house_guard" key="mk_fla_t1_dismounted_maa"></MenAtArm>
		<MenAtArm type="teutonic_knights" key="mk_mio_t1_templar_knights_dismounted"></MenAtArm>

		<MenAtArm type="goedendag" key="mk_merc_bra_t1_brabanzonen_goedendag"></MenAtArm>
		
		<MenAtArm type="accolade_maa_archers" key="mk_merc_eng_t1_longbowmen"></MenAtArm>
		<MenAtArm type="accolade_maa_lancers" key="mk_fla_t1_banneret_knights"></MenAtArm>
		<MenAtArm type="accolade_maa_outriders" key="mk_merc_bra_t1_brabanzonen_cavalry"></MenAtArm>
		<MenAtArm type="accolade_maa_pikes" key="mk_fla_t1_guild_pikemen"></MenAtArm>
		<MenAtArm type="accolade_maa_skirmishers" key="mk_fla_t1_falchion_swordsmen"></MenAtArm>
		<MenAtArm type="accolade_maa_vanguard" key="mk_fla_t1_dismounted_maa"></MenAtArm>
		<MenAtArm type="accolade_maa_crossbowmen" key="mk_merc_gen_t1_genoese_crossbowmen"></MenAtArm>	
	</Faction>	
	
	<Faction title_key="c_boulogne " name= "Flanders County Five">
		<General key="mk_fla_t1_guyguard"></General>
		<Knights key="mk_fla_t1_burgomasters"></Knights>
		
		<MenAtArm type="light_footmen" key="mk_fla_t1_swordsmen"></MenAtArm>
		<MenAtArm type="armored_footmen" key="mk_fla_t1_guild_swordsmen"></MenAtArm>
		<MenAtArm type="pikemen_unit" key="mk_fla_t1_pikemen"></MenAtArm>
		<MenAtArm type="bowmen" key="mk_merc_eng_t1_longbowmen"></MenAtArm>
		<MenAtArm type="crossbowmen" key="mk_fla_t1_crossbowmen"></MenAtArm>
		<MenAtArm type="light_horsemen" key="mk_merc_eng_t1_reivers"></MenAtArm>
		<MenAtArm type="armored_horsemen" key="mk_fla_t1_knights"></MenAtArm>
		<MenAtArm type="house_guard" key="mk_fla_t1_dismounted_maa"></MenAtArm>
		<MenAtArm type="teutonic_knights" key="mk_mio_t1_templar_knights_dismounted"></MenAtArm>

		<MenAtArm type="goedendag" key="mk_merc_bra_t1_brabanzonen_goedendag"></MenAtArm>
		
		<MenAtArm type="accolade_maa_archers" key="mk_merc_eng_t1_longbowmen"></MenAtArm>
		<MenAtArm type="accolade_maa_lancers" key="mk_fla_t1_banneret_knights"></MenAtArm>
		<MenAtArm type="accolade_maa_outriders" key="mk_merc_bra_t1_brabanzonen_cavalry"></MenAtArm>
		<MenAtArm type="accolade_maa_pikes" key="mk_fla_t1_guild_pikemen"></MenAtArm>
		<MenAtArm type="accolade_maa_skirmishers" key="mk_fla_t1_falchion_swordsmen"></MenAtArm>
		<MenAtArm type="accolade_maa_vanguard" key="mk_fla_t1_dismounted_maa"></MenAtArm>
		<MenAtArm type="accolade_maa_crossbowmen" key="mk_merc_gen_t1_genoese_crossbowmen"></MenAtArm>	
	</Faction>	
	
	<Faction title_key="c_trier " name= "Trier">
		<General key="mk_tri_t1_mounted_elector_guard"></General>
		<Knights key="mk_tri_t1_mounted_elector_guard_non_gen"></Knights>
		
		<MenAtArm type="light_footmen" key="mk_merc_fre_t1_gascon_bideaux"></MenAtArm>
		<MenAtArm type="armored_footmen" key="mk_tri_t1_dismounted_elector_knights"></MenAtArm>
		<MenAtArm type="pikemen_unit" key="mk_tri_t1_trier_spearmen"></MenAtArm>
		<MenAtArm type="bowmen" key="mk_hre_t1_bogenschutzen"></MenAtArm>
		<MenAtArm type="crossbowmen" key="mk_tri_t1_trier_crossbowmen"></MenAtArm>
		<MenAtArm type="light_horsemen" key="mk_tri_t1_elector_horsemen"></MenAtArm>
		<MenAtArm type="armored_horsemen" key="mk_tri_t1_elector_knights"></MenAtArm>
		<MenAtArm type="house_guard" key="mk_tri_t1_dismounted_elector_guard"></MenAtArm>
		<MenAtArm type="teutonic_knights" key="mk_mio_t1_hospitaller_knights_dismounted"></MenAtArm>
		
		<MenAtArm type="accolade_maa_archers" key="mk_hre_t1_bogenschutzen"></MenAtArm>
		<MenAtArm type="accolade_maa_lancers" key="mk_tri_t1_banneret_elector_knights"></MenAtArm>
		<MenAtArm type="accolade_maa_outriders" key="mk_tri_t1_trier_city_knights"></MenAtArm>
		<MenAtArm type="accolade_maa_pikes" key="mk_tri_t1_trier_spearmen"></MenAtArm>
		<MenAtArm type="accolade_maa_skirmishers" key="mk_merc_fre_t1_gascon_bideaux"></MenAtArm>
		<MenAtArm type="accolade_maa_vanguard" key="mk_tri_t1_dismounted_elector_guard"></MenAtArm>
		<MenAtArm type="accolade_maa_crossbowmen" key="mk_merc_gen_t1_genoese_crossbowmen"></MenAtArm>	
	</Faction>	
	
</Titles>