﻿<?xml version="1.0" encoding="utf-8" ?>
<Titles>
	<!--This is to assign MEN-AT-ARMS units based on title key and not owner culture-->
	<!--Levies do not take part in this!!-->
	
	
	<!--DEFAULT value does not work here, every unit must have a unit key-->
	<!--title_key = key of the landed title-->
	<Faction title_key="k_france" name= "France">
		<General key="mk_fre_t1_kings_bodyguard"></General>
		<Knights key="mk_fre_t1_general_bodyguard"></Knights>
		
		<MenAtArm type="light_footmen" key="mk_fre_t1_sergeant_axemen"></MenAtArm>
		<MenAtArm type="armored_footmen" key="mk_fre_t1_sergeant_at_arms"></MenAtArm>
		<MenAtArm type="pikemen_unit" key="mk_fre_t1_guisarmiers"></MenAtArm>
		<MenAtArm type="bowmen" key="mk_fre_t1_archers"></MenAtArm>
		<MenAtArm type="crossbowmen" key="mk_fre_t1_arbaletriers"></MenAtArm>
		<MenAtArm type="light_horsemen" key="mk_fre_t1_cliens"></MenAtArm>
		<MenAtArm type="armored_horsemen" key="mk_fre_t1_banneret_chevaliers_mounted"></MenAtArm>
		<MenAtArm type="house_guard" key="mk_fre_t1_sergeant_at_arms"></MenAtArm>
		<MenAtArm type="teutonic_knights" key="mk_mio_t1_templar_knights_dismounted"></MenAtArm>

		<MenAtArm type="accolade_maa_archers" key="mk_merc_eng_t1_longbowmen"></MenAtArm>
		<MenAtArm type="accolade_maa_lancers" key="mk_fre_t1_banneret_chevaliers_mounted"></MenAtArm>
		<MenAtArm type="accolade_maa_outriders" key="mk_fre_t1_arbaletriers_mounted"></MenAtArm>
		<MenAtArm type="accolade_maa_pikes" key="mk_merc_fre_t1_routiers_spearmen"></MenAtArm>
		<MenAtArm type="accolade_maa_skirmishers" key="mk_merc_bra_t1_brabanzonen_goedendag"></MenAtArm>
		<MenAtArm type="accolade_maa_vanguard" key="mk_fre_t1_chevaliers_dismounted"></MenAtArm>
		<MenAtArm type="accolade_maa_crossbowmen" key="mk_fre_t1_arbaletriers_mounted"></MenAtArm>
	</Faction>

	<Faction title_key="k_castille" name= "Castile">
		<General key="mk_cas_t1_king_bodyguard"></General>
		<Knights key="mk_cas_t1_general_bodyguard"></Knights>
		
		<MenAtArm type="light_footmen" key="mk_cas_t1_almogavars"></MenAtArm>
		<MenAtArm type="armored_footmen" key="mk_cas_t1_dismounted_caballeros"></MenAtArm>
		<MenAtArm type="pikemen_unit" key="mk_cas_t1_peones_spearmen"></MenAtArm>
		<MenAtArm type="bowmen" key="mk_cas_t1_peones_crossbowmen"></MenAtArm>
		<MenAtArm type="crossbowmen" key="mk_cas_t1_crossbowmen"></MenAtArm>
		<MenAtArm type="light_horsemen" key="mk_cas_t1_almogavar_scouts"></MenAtArm>
		<MenAtArm type="armored_horsemen" key="mk_cas_t1_hidalgos"></MenAtArm>
		<MenAtArm type="house_guard" key="mk_cas_t1_monteros_de_espinosa"></MenAtArm>
		<MenAtArm type="teutonic_knights" key="mk_cas_t1_order_knights_dismounted"></MenAtArm>

		<MenAtArm type="horse_archers" key="mk_cas_t1_mounted_crossbowmen"></MenAtArm>
		<MenAtArm type="accolade_maa_horse_archers" key="mk_gran_t1_andalusian_mounted_crossbowmen"></MenAtArm>
		<MenAtArm type="caballero" key="mk_cas_t1_jinetes"></MenAtArm>
		
		<MenAtArm type="accolade_maa_archers" key="mk_nav_t1_fletxers"></MenAtArm>
		<MenAtArm type="accolade_maa_lancers" key="mk_cas_t1_banneret_caballeros"></MenAtArm>
		<MenAtArm type="accolade_maa_outriders" key="mk_cas_t1_caballeros"></MenAtArm>
		<MenAtArm type="accolade_maa_pikes" key="mk_cas_t1_peones_de_elite"></MenAtArm>
		<MenAtArm type="accolade_maa_skirmishers" key="mk_merc_ara_t1_almogavar"></MenAtArm>
		<MenAtArm type="accolade_maa_vanguard" key="mk_cas_t1_monteros_de_espinosa"></MenAtArm>
		<MenAtArm type="accolade_maa_crossbowmen" key="mk_cas_t1_crossbowmen"></MenAtArm>
	</Faction>
	
	<Faction title_key="k_leon" name= "Leon">
		<General key="mk_cas_t1_king_bodyguard"></General>
		<Knights key="mk_cas_t1_general_bodyguard"></Knights>
		
		<MenAtArm type="light_footmen" key="mk_cas_t1_almogavars"></MenAtArm>
		<MenAtArm type="armored_footmen" key="mk_cas_t1_dismounted_caballeros"></MenAtArm>
		<MenAtArm type="pikemen_unit" key="mk_cas_t1_peones_spearmen"></MenAtArm>
		<MenAtArm type="bowmen" key="mk_cas_t1_peones_crossbowmen"></MenAtArm>
		<MenAtArm type="crossbowmen" key="mk_cas_t1_crossbowmen"></MenAtArm>
		<MenAtArm type="light_horsemen" key="mk_cas_t1_almogavar_scouts"></MenAtArm>
		<MenAtArm type="armored_horsemen" key="mk_cas_t1_hidalgos"></MenAtArm>
		<MenAtArm type="house_guard" key="mk_cas_t1_monteros_de_espinosa"></MenAtArm>
		<MenAtArm type="teutonic_knights" key="mk_cas_t1_order_knights_dismounted"></MenAtArm>

		<MenAtArm type="horse_archers" key="mk_cas_t1_mounted_crossbowmen"></MenAtArm>
		<MenAtArm type="accolade_maa_horse_archers" key="mk_gran_t1_andalusian_mounted_crossbowmen"></MenAtArm>
		<MenAtArm type="caballero" key="mk_cas_t1_jinetes"></MenAtArm>
		
		<MenAtArm type="accolade_maa_archers" key="mk_nav_t1_fletxers"></MenAtArm>
		<MenAtArm type="accolade_maa_lancers" key="mk_cas_t1_banneret_caballeros"></MenAtArm>
		<MenAtArm type="accolade_maa_outriders" key="mk_cas_t1_caballeros"></MenAtArm>
		<MenAtArm type="accolade_maa_pikes" key="mk_cas_t1_peones_de_elite"></MenAtArm>
		<MenAtArm type="accolade_maa_skirmishers" key="mk_merc_ara_t1_almogavar"></MenAtArm>
		<MenAtArm type="accolade_maa_vanguard" key="mk_cas_t1_monteros_de_espinosa"></MenAtArm>
		<MenAtArm type="accolade_maa_crossbowmen" key="mk_cas_t1_crossbowmen"></MenAtArm>
	</Faction>	
	
	<Faction title_key="k_navarra" name= "Navarra">
		<General key="mk_nav_t1_kings_bodyguard"></General>
		<Knights key="mk_nav_t1_general_bodyguard"></Knights>
		
		<MenAtArm type="light_footmen" key="mk_nav_t1_vasque_skirmishers"></MenAtArm>
		<MenAtArm type="armored_footmen" key="mk_nav_t1_dismounted_hidalgos"></MenAtArm>
		<MenAtArm type="pikemen_unit" key="mk_nav_t1_caballeros_spearmen"></MenAtArm>
		<MenAtArm type="bowmen" key="mk_nav_t1_fletxers"></MenAtArm>
		<MenAtArm type="crossbowmen" key="mk_nav_t1_militia_crossbowmen"></MenAtArm>
		<MenAtArm type="light_horsemen" key="mk_merc_fre_t1_routiers_mounted"></MenAtArm>
		<MenAtArm type="armored_horsemen" key="mk_nav_t1_hidalgos"></MenAtArm>
		<MenAtArm type="house_guard" key="mk_cas_t1_order_knights_dismounted"></MenAtArm>
		<MenAtArm type="teutonic_knights" key="mk_cas_t1_order_knights_dismounted"></MenAtArm>

		<MenAtArm type="horse_archers" key="mk_ara_t1_mounted_crossbowmen"></MenAtArm>
		<MenAtArm type="accolade_maa_horse_archers" key="mk_gran_t1_andalusian_mounted_crossbowmen"></MenAtArm>
		<MenAtArm type="caballero" key="mk_nav_t1_vasque_skirmisher_cavalry"></MenAtArm>
		
		<MenAtArm type="accolade_maa_archers" key="mk_nav_t1_fletxers"></MenAtArm>
		<MenAtArm type="accolade_maa_lancers" key="mk_nav_t1_banneret_caballeros"></MenAtArm>
		<MenAtArm type="accolade_maa_outriders" key="mk_nav_t1_caballeros"></MenAtArm>
		<MenAtArm type="accolade_maa_pikes" key="mk_nav_t1_caballeros_spearmen"></MenAtArm>
		<MenAtArm type="accolade_maa_skirmishers" key="mk_merc_ara_t1_almogavar"></MenAtArm>
		<MenAtArm type="accolade_maa_vanguard" key="mk_nav_t1_dismounted_hidalgos"></MenAtArm>
		<MenAtArm type="accolade_maa_crossbowmen" key="mk_ara_t1_sergeant_crossbowmen"></MenAtArm>
	</Faction>	

	<Faction title_key="k_aragon" name= "Aragon">
		<General key="mk_ara_t1_king_bodyguard"></General>
		<Knights key="mk_ara_t1_general_bodyguard"></Knights>
		
		<MenAtArm type="light_footmen" key="mk_ara_t1_almogavars"></MenAtArm>
		<MenAtArm type="armored_footmen" key="mk_ara_t1_dismounted_caballeros"></MenAtArm>
		<MenAtArm type="pikemen_unit" key="mk_ara_t1_peones_spearmen"></MenAtArm>
		<MenAtArm type="bowmen" key="mk_ara_t1_peones_crossbowmen"></MenAtArm>
		<MenAtArm type="crossbowmen" key="mk_ara_t1_sergeant_crossbowmen"></MenAtArm>
		<MenAtArm type="light_horsemen" key="mk_ara_t1_caballeros_villanos"></MenAtArm>
		<MenAtArm type="armored_horsemen" key="mk_ara_t1_fidalgos"></MenAtArm>
		<MenAtArm type="house_guard" key="mk_mio_t1_spanish_order_knights_dismounted"></MenAtArm>
		<MenAtArm type="teutonic_knights" key="mk_cas_t1_order_knights_dismounted"></MenAtArm>

		<MenAtArm type="horse_archers" key="mk_ara_t1_mounted_crossbowmen"></MenAtArm>
		<MenAtArm type="accolade_maa_horse_archers" key="mk_gran_t1_andalusian_mounted_crossbowmen"></MenAtArm>
		<MenAtArm type="caballero" key="mk_ara_t1_jinetes"></MenAtArm>
		
		<MenAtArm type="accolade_maa_archers" key="mk_nav_t1_fletxers"></MenAtArm>
		<MenAtArm type="accolade_maa_lancers" key="mk_ara_t1_banneret_caballeros"></MenAtArm>
		<MenAtArm type="accolade_maa_outriders" key="mk_ara_t1_caballeros"></MenAtArm>
		<MenAtArm type="accolade_maa_pikes" key="mk_ara_t1_pikemen"></MenAtArm>
		<MenAtArm type="accolade_maa_skirmishers" key="mk_merc_ara_t1_almogavar"></MenAtArm>
		<MenAtArm type="accolade_maa_vanguard" key="mk_ara_t1_dismounted_caballeros"></MenAtArm>
		<MenAtArm type="accolade_maa_crossbowmen" key="mk_ara_t1_sergeant_crossbowmen"></MenAtArm>
	</Faction>	
	
	<Faction title_key="k_jerusalem" name= "Kingdom of Jerusalem">
		<General key="mk_jer_t1_jerusalem_kingsguard"></General>
		<Knights key="mk_jer_t1_bodyguard_baron"></Knights>
		
		<MenAtArm type="light_footmen" key="mk_merc_ita_t1_foot_berrovieri"></MenAtArm>
		<MenAtArm type="armored_footmen" key="mk_jer_t1_poulain_knights_dismounted"></MenAtArm>
		<MenAtArm type="pikemen_unit" key="mk_jer_t1_ministeriale_spearmen"></MenAtArm>
		<MenAtArm type="bowmen" key="mk_jer_t1_turcopoles_dismounted"></MenAtArm>
		<MenAtArm type="crossbowmen" key="mk_jer_t1_poulain_crossbowmen"></MenAtArm>
		<MenAtArm type="light_horsemen" key="mk_mio_t1_templar_mounted_sergeants"></MenAtArm>
		<MenAtArm type="armored_horsemen" key="mk_ant_t1_canon_knights"></MenAtArm>
		<MenAtArm type="house_guard" key="mk_ant_t1_canon_knights_dismounted"></MenAtArm>
		<MenAtArm type="teutonic_knights" key="mk_mio_t1_templar_knights_dismounted"></MenAtArm>

		<MenAtArm type="horse_archers" key="mk_jer_t1_turcopoles"></MenAtArm>
		<MenAtArm type="accolade_maa_horse_archers" key="mk_aus_t1_mounted_crossbowmen"></MenAtArm>
		
		<MenAtArm type="accolade_maa_archers" key="mk_merc_eng_t1_longbowmen"></MenAtArm>
		<MenAtArm type="accolade_maa_lancers" key="mk_mio_t1_templar_knights"></MenAtArm>
		<MenAtArm type="accolade_maa_outriders" key="mk_jer_t1_mounted_serjeants"></MenAtArm>
		<MenAtArm type="accolade_maa_pikes" key="mk_pap_t1_papal_sergeants"></MenAtArm>
		<MenAtArm type="accolade_maa_skirmishers" key="mk_eng_t1_axe_sergeant"></MenAtArm>
		<MenAtArm type="accolade_maa_vanguard" key="mk_jer_t1_lazarus_knights_dismounted"></MenAtArm>
		<MenAtArm type="accolade_maa_crossbowmen" key="mk_mio_t1_templar_crossbowmen_sergeants"></MenAtArm>
	</Faction>	

	<Faction title_key="k_ottoman" name= "Ottoman Sultanate">
		<General key="mk_rum_t1_sultan_bodyguards"></General>
		<Knights key="mk_rum_t1_bodyguards"></Knights>
		
		<MenAtArm type="light_footmen" key="mk_rum_t1_axemen"></MenAtArm>
		<MenAtArm type="armored_footmen" key="mk_rum_t1_ghulam_foot_guard"></MenAtArm>
		<MenAtArm type="pikemen_unit" key="mk_rum_t1_ecrihor_spearmen"></MenAtArm>
		<MenAtArm type="bowmen" key="mk_rum_t1_ghazi_archers"></MenAtArm>
		<MenAtArm type="crossbowmen" key="mk_rum_t1_martolos_crossbowmen"></MenAtArm>
		<MenAtArm type="light_horsemen" key="mk_rum_t1_junior_ghulams"></MenAtArm>
		<MenAtArm type="armored_horsemen" key="mk_rum_t1_frankish_mercenary_knights"></MenAtArm>
		<MenAtArm type="house_guard" key="mk_ayy_t1_tabardariyya"></MenAtArm>
		<MenAtArm type="teutonic_knights" key="mk_ayy_t1_tabardariyya"></MenAtArm>

		<MenAtArm type="camel_rider" key="mk_khw_t1_camel_cavalry"></MenAtArm>
		<MenAtArm type="accolade_maa_camel_riders" key="mk_khw_t1_camel_cavalry"></MenAtArm>
		<MenAtArm type="horse_archers" key="mk_rum_t1_ecrihor_cavalry"></MenAtArm>
		<MenAtArm type="accolade_maa_horse_archers" key="mk_rum_t1_senior_ghulams"></MenAtArm>

		<MenAtArm type="accolade_maa_archers" key="mk_merc_iran_t1_persian_archers"></MenAtArm>
		<MenAtArm type="accolade_maa_lancers" key="mk_rum_t1_royal_ghulams"></MenAtArm>
		<MenAtArm type="accolade_maa_outriders" key="mk_rum_t1_ghazi_lancers"></MenAtArm>
		<MenAtArm type="accolade_maa_pikes" key="mk_merc_arm_t1_armenian_spearmen"></MenAtArm>
		<MenAtArm type="accolade_maa_skirmishers" key="mk_merc_kurd_t1_kurdish_hillmen"></MenAtArm>
		<MenAtArm type="accolade_maa_vanguard" key="mk_ayy_t1_tabardariyya"></MenAtArm>
		<MenAtArm type="accolade_maa_crossbowmen" key="mk_merc_gen_t1_genoese_crossbowmen"></MenAtArm>
	</Faction>	

	<Faction title_key="k_rum" name= "Sultanate of Rum">
		<General key="mk_rum_t1_sultan_bodyguards"></General>
		<Knights key="mk_rum_t1_bodyguards"></Knights>
		
		<MenAtArm type="light_footmen" key="mk_rum_t1_axemen"></MenAtArm>
		<MenAtArm type="armored_footmen" key="mk_rum_t1_ghulam_foot_guard"></MenAtArm>
		<MenAtArm type="pikemen_unit" key="mk_rum_t1_ecrihor_spearmen"></MenAtArm>
		<MenAtArm type="bowmen" key="mk_rum_t1_ghazi_archers"></MenAtArm>
		<MenAtArm type="crossbowmen" key="mk_rum_t1_martolos_crossbowmen"></MenAtArm>
		<MenAtArm type="light_horsemen" key="mk_rum_t1_junior_ghulams"></MenAtArm>
		<MenAtArm type="armored_horsemen" key="mk_rum_t1_frankish_mercenary_knights"></MenAtArm>
		<MenAtArm type="house_guard" key="mk_ayy_t1_tabardariyya"></MenAtArm>
		<MenAtArm type="teutonic_knights" key="mk_ayy_t1_tabardariyya"></MenAtArm>

		<MenAtArm type="camel_rider" key="mk_khw_t1_camel_cavalry"></MenAtArm>
		<MenAtArm type="accolade_maa_camel_riders" key="mk_khw_t1_camel_cavalry"></MenAtArm>
		<MenAtArm type="horse_archers" key="mk_rum_t1_ecrihor_cavalry"></MenAtArm>
		<MenAtArm type="accolade_maa_horse_archers" key="mk_rum_t1_senior_ghulams"></MenAtArm>

		<MenAtArm type="accolade_maa_archers" key="mk_merc_iran_t1_persian_archers"></MenAtArm>
		<MenAtArm type="accolade_maa_lancers" key="mk_rum_t1_royal_ghulams"></MenAtArm>
		<MenAtArm type="accolade_maa_outriders" key="mk_rum_t1_ghazi_lancers"></MenAtArm>
		<MenAtArm type="accolade_maa_pikes" key="mk_merc_arm_t1_armenian_spearmen"></MenAtArm>
		<MenAtArm type="accolade_maa_skirmishers" key="mk_merc_kurd_t1_kurdish_hillmen"></MenAtArm>
		<MenAtArm type="accolade_maa_vanguard" key="mk_ayy_t1_tabardariyya"></MenAtArm>
		<MenAtArm type="accolade_maa_crossbowmen" key="mk_merc_gen_t1_genoese_crossbowmen"></MenAtArm>
	</Faction>	

	<Faction title_key="k_papal_state" name= "Papal States">
		<General key="mk_pap_t1_bodyguard"></General>
		<Knights key="mk_pap_t1_latin_milites"></Knights>
		
		<MenAtArm type="light_footmen" key="mk_merc_ara_t1_almogavar"></MenAtArm>
		<MenAtArm type="armored_footmen" key="mk_pap_t1_foot_latin_milites"></MenAtArm>
		<MenAtArm type="pikemen_unit" key="mk_pap_t1_papal_sergeants"></MenAtArm>
		<MenAtArm type="bowmen" key="mk_pap_t1_archers"></MenAtArm>
		<MenAtArm type="crossbowmen" key="mk_pap_t1_crossbowmen"></MenAtArm>
		<MenAtArm type="light_horsemen" key="mk_pap_t1_light_cav"></MenAtArm>
		<MenAtArm type="armored_horsemen" key="mk_merc_ita_t1_condottieri"></MenAtArm>
		<MenAtArm type="house_guard" key="mk_jer_t1_lazarus_knights_dismounted"></MenAtArm>
		<MenAtArm type="teutonic_knights" key="mk_mio_t1_templar_knights_dismounted"></MenAtArm>

		<MenAtArm type="accolade_maa_archers" key="mk_pap_t1_archers"></MenAtArm>
		<MenAtArm type="accolade_maa_lancers" key="mk_mio_t1_templar_knights"></MenAtArm>
		<MenAtArm type="accolade_maa_outriders" key="mk_pap_t1_berrovieri"></MenAtArm>
		<MenAtArm type="accolade_maa_pikes" key="mk_pap_t1_papal_sergeants"></MenAtArm>
		<MenAtArm type="accolade_maa_skirmishers" key="mk_merc_ara_t1_almogavar"></MenAtArm>
		<MenAtArm type="accolade_maa_vanguard" key="mk_mio_t1_hospitaller_knights_dismounted"></MenAtArm>
		<MenAtArm type="accolade_maa_crossbowmen" key="mk_merc_gen_t1_genoese_crossbowmen"></MenAtArm>
	</Faction>	

	<Faction title_key="k_venice" name= "Venice">
		<General key="mk_ven_t1_doge_bodyguard"></General>
		<Knights key="mk_ven_t1_general_bodyguard"></Knights>
		
		<MenAtArm type="light_footmen" key="mk_ven_t1_foot_zaffones"></MenAtArm>
		<MenAtArm type="armored_footmen" key="mk_ven_t1_foot_knight"></MenAtArm>
		<MenAtArm type="pikemen_unit" key="mk_ven_t1_pikemen"></MenAtArm>
		<MenAtArm type="bowmen" key="mk_ven_t1_archers"></MenAtArm>
		<MenAtArm type="crossbowmen" key="mk_ven_t1_crossbowmen"></MenAtArm>
		<MenAtArm type="light_horsemen" key="mk_ven_t1_mounted_zaffones"></MenAtArm>
		<MenAtArm type="armored_horsemen" key="mk_ven_t1_knight"></MenAtArm>
		<MenAtArm type="house_guard" key="mk_ven_t1_excusati_guard"></MenAtArm>
		<MenAtArm type="teutonic_knights" key="mk_mio_t1_hospitaller_knights_dismounted"></MenAtArm>

		<MenAtArm type="accolade_maa_archers" key="mk_ven_t1_archers"></MenAtArm>
		<MenAtArm type="accolade_maa_lancers" key="mk_ven_t1_knight"></MenAtArm>
		<MenAtArm type="accolade_maa_outriders" key="mk_ven_t1_mounted_serjeants"></MenAtArm>
		<MenAtArm type="accolade_maa_pikes" key="mk_ven_t1_excusati_guard"></MenAtArm>
		<MenAtArm type="accolade_maa_skirmishers" key="mk_croat_T1_javelin_sailors"></MenAtArm>
		<MenAtArm type="accolade_maa_vanguard" key="mk_ven_t1_foot_knight"></MenAtArm>
		<MenAtArm type="accolade_maa_crossbowmen" key="mk_merc_gen_t1_genoese_crossbowmen"></MenAtArm>
	</Faction>	

	<Faction title_key="k_genoa " name= "Genoa">
		<General key="mk_gen_t1_bodyguard"></General>
		<Knights key="mk_gen_t1_knights"></Knights>
		
		<MenAtArm type="light_footmen" key="mk_merc_ara_t1_almogavar"></MenAtArm>
		<MenAtArm type="armored_footmen" key="mk_gen_t1_guelph_maa"></MenAtArm>
		<MenAtArm type="pikemen_unit" key="mk_gen_t1_spearmen"></MenAtArm>
		<MenAtArm type="bowmen" key="mk_gen_t1_archers"></MenAtArm>
		<MenAtArm type="crossbowmen" key="mk_gen_t1_crossbowmen"></MenAtArm>
		<MenAtArm type="light_horsemen" key="mk_gen_t1_light_cav"></MenAtArm>
		<MenAtArm type="armored_horsemen" key="mk_gen_t1_guelph_mounted_maa"></MenAtArm>
		<MenAtArm type="house_guard" key="mk_gen_t1_foot_knights"></MenAtArm>
		<MenAtArm type="teutonic_knights" key="mk_mio_t1_templar_knights_dismounted"></MenAtArm>

		<MenAtArm type="accolade_maa_archers" key="mk_gen_t1_archers"></MenAtArm>
		<MenAtArm type="accolade_maa_lancers" key="mk_merc_ita_t1_condottieri"></MenAtArm>
		<MenAtArm type="accolade_maa_outriders" key="mk_gen_t1_berrovieri"></MenAtArm>
		<MenAtArm type="accolade_maa_pikes" key="mk_sic_t1_ghibelline_spearmen"></MenAtArm>
		<MenAtArm type="accolade_maa_skirmishers" key="mk_sic_t1_italian_jav_militia"></MenAtArm>
		<MenAtArm type="accolade_maa_vanguard" key="mk_nap_t1_guelph_maa"></MenAtArm>
		<MenAtArm type="accolade_maa_crossbowmen" key="mk_merc_gen_t1_genoese_crossbowmen"></MenAtArm>
	</Faction>	
	
	<Faction title_key="k_pisa " name= "Pisa">
		<General key="mk_pis_t1_bodyguard"></General>
		<Knights key="mk_pis_t1_knights"></Knights>
		
		<MenAtArm type="light_footmen" key="mk_merc_ara_t1_almogavar"></MenAtArm>
		<MenAtArm type="armored_footmen" key="mk_pis_t1_foot_knights"></MenAtArm>
		<MenAtArm type="pikemen_unit" key="mk_pis_t1_ghibelline_spearmen"></MenAtArm>
		<MenAtArm type="bowmen" key="mk_pis_t1_archers"></MenAtArm>
		<MenAtArm type="crossbowmen" key="mk_pis_t1_ghibelline_crossbowmen"></MenAtArm>
		<MenAtArm type="light_horsemen" key="mk_pis_t1_berrovieri"></MenAtArm>
		<MenAtArm type="armored_horsemen" key="mk_merc_ita_t1_condottieri"></MenAtArm>
		<MenAtArm type="house_guard" key="mk_pis_t1_foot_knights"></MenAtArm>
		<MenAtArm type="teutonic_knights" key="mk_mio_t1_templar_knights_dismounted"></MenAtArm>

		<MenAtArm type="accolade_maa_archers" key="mk_pis_t1_archers"></MenAtArm>
		<MenAtArm type="accolade_maa_lancers" key="mk_pis_t1_knights"></MenAtArm>
		<MenAtArm type="accolade_maa_outriders" key="mk_pis_t1_berrovieri"></MenAtArm>
		<MenAtArm type="accolade_maa_pikes" key="mk_pis_t1_ghibelline_spearmen"></MenAtArm>
		<MenAtArm type="accolade_maa_skirmishers" key="mk_merc_ara_t1_almogavar"></MenAtArm>
		<MenAtArm type="accolade_maa_vanguard" key="mk_pis_t1_foot_knights"></MenAtArm>
		<MenAtArm type="accolade_maa_crossbowmen" key="mk_merc_gen_t1_genoese_crossbowmen"></MenAtArm>
	</Faction>	
	
	<Faction title_key="k_naples " name= "Kingdom of Naples">
		<General key="mk_nap_t1_king"></General>
		<Knights key="mk_nap_t1_guelph_bodyguard"></Knights>
		
		<MenAtArm type="light_footmen" key="mk_merc_ara_t1_almogavar"></MenAtArm>
		<MenAtArm type="armored_footmen" key="mk_nap_t1_guelph_maa"></MenAtArm>
		<MenAtArm type="pikemen_unit" key="mk_merc_ita_t1_ronconieri"></MenAtArm>
		<MenAtArm type="bowmen" key="mk_nap_t1_archers"></MenAtArm>
		<MenAtArm type="crossbowmen" key="mk_nap_t1_crossbowmen"></MenAtArm>
		<MenAtArm type="light_horsemen" key="mk_merc_ita_t1_berrovieri"></MenAtArm>
		<MenAtArm type="armored_horsemen" key="mk_merc_ita_t1_condottieri"></MenAtArm>
		<MenAtArm type="house_guard" key="mk_fre_t1_sergeant_at_arms"></MenAtArm>
		<MenAtArm type="teutonic_knights" key="mk_mio_t1_hospitaller_knights_dismounted"></MenAtArm>

		<MenAtArm type="accolade_maa_archers" key="mk_nap_t1_archers"></MenAtArm>
		<MenAtArm type="accolade_maa_lancers" key="mk_fre_t1_banneret_chevaliers_mounted"></MenAtArm>
		<MenAtArm type="accolade_maa_outriders" key="mk_nap_t1_guelph_mounted_maa"></MenAtArm>
		<MenAtArm type="accolade_maa_pikes" key="mk_merc_ita_t1_ronconieri"></MenAtArm>
		<MenAtArm type="accolade_maa_skirmishers" key="mk_merc_ara_t1_almogavar"></MenAtArm>
		<MenAtArm type="accolade_maa_vanguard" key="mk_nap_t1_guelph_maa"></MenAtArm>
		<MenAtArm type="accolade_maa_crossbowmen" key="mk_merc_gen_t1_genoese_crossbowmen"></MenAtArm>
	</Faction>	
	
	<Faction title_key="k_switzerland " name= "Switzerland">
		<General key="mk_swi_t1_kyburg_notables_mounted"></General>
		<Knights key="mk_aus_t1_ritter"></Knights>
		
		<MenAtArm type="light_footmen" key="mk_swi_t1_kyburg_axemen"></MenAtArm>
		<MenAtArm type="armored_footmen" key="mk_swi_t1_zaehringer_noble_footmen"></MenAtArm>
		<MenAtArm type="pikemen_unit" key="mk_swi_t1_zaehringer_schiltron"></MenAtArm>
		<MenAtArm type="bowmen" key="mk_aus_t1_bogner_archer"></MenAtArm>
		<MenAtArm type="crossbowmen" key="mk_aus_t1_armbrustschutzen_crossbow"></MenAtArm>
		<MenAtArm type="light_horsemen" key="mk_bur_t1_scouts"></MenAtArm>
		<MenAtArm type="armored_horsemen" key="mk_swi_t1_kyburg_knights_mounted"></MenAtArm>
		<MenAtArm type="house_guard" key="mk_aus_t1_foot_ritter"></MenAtArm>
		<MenAtArm type="teutonic_knights" key="mk_mio_t1_templar_knights_dismounted"></MenAtArm>

		<MenAtArm type="accolade_maa_archers" key="mk_aus_t1_bogner_archer"></MenAtArm>
		<MenAtArm type="accolade_maa_lancers" key="mk_aus_t1_konstafler"></MenAtArm>
		<MenAtArm type="accolade_maa_outriders" key="mk_aus_t1_mounted_sarianten"></MenAtArm>
		<MenAtArm type="accolade_maa_pikes" key="mk_swi_t1_zaehringer_schiltron"></MenAtArm>
		<MenAtArm type="accolade_maa_skirmishers" key="mk_swi_t1_kyburg_axemen"></MenAtArm>
		<MenAtArm type="accolade_maa_vanguard" key="mk_aus_t1_foot_ritter"></MenAtArm>
		<MenAtArm type="accolade_maa_crossbowmen" key="mk_merc_gen_t1_genoese_crossbowmen"></MenAtArm>
	</Faction>	

	<Faction title_key="k_romagna " name= "Romagna">
		<General key="mk_flo_t1_bodyguard"></General>
		<Knights key="mk_ita_t1_knights"></Knights>
		
		<MenAtArm type="light_footmen" key="mk_merc_ara_t1_almogavar"></MenAtArm>
		<MenAtArm type="armored_footmen" key="mk_ita_t1_knights_dismounted"></MenAtArm>
		<MenAtArm type="pikemen_unit" key="mk_flo_t1_spearmen"></MenAtArm>
		<MenAtArm type="bowmen" key="mk_flo_t1_archers"></MenAtArm>
		<MenAtArm type="crossbowmen" key="mk_flo_t1_crossbowmen"></MenAtArm>
		<MenAtArm type="light_horsemen" key="mk_flo_t1_mounted_serjeants"></MenAtArm>
		<MenAtArm type="armored_horsemen" key="mk_merc_ita_t1_condottieri"></MenAtArm>
		<MenAtArm type="house_guard" key="mk_pis_t1_foot_knights"></MenAtArm>
		<MenAtArm type="teutonic_knights" key="mk_mio_t1_hospitaller_knights_dismounted"></MenAtArm>
		
		<MenAtArm type="accolade_maa_archers" key="mk_flo_t1_archers"></MenAtArm>
		<MenAtArm type="accolade_maa_lancers" key="mk_ita_t1_knights"></MenAtArm>
		<MenAtArm type="accolade_maa_outriders" key="mk_flo_t1_mounted_serjeants"></MenAtArm>
		<MenAtArm type="accolade_maa_pikes" key="mk_pis_t1_ghibelline_spearmen"></MenAtArm>
		<MenAtArm type="accolade_maa_skirmishers" key="mk_merc_ara_t1_almogavar"></MenAtArm>
		<MenAtArm type="accolade_maa_vanguard" key="mk_pis_t1_foot_knights"></MenAtArm>
		<MenAtArm type="accolade_maa_crossbowmen" key="mk_merc_gen_t1_genoese_crossbowmen"></MenAtArm>
	</Faction>	
	
	<Faction title_key="k_saxony " name= "Saxony">
		<General key="mk_ger_t1_sax_general_bodyguard"></General>
		<Knights key="mk_ger_t1_sax_knights"></Knights>
		
		<MenAtArm type="light_footmen" key="mk_hre_t1_burgerwehr_streitaxte"></MenAtArm>
		<MenAtArm type="armored_footmen" key="mk_ger_t1_sax_knight_dismounted"></MenAtArm>
		<MenAtArm type="pikemen_unit" key="mk_hre_t1_fussknecht"></MenAtArm>
		<MenAtArm type="bowmen" key="mk_hre_t1_bogenschutzen"></MenAtArm>
		<MenAtArm type="crossbowmen" key="mk_hre_t1_armbrustschutzen"></MenAtArm>
		<MenAtArm type="light_horsemen" key="mk_merc_bra_t1_brabanzonen_cavalry"></MenAtArm>
		<MenAtArm type="armored_horsemen" key="mk_merc_ger_t1_knights"></MenAtArm>
		<MenAtArm type="house_guard" key="mk_tri_t1_dismounted_elector_guard"></MenAtArm>
		<MenAtArm type="teutonic_knights" key="mk_teu_t1_swordbrethren"></MenAtArm>

		<MenAtArm type="accolade_maa_archers" key="mk_hre_t1_bogenschutzen"></MenAtArm>
		<MenAtArm type="accolade_maa_lancers" key="mk_ger_t1_banneret_sax_knights"></MenAtArm>
		<MenAtArm type="accolade_maa_outriders" key="mk_hre_t1_knappen"></MenAtArm>
		<MenAtArm type="accolade_maa_pikes" key="mk_merc_bra_t1_brabanzonen_voulgier"></MenAtArm>
		<MenAtArm type="accolade_maa_skirmishers" key="mk_merc_bra_t1_brabanzonen_goedendag"></MenAtArm>
		<MenAtArm type="accolade_maa_vanguard" key="mk_hre_t1_konstafler_streitaxte"></MenAtArm>
		<MenAtArm type="accolade_maa_crossbowmen" key="mk_merc_bra_t1_brabanzonen_crossbowmen"></MenAtArm>
	</Faction>	
	
	<Faction title_key="k_bavaria" name= "Bavaria">
		<General key="mk_hre_t1_reichshauptmann_und_gefolge"></General>
		<Knights key="mk_ger_t1_bav_duke_bodyguard"></Knights>
		
		<MenAtArm type="light_footmen" key="mk_hre_t1_burgerwehr_streitaxte"></MenAtArm>
		<MenAtArm type="armored_footmen" key="mk_aus_t1_foot_ritter"></MenAtArm>
		<MenAtArm type="pikemen_unit" key="mk_hre_t1_fussknecht_spiesser"></MenAtArm>
		<MenAtArm type="bowmen" key="mk_aus_t1_bogner_archer"></MenAtArm>
		<MenAtArm type="crossbowmen" key="mk_aus_t1_schutzen_crossbowmen"></MenAtArm>
		<MenAtArm type="light_horsemen" key="mk_hre_t1_renner"></MenAtArm>
		<MenAtArm type="armored_horsemen" key="mk_ger_t1_bav_knights"></MenAtArm>
		<MenAtArm type="house_guard" key="mk_tri_t1_dismounted_elector_guard"></MenAtArm>
		<MenAtArm type="teutonic_knights" key="mk_teu_t1_swordbrethren"></MenAtArm>

		<MenAtArm type="accolade_maa_archers" key="mk_aus_t1_bogner_archer"></MenAtArm>
		<MenAtArm type="accolade_maa_lancers" key="mk_ger_t1_banneret_bav_knights"></MenAtArm>
		<MenAtArm type="accolade_maa_outriders" key="mk_aus_t1_mounted_sarianten"></MenAtArm>
		<MenAtArm type="accolade_maa_pikes" key="mk_hre_t1_fussknecht"></MenAtArm>
		<MenAtArm type="accolade_maa_skirmishers" key="mk_merc_bra_t1_brabanzonen_goedendag"></MenAtArm>
		<MenAtArm type="accolade_maa_vanguard" key="mk_hre_t1_konstafler_streitaxte"></MenAtArm>
		<MenAtArm type="accolade_maa_crossbowmen" key="mk_aus_t1_armbrustschutzen_crossbow"></MenAtArm>
	</Faction>
	
	<Faction title_key="k_austria" name= "Austria">
		<General key="mk_aus_t1_leopold"></General>
		<Knights key="mk_aus_t1_generals_bodyguard"></Knights>
		
		<MenAtArm type="light_footmen" key="mk_aus_t1_burgerwehr_spearmen"></MenAtArm>
		<MenAtArm type="armored_footmen" key="mk_aus_t1_foot_ritter"></MenAtArm>
		<MenAtArm type="pikemen_unit" key="mk_aus_t1_fussknechte_halberdiers"></MenAtArm>
		<MenAtArm type="bowmen" key="mk_aus_t1_bogner_archer"></MenAtArm>
		<MenAtArm type="crossbowmen" key="mk_aus_t1_schutzen_crossbowmen"></MenAtArm>
		<MenAtArm type="light_horsemen" key="mk_aus_t1_mounted_sarianten"></MenAtArm>
		<MenAtArm type="armored_horsemen" key="mk_aus_t1_ritter"></MenAtArm>
		<MenAtArm type="house_guard" key="mk_aus_t1_foot_ritter"></MenAtArm>
		<MenAtArm type="teutonic_knights" key="mk_mio_t1_templar_knights_dismounted"></MenAtArm>

		<MenAtArm type="accolade_maa_archers" key="mk_aus_t1_bogner_archer"></MenAtArm>
		<MenAtArm type="accolade_maa_lancers" key="mk_aus_t1_banneret_ritter"></MenAtArm>
		<MenAtArm type="accolade_maa_outriders" key="mk_aus_t1_mounted_sarianten"></MenAtArm>
		<MenAtArm type="accolade_maa_pikes" key="mk_aus_t1_fussknecht_spearmen"></MenAtArm>
		<MenAtArm type="accolade_maa_skirmishers" key="mk_swi_t1_kyburg_axemen"></MenAtArm>
		<MenAtArm type="accolade_maa_vanguard" key="mk_hre_t1_konstafler_streitaxte"></MenAtArm>
		<MenAtArm type="accolade_maa_crossbowmen" key="mk_aus_t1_armbrustschutzen_crossbow"></MenAtArm>
	</Faction>

	<Faction title_key="k_burgundy" name= "Burgundy">
		<General key="mk_bur_t1_duke_bodyguard"></General>
		<Knights key="mk_bur_t1_chevaliers"></Knights>
		
		<MenAtArm type="light_footmen" key="mk_bur_t1_axe_sergeants"></MenAtArm>
		<MenAtArm type="armored_footmen" key="mk_bur_t1_dismounted_chevaliers"></MenAtArm>
		<MenAtArm type="pikemen_unit" key="mk_bur_t1_guisarmiers"></MenAtArm>
		<MenAtArm type="bowmen" key="mk_bur_t1_levy_archers"></MenAtArm>
		<MenAtArm type="crossbowmen" key="mk_bur_t1_crossbowmen"></MenAtArm>
		<MenAtArm type="light_horsemen" key="mk_bur_t1_mounted_serjeants"></MenAtArm>
		<MenAtArm type="armored_horsemen" key="mk_merc_eur_t1_knights"></MenAtArm>
		<MenAtArm type="house_guard" key="mk_bur_t1_dismounted_chevaliers"></MenAtArm>
		<MenAtArm type="teutonic_knights" key="mk_mio_t1_templar_knights_dismounted"></MenAtArm>

		<MenAtArm type="accolade_maa_archers" key="mk_tou_t1_archers"></MenAtArm>
		<MenAtArm type="accolade_maa_lancers" key="mk_bur_t1_banneret_chevaliers"></MenAtArm>
		<MenAtArm type="accolade_maa_outriders" key="mk_bur_t1_mounted_serjeants"></MenAtArm>
		<MenAtArm type="accolade_maa_pikes" key="mk_bur_t1_spearmen"></MenAtArm>
		<MenAtArm type="accolade_maa_skirmishers" key="mk_merc_fre_t1_gascon_bideaux"></MenAtArm>
		<MenAtArm type="accolade_maa_vanguard" key="mk_bur_t1_dismounted_chevaliers"></MenAtArm>
		<MenAtArm type="accolade_maa_crossbowmen" key="mk_merc_gen_t1_genoese_crossbowmen"></MenAtArm>	
	</Faction>

	<Faction title_key="k_east_francia" name= "Germany">
		<General key="mk_hre_t1_kaiser_und_gefolge"></General>
		<Knights key="mk_hre_t1_reichshauptmann_und_gefolge"></Knights>
		
		<MenAtArm type="light_footmen" key="mk_hre_t1_burgerwehr_streitaxte"></MenAtArm>
		<MenAtArm type="armored_footmen" key="mk_hre_t1_konstafler_streitaxte"></MenAtArm>
		<MenAtArm type="pikemen_unit" key="mk_hre_t1_fussknecht"></MenAtArm>
		<MenAtArm type="bowmen" key="mk_hre_t1_bogenschutzen"></MenAtArm>
		<MenAtArm type="crossbowmen" key="mk_hre_t1_armbrustschutzen"></MenAtArm>
		<MenAtArm type="light_horsemen" key="mk_hre_t1_knappen"></MenAtArm>
		<MenAtArm type="armored_horsemen" key="mk_hre_t1_ritter"></MenAtArm>
		<MenAtArm type="house_guard" key="mk_tri_t1_dismounted_elector_guard"></MenAtArm>
		<MenAtArm type="teutonic_knights" key="mk_teu_t1_swordbrethren"></MenAtArm>

		<MenAtArm type="accolade_maa_archers" key="mk_hre_t1_bogenschutzen"></MenAtArm>
		<MenAtArm type="accolade_maa_lancers" key="mk_ger_t1_banneret_knights"></MenAtArm>
		<MenAtArm type="accolade_maa_outriders" key="mk_mio_t1_teu_sariantbruder"></MenAtArm>
		<MenAtArm type="accolade_maa_pikes" key="mk_merc_bra_t1_brabanzonen_voulgier"></MenAtArm>
		<MenAtArm type="accolade_maa_skirmishers" key="mk_merc_bra_t1_brabanzonen_goedendag"></MenAtArm>
		<MenAtArm type="accolade_maa_vanguard" key="mk_teu_t1_swordbrethren"></MenAtArm>
		<MenAtArm type="accolade_maa_crossbowmen" key="mk_merc_gen_t1_genoese_crossbowmen"></MenAtArm>
	</Faction>

	<Faction title_key="k_hungary" name= "Hungary">
		<General key="mk_hun_t1_king_bodyguard"></General>
		<Knights key="mk_hun_t1_general_bodyguard"></Knights>
		
		<MenAtArm type="light_footmen" key="mk_merc_vlach_t1_skirmishers"></MenAtArm>
		<MenAtArm type="armored_footmen" key="mk_croat_T1_communal_noble_infantry"></MenAtArm>
		<MenAtArm type="pikemen_unit" key="mk_hun_t1_spearmen"></MenAtArm>
		<MenAtArm type="bowmen" key="mk_hun_t1_archers"></MenAtArm>
		<MenAtArm type="crossbowmen" key="mk_hun_t1_crossbowmen"></MenAtArm>
		<MenAtArm type="light_horsemen" key="mk_cuman_t1_light_lancers"></MenAtArm>
		<MenAtArm type="armored_horsemen" key="mk_hun_t1_knight"></MenAtArm>
		<MenAtArm type="house_guard" key="mk_aus_t1_foot_ritter"></MenAtArm>
		<MenAtArm type="teutonic_knights" key="mk_mio_t1_templar_knights_dismounted"></MenAtArm>

		<MenAtArm type="horse_archers" key="mk_hun_t1_royal_warriors"></MenAtArm>
		<MenAtArm type="accolade_maa_horse_archers" key="mk_cuman_t1_guards"></MenAtArm>
		<MenAtArm type="hussar" key="mk_hun_t1_szekely_HA"></MenAtArm>

		<MenAtArm type="accolade_maa_archers" key="mk_hun_t2_szekely_archers"></MenAtArm>
		<MenAtArm type="accolade_maa_lancers" key="mk_hun_t1_banneret_knight"></MenAtArm>
		<MenAtArm type="accolade_maa_outriders" key="mk_hun_t1_light_lancer"></MenAtArm>
		<MenAtArm type="accolade_maa_pikes" key="mk_hun_t1_spearmen"></MenAtArm>
		<MenAtArm type="accolade_maa_skirmishers" key="mk_merc_vlach_t1_skirmishers"></MenAtArm>
		<MenAtArm type="accolade_maa_vanguard" key="mk_aus_t1_foot_ritter"></MenAtArm>
		<MenAtArm type="accolade_maa_crossbowmen" key="mk_merc_gen_t1_genoese_crossbowmen"></MenAtArm>
	</Faction>
	
	<Faction title_key="k_england" name= "England">
		<General key="mk_eng_t1_king_bodyguard"></General>
		<Knights key="mk_eng_t1_knights"></Knights>
		
		<MenAtArm type="light_footmen" key="mk_eng_t1_axe_sergeant"></MenAtArm>
		<MenAtArm type="armored_footmen" key="mk_eng_t1_foot_knights"></MenAtArm>
		<MenAtArm type="pikemen_unit" key="mk_eng_t1_billmen"></MenAtArm>
		<MenAtArm type="bowmen" key="mk_merc_eng_t1_longbowmen"></MenAtArm>
		<MenAtArm type="crossbowmen" key="mk_fla_t1_crossbowmen"></MenAtArm>
		<MenAtArm type="light_horsemen" key="mk_merc_eng_t1_reivers"></MenAtArm>
		<MenAtArm type="armored_horsemen" key="mk_merc_eur_t1_knights"></MenAtArm>
		<MenAtArm type="house_guard" key="mk_eng_t1_foot_knights"></MenAtArm>
		<MenAtArm type="teutonic_knights" key="mk_mio_t1_templar_knights_dismounted"></MenAtArm>	

		<MenAtArm type="longbowmen" key="mk_eng_t1_longbowmen"></MenAtArm>
		<MenAtArm type="hobelar" key="mk_eng_t1_hobilars"></MenAtArm>
		
		<MenAtArm type="accolade_maa_archers" key="mk_eng_t1_longbowmen"></MenAtArm>
		<MenAtArm type="accolade_maa_lancers" key="mk_eng_t1_banneret_knights"></MenAtArm>
		<MenAtArm type="accolade_maa_outriders" key="mk_eng_t1_mounted_serjeants"></MenAtArm>
		<MenAtArm type="accolade_maa_pikes" key="mk_merc_fre_t1_routiers_spearmen"></MenAtArm>
		<MenAtArm type="accolade_maa_skirmishers" key="mk_wel_t1_ysbeilwyr"></MenAtArm>
		<MenAtArm type="accolade_maa_vanguard" key="mk_eng_t1_foot_knights"></MenAtArm>
		<MenAtArm type="accolade_maa_crossbowmen" key="mk_merc_gen_t1_genoese_crossbowmen"></MenAtArm>	
	</Faction>
	
	<Faction title_key="k_scotland" name= "Scotland">
		<General key="mk_sco_t1_king_bodyguard"></General>
		<Knights key="mk_sco_t1_general_bodyguard"></Knights>
		
		<MenAtArm type="light_footmen" key="mk_merc_sco_t1_highlanders"></MenAtArm>
		<MenAtArm type="armored_footmen" key="mk_sco_t1_foot_knights"></MenAtArm>
		<MenAtArm type="pikemen_unit" key="mk_sco_t1_pikemen"></MenAtArm>
		<MenAtArm type="bowmen" key="mk_sco_t1_ettrick_archers"></MenAtArm>
		<MenAtArm type="crossbowmen" key="mk_merc_bra_t1_brabanzonen_crossbowmen"></MenAtArm>
		<MenAtArm type="light_horsemen" key="mk_lor_t1_scouts"></MenAtArm>
		<MenAtArm type="armored_horsemen" key="mk_sco_t1_knights"></MenAtArm>
		<MenAtArm type="house_guard" key="mk_merc_gael_t1_galloglaich"></MenAtArm>
		<MenAtArm type="teutonic_knights" key="mk_mio_t1_templar_knights_dismounted"></MenAtArm>
		
		<MenAtArm type="hobelar" key="mk_sco_t1_hobilars"></MenAtArm>
		
		<MenAtArm type="accolade_maa_archers" key="mk_eng_t1_welsh_longbowmen"></MenAtArm>
		<MenAtArm type="accolade_maa_lancers" key="mk_sco_t1_knights"></MenAtArm>
		<MenAtArm type="accolade_maa_outriders" key="mk_sco_t1_hobilars"></MenAtArm>
		<MenAtArm type="accolade_maa_pikes" key="mk_merc_eng_t1_billmen"></MenAtArm>
		<MenAtArm type="accolade_maa_skirmishers" key="mk_merc_wel_t1_rhyfelwr"></MenAtArm>
		<MenAtArm type="accolade_maa_vanguard" key="mk_aor_sco_t1_galloglaich"></MenAtArm>
		<MenAtArm type="accolade_maa_crossbowmen" key="mk_merc_bra_t1_brabanzonen_crossbowmen"></MenAtArm>
	</Faction>

	<Faction title_key="k_bohemia" name= "Bohemia">
		<General key="mk_boh_t1_king_bodyguard"></General>
		<Knights key="mk_boh_t1_general_bodyguard"></Knights>
		
		<MenAtArm type="light_footmen" key="mk_boh_t1_pacholek_spearmen"></MenAtArm>
		<MenAtArm type="armored_footmen" key="mk_hre_t1_konstafler_streitaxte"></MenAtArm>
		<MenAtArm type="pikemen_unit" key="mk_boh_t1_sergeant_spearmen"></MenAtArm>
		<MenAtArm type="bowmen" key="mk_boh_t1_archers"></MenAtArm>
		<MenAtArm type="crossbowmen" key="mk_boh_t1_crossbowmen"></MenAtArm>
		<MenAtArm type="light_horsemen" key="mk_boh_t1_mounted_raiders"></MenAtArm>
		<MenAtArm type="armored_horsemen" key="mk_boh_t1_knights"></MenAtArm>
		<MenAtArm type="house_guard" key="mk_tri_t1_dismounted_elector_knights"></MenAtArm>
		<MenAtArm type="teutonic_knights" key="mk_teu_t1_swordbrethren"></MenAtArm>

		<MenAtArm type="hussar" key="mk_boh_t1_mounted_sergeants"></MenAtArm>
		
		<MenAtArm type="accolade_maa_archers" key="mk_boh_t1_archers"></MenAtArm>
		<MenAtArm type="accolade_maa_lancers" key="mk_boh_t1_banneret_knights"></MenAtArm>
		<MenAtArm type="accolade_maa_outriders" key="mk_boh_t1_mounted_sergeants"></MenAtArm>
		<MenAtArm type="accolade_maa_pikes" key="mk_boh_t1_sergeant_spearmen"></MenAtArm>
		<MenAtArm type="accolade_maa_skirmishers" key="mk_boh_t1_pacholek_spearmen"></MenAtArm>
		<MenAtArm type="accolade_maa_vanguard" key="mk_hre_t1_konstafler_streitaxte"></MenAtArm>
		<MenAtArm type="accolade_maa_crossbowmen" key="mk_hre_t1_armbrustschutzen"></MenAtArm>	
	</Faction>
	
	<Faction title_key="k_bulgaria" name= "Bulgaria">
		<General key="mk_bulg_t1_tsar_bodyguard"></General>
		<Knights key="mk_bulg_t1_general_bodyguard"></Knights>
		
		<MenAtArm type="light_footmen" key="mk_bulg_t1_slav_aux_javelinmen"></MenAtArm>
		<MenAtArm type="armored_footmen" key="mk_bulg_t1_heavy_spearmen"></MenAtArm>
		<MenAtArm type="pikemen_unit" key="mk_bulg_t1_hooked_pikemen"></MenAtArm>
		<MenAtArm type="bowmen" key="mk_bulg_t1_archers"></MenAtArm>
		<MenAtArm type="crossbowmen" key="mk_croat_T1_crossbowmen"></MenAtArm>
		<MenAtArm type="light_horsemen" key="mk_merc_cuman_t1_light_lancers"></MenAtArm>
		<MenAtArm type="armored_horsemen" key="mk_bulg_t1_heavy_cavalry"></MenAtArm>
		<MenAtArm type="house_guard" key="mk_bulg_t1_heavy_spearmen"></MenAtArm>
		<MenAtArm type="teutonic_knights" key="mk_tre_t1_varangoi"></MenAtArm>
	
		<MenAtArm type="hussar" key="mk_bulg_t1_cavalry"></MenAtArm>

		<MenAtArm type="accolade_maa_archers" key="mk_bulg_t1_archers"></MenAtArm>
		<MenAtArm type="accolade_maa_lancers" key="mk_cuman_t1_guards"></MenAtArm>
		<MenAtArm type="accolade_maa_outriders" key="mk_bulg_t1_bolyars"></MenAtArm>
		<MenAtArm type="accolade_maa_pikes" key="mk_bulg_t1_heavy_spearmen"></MenAtArm>
		<MenAtArm type="accolade_maa_skirmishers" key="mk_bulg_t1_axemen_dogs"></MenAtArm>
		<MenAtArm type="accolade_maa_vanguard" key="mk_bulg_t1_voivods"></MenAtArm>
		<MenAtArm type="accolade_maa_crossbowmen" key="mk_merc_gen_t1_genoese_crossbowmen"></MenAtArm>	
	</Faction>

	<Faction title_key="k_danelaw" name= "Danelaw">
		<General key="mk_dan_t1_king_bodyguard"></General>
		<Knights key="mk_dan_t1_knights"></Knights>
		
		<MenAtArm type="light_footmen" key="mk_bulg_t1_slav_aux_javelinmen"></MenAtArm>
		<MenAtArm type="armored_footmen" key="mk_bulg_t1_heavy_spearmen"></MenAtArm>
		<MenAtArm type="pikemen_unit" key="mk_bulg_t1_hooked_pikemen"></MenAtArm>
		<MenAtArm type="bowmen" key="mk_bulg_t1_archers"></MenAtArm>
		<MenAtArm type="crossbowmen" key="mk_croat_T1_crossbowmen"></MenAtArm>
		<MenAtArm type="light_horsemen" key="mk_merc_cuman_t1_light_lancers"></MenAtArm>
		<MenAtArm type="armored_horsemen" key="mk_bulg_t1_heavy_cavalry"></MenAtArm>
		<MenAtArm type="house_guard" key="mk_bulg_t1_heavy_spearmen"></MenAtArm>
		<MenAtArm type="teutonic_knights" key="mk_tre_t1_varangoi"></MenAtArm>
	
		<MenAtArm type="hussar" key="mk_bulg_t1_cavalry"></MenAtArm>

		<MenAtArm type="accolade_maa_archers" key="mk_bulg_t1_archers"></MenAtArm>
		<MenAtArm type="accolade_maa_lancers" key="mk_cuman_t1_guards"></MenAtArm>
		<MenAtArm type="accolade_maa_outriders" key="mk_bulg_t1_bolyars"></MenAtArm>
		<MenAtArm type="accolade_maa_pikes" key="mk_bulg_t1_heavy_spearmen"></MenAtArm>
		<MenAtArm type="accolade_maa_skirmishers" key="mk_bulg_t1_axemen_dogs"></MenAtArm>
		<MenAtArm type="accolade_maa_vanguard" key="mk_bulg_t1_voivods"></MenAtArm>
		<MenAtArm type="accolade_maa_crossbowmen" key="mk_merc_gen_t1_genoese_crossbowmen"></MenAtArm>	
	</Faction>

	<Faction title_key="k_daneland" name= "Daneland">
		<General key="mk_dan_t1_king_bodyguard"></General>
		<Knights key="mk_dan_t1_knights"></Knights>
		
		<MenAtArm type="light_footmen" key="mk_bulg_t1_slav_aux_javelinmen"></MenAtArm>
		<MenAtArm type="armored_footmen" key="mk_bulg_t1_heavy_spearmen"></MenAtArm>
		<MenAtArm type="pikemen_unit" key="mk_bulg_t1_hooked_pikemen"></MenAtArm>
		<MenAtArm type="bowmen" key="mk_bulg_t1_archers"></MenAtArm>
		<MenAtArm type="crossbowmen" key="mk_croat_T1_crossbowmen"></MenAtArm>
		<MenAtArm type="light_horsemen" key="mk_merc_cuman_t1_light_lancers"></MenAtArm>
		<MenAtArm type="armored_horsemen" key="mk_bulg_t1_heavy_cavalry"></MenAtArm>
		<MenAtArm type="house_guard" key="mk_bulg_t1_heavy_spearmen"></MenAtArm>
		<MenAtArm type="teutonic_knights" key="mk_tre_t1_varangoi"></MenAtArm>
	
		<MenAtArm type="hussar" key="mk_bulg_t1_cavalry"></MenAtArm>

		<MenAtArm type="accolade_maa_archers" key="mk_bulg_t1_archers"></MenAtArm>
		<MenAtArm type="accolade_maa_lancers" key="mk_cuman_t1_guards"></MenAtArm>
		<MenAtArm type="accolade_maa_outriders" key="mk_bulg_t1_bolyars"></MenAtArm>
		<MenAtArm type="accolade_maa_pikes" key="mk_bulg_t1_heavy_spearmen"></MenAtArm>
		<MenAtArm type="accolade_maa_skirmishers" key="mk_bulg_t1_axemen_dogs"></MenAtArm>
		<MenAtArm type="accolade_maa_vanguard" key="mk_bulg_t1_voivods"></MenAtArm>
		<MenAtArm type="accolade_maa_crossbowmen" key="mk_merc_gen_t1_genoese_crossbowmen"></MenAtArm>	
	</Faction>
	
	<Faction title_key="k_epirus" name= "Epirus">
		<General key="mk_epi_t1_oikeioi"></General>
		<Knights key="mk_epi_t1_hippovardariotai"></Knights>
		
		<MenAtArm type="light_footmen" key="mk_epi_t1_akontistai"></MenAtArm>
		<MenAtArm type="armored_footmen" key="mk_epi_t1_scoutatoi_swordsmen"></MenAtArm>
		<MenAtArm type="pikemen_unit" key="mk_epi_t1_scoutatoi_spearmen"></MenAtArm>
		<MenAtArm type="bowmen" key="mk_epi_t1_slavos_toxotes"></MenAtArm>
		<MenAtArm type="crossbowmen" key="mk_epi_t1_tzangratoroi"></MenAtArm>
		<MenAtArm type="light_horsemen" key="mk_epi_t1_hippoapelatai"></MenAtArm>
		<MenAtArm type="armored_horsemen" key="mk_epi_t1_pronoiarioi"></MenAtArm>
		<MenAtArm type="house_guard" key="mk_epi_t1_vardariotai"></MenAtArm>
		<MenAtArm type="teutonic_knights" key="mk_epi_t1_englinovarangoi"></MenAtArm>

		<MenAtArm type="horse_archers" key="mk_epi_t1_hippotoxotai"></MenAtArm>
		<MenAtArm type="accolade_maa_horse_archers" key="mk_tre_t1_massagetoi"></MenAtArm>
		
		<MenAtArm type="accolade_maa_archers" key="mk_epi_t1_mourtatoi"></MenAtArm>
		<MenAtArm type="accolade_maa_lancers" key="mk_merc_eur_t1_knights"></MenAtArm>
		<MenAtArm type="accolade_maa_outriders" key="mk_epi_t1_koursores"></MenAtArm>
		<MenAtArm type="accolade_maa_pikes" key="mk_epi_t1_menavlatoi"></MenAtArm>
		<MenAtArm type="accolade_maa_skirmishers" key="mk_epi_t1_apelatai"></MenAtArm>
		<MenAtArm type="accolade_maa_vanguard" key="mk_epi_t1_englinovarangoi"></MenAtArm>
		<MenAtArm type="accolade_maa_crossbowmen" key="mk_merc_gen_t1_genoese_crossbowmen"></MenAtArm>	
	</Faction>
	
</Titles>