﻿<?xml version="1.0" encoding="utf-8" ?>
<FactionsGroups>

	<Faction name="Default">
		<MenAtArm type="RICE_pamir_tribesmen" key="att_des_es_rumha_skirmishers" max="RANGED"></MenAtArm>
		<MenAtArm type="cichiciquitzo" key="att_des_es_rumha_skirmishers" max="RANGED"></MenAtArm>
		<MenAtArm type="marc_hegion" key="cha_bre_armorican_cav" max="CAVALRY"></MenAtArm>
		<MenAtArm type="RICE_norman_cavalry" key="cha_nor_chevalers" max="CAVALRY"></MenAtArm>
		<MenAtArm type="tennataerion" key="cha_cel_welsh_longbowmen" max="RANGED"></MenAtArm>
		<MenAtArm type="RICE_siberian_hunters" key="att_nom_steppe_shield_archers" max="RANGED" ></MenAtArm>
		<MenAtArm type="RICE_swahili_sailors" key="GARAM_amazigh_swords" max="INFANTRY"></MenAtArm>
		<MenAtArm type="RICE_velakkara" key="att_des_es_athars_chosen" max="INFANTRY"></MenAtArm>
		<MenAtArm type="RICE_bantu_warriors" key="att_des_es_marz_archers" max="RANGED"></MenAtArm>
		<MenAtArm type="guanche_warrior" key="MAUR_agher_spears" max="RANGED"></MenAtArm>
		<MenAtArm type="RICE_sicily_bowmen" key="mubs_rumat" max="RANGED"></MenAtArm>
		<MenAtArm type="RICE_arimanni" key="att_ger_godan's_chosen" max="INFANTRY"></MenAtArm>
	</Faction>
	
</FactionsGroups>