﻿<?xml version="1.0" encoding="utf-8" ?>
<Cultures>
    <Heritage name="heritage_latin" faction="Rome WRE">
		<Culture name="italian" faction="Rome WRE"></Culture>
		<Culture name="roman" faction="Rome WRE"></Culture>
		<Culture name="sardinian" faction="Rome WRE"></Culture>
        <Culture name="illyro_roman" faction="Rome ILLYRO"></Culture>
		<Culture name="gallo_roman" faction="Rome GALLO"></Culture>
        <Culture name="afro_roman" faction="Rome AFRO"></Culture>
        <Culture name="mauro_roman" faction="Rome AFRO"></Culture>
		<Culture name="britano_roman" faction="Rome BRITANO"></Culture>
		<Culture name="thracio_roman" faction="Rome THRACIO"></Culture>
        <Culture name="dacio_roman" faction="Rome THRACIO"></Culture>
		<Culture name="hispano_roman" faction="Rome HISPANO"></Culture>
	    <Culture name="hiberno_roman" faction="Rome HISPANO"></Culture>
        <Culture name="caledo_roman" faction="Rome WRE"></Culture>
		<Culture name="rhaetio_roman" faction="Rome RHAETIO"></Culture>
		<Culture name="sicilian" faction="Rome WRE"></Culture>
        <Culture name="lombard" faction="Rome WRE"></Culture>
		<Culture name="cisalpine" faction="Rome WRE"></Culture>
		<Culture name="balearic" faction="Rome HISPANO"></Culture>
        <Culture name="galecian" faction="Rome WRE"></Culture>
		<Culture name="lusitanian" faction="Rome HISPANO"></Culture>
		<Culture name="baetican" faction="Rome WRE"></Culture>
        <Culture name="iberian" faction="Rome HISPANO"></Culture>
		<Culture name="armorican" faction="Rome WRE"></Culture>
		<Culture name="germanian" faction="Rome GALLO"></Culture>  
        <Culture name="helvetian" faction="Rome WRE"></Culture>
		<Culture name="aquitan" faction="Rome WRE"></Culture>
        <Culture name="gallian" faction="Rome GALLO"></Culture>
		<Culture name="britanian" faction="Rome BRITANO"></Culture>  
        <Culture name="celto_roman" faction="Rome GALLO"></Culture>
        <Culture name="germano_roman" faction="Rome GALLO"></Culture>
        <Culture name="franco_roman" faction="Rome GALLO"></Culture>	
  	    <Culture name="anglo_roman" faction="Rome BRITANO"></Culture>
        <Culture name="scando_roman" faction="Rome WRE"></Culture>
        <Culture name="venedo_roman" faction="Rome WRE"></Culture>	
  	    <Culture name="aesto_roman" faction="Rome WRE"></Culture>
        <Culture name="fenno_roman" faction="Rome WRE"></Culture>		
	</Heritage>
    <Heritage name="heritage_hellenistic" faction="Rome EST">
	    <Culture name="hellenic" faction="Rome EST"></Culture>
		<Culture name="greek" faction="Rome EST"></Culture>
		<Culture name="aegyptian" faction="Rome AEGYPTIAN"></Culture>
		<Culture name="cappadocian" faction="Rome CAPPADOCIA"></Culture>
        <Culture name="phrygian" faction="Rome CAPPADOCIA"></Culture>
		<Culture name="pontic" faction="Rome PONTIC"></Culture>
        <Culture name="isaurian" faction="Rome CAPPADOCIA"></Culture>
        <Culture name="syrian" faction="Rome SYRIAN"></Culture>
		<Culture name="helleno_roman" faction="Rome EST"></Culture>
		<Culture name="egypto_roman" faction="Rome AEGYPTIAN"></Culture>
		<Culture name="sarmatio_roman" faction="Rome EST"></Culture>
		<Culture name="scytho_roman" faction="Rome PONTIC"></Culture>
		<Culture name="turko_roman" faction="Rome PONTIC"></Culture>
		<Culture name="erano_roman" faction="Rome PONTIC"></Culture>
		<Culture name="indo_roman" faction="Rome PONTIC"></Culture>
    </Heritage>
    <Heritage name="heritage_italic" faction="Rome WRE">
		<Culture name="rhaetian" faction="Rome RHAETIO"></Culture>
		<Culture name="etruscan" faction="Rome WRE"></Culture>
		<Culture name="nuragic" faction="Rome WRE"></Culture>
    </Heritage>
    <Heritage name="heritage_iberian" faction="Rome WRE">
		<Culture name="castran" faction="Caledonians"></Culture>
		<Culture name="asturian" faction="Caledonians"></Culture>
		<Culture name="cantabrian" faction="Caledonians"></Culture>
        <Culture name="aquitanian" faction="Rome WRE"></Culture>
		<Culture name="old_suebi" faction="Suebians"></Culture>
        <Culture name="basque" faction="Rome WRE"></Culture>
        <Culture name="aragonese" faction="Rome WRE"></Culture>
    </Heritage>
    <Heritage name="heritage_balkanic" faction="Rome EST">
		<Culture name="dacian" faction="Rome EST"></Culture>
		<Culture name="Arbron" faction="Rome EST"></Culture>
        <Culture name="illyrian" faction="Rome EST"></Culture>
        <Culture name="Dardanian" faction="Rome EST"></Culture>	
        <Culture name="pannonian" faction="Rome EST"></Culture>		
    </Heritage>
    <Heritage name="heritage_daco_thracian" faction="Rome EST">
		<Culture name="thracian" faction="Rome EST"></Culture>
    </Heritage>
    <Heritage name="heritage_turkic" faction="Hun">
		<Culture name="hun" faction="Hun"></Culture>
		<Culture name="hunnic" faction="Hun"></Culture>
	    <Culture name="akatzir" faction="Hun"></Culture>												  
		<Culture name="sabir" faction="Hun"></Culture>
		<Culture name="saragur" faction="Hun"></Culture>
        <Culture name="avar" faction="Hun"></Culture>
		<Culture name="tiele" faction="Hun"></Culture>
		<Culture name="tujue" faction="Hun"></Culture>
        <Culture name="uyghur" faction="Hun"></Culture>
		<Culture name="turkish" faction="Hun"></Culture>
		<Culture name="pecheneg" faction="Hun"></Culture>
        <Culture name="cuman" faction="Hun"></Culture>
		<Culture name="khazar" faction="Hun"></Culture>
		<Culture name="bolghar" faction="Hun"></Culture>
        <Culture name="bashkir" faction="Hun"></Culture>
		<Culture name="karluk" faction="Hun"></Culture>
		<Culture name="kimek" faction="Hun"></Culture>
        <Culture name="kipchak" faction="Hun"></Culture>
		<Culture name="laktan" faction="Hun"></Culture>
		<Culture name="kirghiz" faction="Hun"></Culture>
        <Culture name="yughur" faction="Hun"></Culture>
		<Culture name="uriankhai" faction="Hun"></Culture>
		<Culture name="chuvash" faction="Hun"></Culture>
        <Culture name="ongud" faction="Hun"></Culture>
		<Culture name="shatuo" faction="Hun"></Culture>
		<Culture name="kangar" faction="Hun"></Culture>
		<Culture name="kurykan" faction="Hun"></Culture>
	</Heritage>
    <Heritage name="heritage_east_germanic" faction="Goth">
		<Culture name="vandal" faction="Vandal"></Culture>
        <Culture name="gothic" faction="Goth"></Culture>
		<Culture name="gothonic" faction="Goth"></Culture>
		<Culture name="visigothic" faction="Visigoths"></Culture>
		<Culture name="hispanian" faction="Goth"></Culture>
        <Culture name="ostrogothic" faction="Goth"></Culture>
		<Culture name="gepid" faction="Goth"></Culture>
		<Culture name="herulian" faction="Goth"></Culture>
        <Culture name="scirian" faction="Goth"></Culture>
		<Culture name="rugian" faction="Goth"></Culture>
		<Culture name="vrinian" faction="Goth"></Culture>
        <Culture name="bastarnian" faction="Goth"></Culture>
		<Culture name="burgundian" faction="Burgonde"></Culture>
        <Culture name="przeworsk" faction="Burgonde"></Culture>
	</Heritage>
    <Heritage name="heritage_magyar" faction="Hun">
	    <Culture name="mogyer" faction="Hun"></Culture>
	</Heritage>
    <Heritage name="heritage_central_germanic" faction="Franks">
        <Culture name="frankish" faction="Franks"></Culture>
        <Culture name="langobardi" faction="Langobards"></Culture>
		<Culture name="thuringian" faction="Franks"></Culture>
        <Culture name="western_suebi" faction="Suebians"></Culture>
		<Culture name="marcomannic" faction="Franks"></Culture>
        <Culture name="alemanni" faction="Alamans"></Culture>
		<Culture name="alamannic" faction="Alamans"></Culture>
        <Culture name="suebi" faction="Suebians"></Culture>
		<Culture name="suabian" faction="Suebians"></Culture>
	</Heritage>
    <Heritage name="heritage_frankish" faction="Franks">
        <Culture name="franconian" faction="Franks"></Culture>
        <Culture name="french" faction="Franks"></Culture>
    </Heritage>
    <Heritage name="heritage_iranian" faction="Sassanids">
		<Culture name="persian" faction="Sassanids"></Culture>
		<Culture name="kurdish" faction="Sassanids"></Culture>
		<Culture name="baloch" faction="Sassanids"></Culture>
        <Culture name="daylamite" faction="Sassanids"></Culture>
		<Culture name="tajik" faction="Sassanids"></Culture>
		<Culture name="afghan" faction="Sassanids"></Culture>
        <Culture name="saka" faction="Sassanids"></Culture>
		<Culture name="sogdian" faction="Sassanids"></Culture>
		<Culture name="kwarezmian" faction="Sassanids"></Culture>
        <Culture name="tocharian" faction="Sassanids"></Culture>
		<Culture name="median" faction="Sassanids"></Culture>
		<Culture name="parthian" faction="Sassanids"></Culture>
        <Culture name="pactyan" faction="Sassanids"></Culture>
		<Culture name="cadusian" faction="Sassanids"></Culture>
        <Culture name="hephthalite" faction="Sassanids"></Culture>
        <Culture name="turco_hephthalite" faction="Sassanids"></Culture>
		<Culture name="bactrian" faction="Sassanids"></Culture>
		<Culture name="wusun" faction="Sassanids"></Culture>
        <Culture name="xionite" faction="Sassanids"></Culture>
        <Culture name="shaka" faction="Sassanids"></Culture>
		<Culture name="yuezhi" faction="Sassanids"></Culture>
		<Culture name="xiao_yuezhi" faction="Sassanids"></Culture>
		<Culture name="elymaean" faction="Sassanids"></Culture>
		<Culture name="ferghanan" faction="Sassanids"></Culture>
		<Culture name="old_ferghanan" faction="Sassanids"></Culture>
		<Culture name="aorsi" faction="Sassanids"></Culture>
	</Heritage>
    <Heritage name="heritage_sarmatian" faction="Alans">
		<Culture name="alan" faction="Alans"></Culture>
		<Culture name="thyssagataen" faction="Alans"></Culture>
		<Culture name="ciscaucassian" faction="Alans"></Culture>
        <Culture name="roxolan" faction="Alans"></Culture>
		<Culture name="yazige" faction="Alans"></Culture>
		<Culture name="taifal" faction="Alans"></Culture>
		<Culture name="taifalian" faction="Alans"></Culture>
        <Culture name="kangju" faction="Alans"></Culture>
	</Heritage>
    <Heritage name="heritage_north_germanic" faction="Geats">
		<Culture name="norse" faction="Geats"></Culture>
		<Culture name="sitonian" faction="Geats"></Culture>
		<Culture name="swedish" faction="Geats"></Culture>
		<Culture name="norwegian" faction="Geats"></Culture>
        <Culture name="danish" faction="Geats"></Culture>
		<Culture name="gautish" faction="Geats"></Culture>
        <Culture name="gutish" faction="Geats"></Culture>
	</Heritage>
    <Heritage name="heritage_volga_finnic" faction="Venedians">
		<Culture name="moksha" faction="Venedians"></Culture>
		<Culture name="meschera" faction="Venedians"></Culture>
		<Culture name="merya" faction="Venedians"></Culture>
		<Culture name="muroma" faction="Venedians"></Culture>
	</Heritage>
    <Heritage name="heritage_west_germanic" faction="Saxons">
		<Culture name="angle" faction="Saxons"></Culture>
		<Culture name="jute" faction="Jutes"></Culture>
        <Culture name="anglo_saxon" faction="Saxons"></Culture>
        <Culture name="old_saxon" faction="Saxons"></Culture>
		<Culture name="ripurian" faction="Jutes"></Culture>
        <Culture name="frisian" faction="Jutes"></Culture>
        <Culture name="frisa" faction="Jutes"></Culture>
		<Culture name="english" faction="Saxons"></Culture>
	</Heritage>
    <Heritage name="heritage_goidelic" faction="Ebdanians">
		<Culture name="gaelic" faction="Ebdanians"></Culture>
	</Heritage>
	<Heritage name="heritage_celtic" faction="Caledonians">
		<Culture name="noric" faction="Caledonians"></Culture>
		<Culture name="galatian" faction="Caledonians"></Culture>
	</Heritage>
    <Heritage name="heritage_brythonic" faction="Caledonians">
		<Culture name="briton" faction="Caledonians"></Culture>
	</Heritage>
	<Heritage name="heritage_pictish" faction="Picts">
        <Culture name="pictish" faction="Picts"></Culture>
	</Heritage>
    <Heritage name="heritage_berber" faction="Garamantians">
		<Culture name="butr" faction="Garamantians"></Culture>
        <Culture name="baranis" faction="Garamantians"></Culture>
        <Culture name="masmuda" faction="Garamantians"></Culture>
        <Culture name="sanhaja" faction="Garamantians"></Culture>
        <Culture name="tora" faction="Garamantianss"></Culture>
        <Culture name="tuareg" faction="Garamantians"></Culture>
        <Culture name="garamantian" faction="Garamantians"></Culture>
        <Culture name="gaetulian" faction="Garamantians"></Culture>
        <Culture name="libian" faction="Garamantians"></Culture>
		<Culture name="autoleles" faction="Garamantians"></Culture>
        <Culture name="pharusian" faction="Garamantians"></Culture>
		<Culture name="maurian" faction="Garamantians"></Culture>
		<Culture name="berber" faction="Garamantians"></Culture>
	</Heritage>
    <Heritage name="heritage_central_african" faction="Aksum">
		<Culture name="kanuri" faction="Aksum"></Culture>
        <Culture name="hausa" faction="Aksum"></Culture>
        <Culture name="sao" faction="Aksum"></Culture>
        <Culture name="nupe" faction="Aksum"></Culture>
        <Culture name="zaghawa" faction="Aksum"></Culture>
        <Culture name="toubou" faction="Aksum"></Culture>
	</Heritage>
	<Heritage name="heritage_north_african" faction="Aksum">
	</Heritage>
	<Heritage name="heritage_bantu" faction="Aksum">
	     <Culture name="east_bantu" faction="Aksum"></Culture>
	</Heritage>
    <Heritage name="heritage_sahelian" faction="Aksum">
		<Culture name="bafour" faction="Aksum"></Culture>
        <Culture name="soninke" faction="Aksum"></Culture>
        <Culture name="bozo" faction="Aksum"></Culture>
        <Culture name="mossi" faction="Aksum"></Culture>
        <Culture name="sorko" faction="Aksum"></Culture>
        <Culture name="gaw" faction="Aksum"></Culture>
        <Culture name="songhai" faction="Aksum"></Culture>
	</Heritage>
    <Heritage name="heritage_west_african" faction="Aksum">
		<Culture name="malinke" faction="Aksum"></Culture>
        <Culture name="bobo" faction="Aksum"></Culture>
        <Culture name="gur" faction="Aksum"></Culture>
        <Culture name="marka" faction="Aksum"></Culture>
        <Culture name="mel" faction="Aksum"></Culture>
	</Heritage>
    <Heritage name="heritage_akan" faction="Aksum">
		<Culture name="akan" faction="Aksum"></Culture>
        <Culture name="kru" faction="Aksum"></Culture>
       <Culture name="guan" faction="Aksum"></Culture>
	</Heritage>
    <Heritage name="heritage_senegambian" faction="Aksum">
		<Culture name="pulaar" faction="Aksum"></Culture>
        <Culture name="serer" faction="Aksum"></Culture>
        <Culture name="wolof" faction="Aksum"></Culture>
	</Heritage>
    <Heritage name="heritage_levantine" faction="Saracenians">
		<Culture name="hebrew" faction="Saracenians"></Culture>
		<Culture name="levantine" faction="Saracenians"></Culture>
        <Culture name="phoenician" faction="Saracenians"></Culture>
        <Culture name="punic" faction="Garamantians"></Culture>
	</Heritage>
    <Heritage name="heritage_yoruba" faction="Aksum">
		<Culture name="yoruba" faction="Aksum"></Culture>
        <Culture name="edo" faction="Aksum"></Culture>
        <Culture name="igbo" faction="Aksum"></Culture>
        <Culture name="ewe" faction="Aksum"></Culture>
	</Heritage>
    <Heritage name="heritage_somalian" faction="Aksum">
		<Culture name="somali" faction="Aksum"></Culture>
        <Culture name="beja" faction="Aksum"></Culture>
        <Culture name="afar" faction="Aksum"></Culture>
		<Culture name="harla" faction="Aksum"></Culture>
	</Heritage>
    <Heritage name="heritage_east_african" faction="Aksum">
		<Culture name="ethiopian" faction="Aksum"></Culture>
        <Culture name="nubian" faction="Aksum"></Culture>
        <Culture name="welayta" faction="Aksum"></Culture>
        <Culture name="daju" faction="Aksum"></Culture>
        <Culture name="axumite" faction="Aksum"></Culture>
		<Culture name="noba" faction="Aksum"></Culture>
		<Culture name="nuba" faction="Aksum"></Culture>
        <Culture name="meroitic" faction="Aksum"></Culture>
		<Culture name="dinka" faction="Aksum"></Culture>
	</Heritage>
    <Heritage name="heritage_kemetic" faction="Aksum">
		<Culture name="kemetic" faction="Aksum"></Culture>
	</Heritage>
    <Heritage name="heritage_arabic" faction="Lakhmids">
        <Culture name="nabatean" faction="Lakhmids"></Culture>
        <Culture name="bedouin" faction="Lakhmids"></Culture>
	</Heritage>
    <Heritage name="heritage_semitic" faction="Saracenians">
		<Culture name="aramean" faction="Saracenians"></Culture>
        <Culture name="assyrian" faction="Sassanids"></Culture>
		<Culture name="jewish" faction="Sassanids"></Culture>
	</Heritage>
	<Heritage name="heritage_south_semitic" faction="Saracenians">
		<Culture name="south_arabian" faction="Aksum"></Culture>
        <Culture name="himyarite" faction="Himyar"></Culture>
		<Culture name="ethiopian" faction="Aksum"></Culture>
	</Heritage> 
    <Heritage name="heritage_baltic" faction="Venedians">
		<Culture name="latgalian" faction="Venedians"></Culture>
        <Culture name="lithuanian" faction="Venedians"></Culture>
        <Culture name="prussian" faction="Venedians"></Culture>
        <Culture name="aestian" faction="Venedians"></Culture>
        <Culture name="curonian" faction="Venedians"></Culture>
        <Culture name="semigallian" faction="Venedians"></Culture>
        <Culture name="selonian" faction="Venedians"></Culture>
        <Culture name="samogitian" faction="Venedians"></Culture>
        <Culture name="sudovian" faction="Venedians"></Culture>
        <Culture name="east_galindian" faction="Venedians"></Culture>
        <Culture name="scalvian" faction="Venedians"></Culture>
        <Culture name="dnieper" faction="Venedians"></Culture>
		<Culture name="galindian" faction="Venedians"></Culture>
		<Culture name="kolochin" faction="Venedians"></Culture>
		<Culture name="venedian" faction="Venedians"></Culture>
	</Heritage>
    <Heritage name="heritage_balto_finnic" faction="Venedians">
		<Culture name="finnish" faction="Venedians"></Culture>
        <Culture name="tavastian" faction="Venedians"></Culture>
        <Culture name="estonian" faction="Venedians"></Culture>
        <Culture name="livonian" faction="Venedians"></Culture>
        <Culture name="karelian" faction="Venedians"></Culture>
        <Culture name="chudic" faction="Venedians"></Culture>
        <Culture name="fenni" faction="Venedians"></Culture>
	</Heritage>
    <Heritage name="heritage_east_slavic" faction="Anteans">
		<Culture name="ilmenian" faction="Anteans"></Culture>
        <Culture name="severian" faction="Anteans"></Culture>
        <Culture name="volhynian" faction="Anteans"></Culture>
        <Culture name="russian" faction="Anteans"></Culture>
        <Culture name="antean" faction="Anteans"></Culture>
		<Culture name="merya" faction="Anteans"></Culture>
	</Heritage>
    <Heritage name="heritage_west_slavic" faction="Anteans">
		<Culture name="pommeranian" faction="Anteans"></Culture>
        <Culture name="czech" faction="Anteans"></Culture>
        <Culture name="polish" faction="Anteans"></Culture>
        <Culture name="vistulian" faction="Anteans"></Culture>
        <Culture name="mazovian" faction="Anteans"></Culture>
        <Culture name="silesian" faction="Anteans"></Culture>
        <Culture name="lendian" faction="Anteans"></Culture>
        <Culture name="polabian" faction="Anteans"></Culture>
        <Culture name="lutici" faction="Anteans"></Culture>
        <Culture name="slovien" faction="Anteans"></Culture>
        <Culture name="carantanian" faction="Anteans"></Culture>
        <Culture name="Venedian" faction="Anteans"></Culture>
        <Culture name="wendish" faction="Anteans"></Culture>
		<Culture name="slavic" faction="Anteans"></Culture>
	</Heritage>
    <Heritage name="heritage_south_slavic" faction="Sclavenian">
		<Culture name="croatian" faction="Sclavenian"></Culture>
        <Culture name="belocroat" faction="Sclavenian"></Culture>
        <Culture name="serbian" faction="Sclavenian"></Culture>
        <Culture name="beloserb" faction="Sclavenian"></Culture>
        <Culture name="sclavenian" faction="Sclavenian"></Culture>
	</Heritage>
    <Heritage name="heritage_vlach" faction="Sclavenian">
		<Culture name="vlach" faction="Sclavenian"></Culture>																												 
	</Heritage>
    <Heritage name="heritage_ugro_permian" faction="Sclavenian">
		<Culture name="mari" faction="Sclavenian"></Culture>
        <Culture name="ugrian" faction="Sclavenian"></Culture>
        <Culture name="khanty" faction="Sclavenian"></Culture>
        <Culture name="komi" faction="Sclavenian"></Culture>
        <Culture name="udmurt" faction="Sclavenian"></Culture>
        <Culture name="samoyed" faction="Sclavenian"></Culture>
	</Heritage>
    <Heritage name="heritage_caucasian" faction="Armenia">
		<Culture name="kartvelian" faction="Armenia"></Culture>
        <Culture name="abkhazian" faction="Armenia"></Culture>
        <Culture name="caspian" faction="Armenia"></Culture>
        <Culture name="circassian" faction="Armenia"></Culture>
        <Culture name="armenian" faction="Armenia"></Culture>
        <Culture name="georgian" faction="Armenia"></Culture>
        <Culture name="mingrelian" faction="Armenia"></Culture>
        <Culture name="svan" faction="Armenia"></Culture>
        <Culture name="laz" faction="Armenia"></Culture>
        <Culture name="arran" faction="Armenia"></Culture>
        <Culture name="abasgian" faction="Armenia"></Culture>
        <Culture name="colchian" faction="Armenia"></Culture>
	</Heritage>
    <Heritage name="heritage_mongolic" faction="Hun">
		<Culture name="rouran" faction="Hun"></Culture>
        <Culture name="mongol" faction="Hun"></Culture>
        <Culture name="buryat" faction="Hun"></Culture>
        <Culture name="naiman" faction="Hun"></Culture>
        <Culture name="kerait" faction="Hun"></Culture>
        <Culture name="khitan" faction="Hun"></Culture>
        <Culture name="tuyuhun" faction="Hun"></Culture>
        <Culture name="jurchen" faction="Hun"></Culture>
        <Culture name="xianbei" faction="Hun"></Culture>
        <Culture name="donghu" faction="Hun"></Culture>
        <Culture name="oirat" faction="Hun"></Culture>
	</Heritage>
    <Heritage name="heritage_indo_aryan" faction="Hun">
	    <Culture name="kashmiri" faction="Hun"></Culture>
        <Culture name="gandhari" faction="Hun"></Culture>
        <Culture name="madraka" faction="Hun"></Culture> 
        <Culture name="sindhi" faction="Hun"></Culture>
		<Culture name="yaudheya" faction="Hun"></Culture>
        <Culture name="bharatiya" faction="Hun"></Culture>
        <Culture name="kaushali" faction="Hun"></Culture> 
        <Culture name="pahari" faction="Hun"></Culture>
		<Culture name="arjunayana" faction="Hun"></Culture>
        <Culture name="bhil" faction="Hun"></Culture>
        <Culture name="malvi" faction="Hun"></Culture> 
        <Culture name="avantika" faction="Hun"></Culture>
		<Culture name="abhira" faction="Hun"></Culture>
        <Culture name="saurashtri" faction="Hun"></Culture>
        <Culture name="marathi" faction="Hun"></Culture> 
        <Culture name="kashika" faction="Hun"></Culture>
		<Culture name="magadhi" faction="Hun"></Culture>
        <Culture name="maithili" faction="Hun"></Culture>
        <Culture name="bengali" faction="Hun"></Culture> 
        <Culture name="radhi" faction="Hun"></Culture>
		<Culture name="varendri" faction="Hun"></Culture>
		<Culture name="oriya" faction="Hun"></Culture>
        <Culture name="sinhala" faction="Hun"></Culture>
        <Culture name="jat" faction="Hun"></Culture>
        <Culture name="nuristani" faction="Hun"></Culture>
        <Culture name="Burushaski" faction="Hun"></Culture>
        <Culture name="vedda" faction="Hun"></Culture> 
        <Culture name="Saindhava" faction="Hun"></Culture>	
        <Culture name="gurjara" faction="Hun"></Culture> 
        <Culture name="med" faction="Hun"></Culture>	
        <Culture name="meitei" faction="Hun"></Culture>
        <Culture name="kshudraka" faction="Hun"></Culture> 		
    </Heritage>
	<Heritage name="heritage_kherwal" faction="Hun">
		<Culture name="munda" faction="Hun"></Culture>   
	</Heritage>
	<Heritage name="heritage_dravidian" faction="Hun">
		<Culture name="tamil" faction="Hun"></Culture>
        <Culture name="telugu" faction="Hun"></Culture>
        <Culture name="kannada" faction="Hun"></Culture> 
        <Culture name="gond" faction="Hun"></Culture>  
        <Culture name="khond" faction="Hun"></Culture>
        <Culture name="maler" faction="Hun"></Culture> 
        <Culture name="malaiya" faction="Hun"></Culture>		
	</Heritage>
    <Heritage name="heritage_elamite" faction="Sassanids">
		<Culture name="elamite" faction="Sassanids"></Culture>
    </Heritage>
    <Heritage name="Easter Egg" faction="Franks">
		<Culture name="soissons" faction="Franks"></Culture>
    </Heritage>
    <Heritage name="heritage_celtiberian" faction="Caledonians">
	    <Culture name="celtiberian" faction="Caledonians"></Culture>
    </Heritage>
    <Heritage name="heritage_tibetan" faction="Hun">
		<Culture name="zo" faction="Hun"></Culture>
		<Culture name="kachari" faction="Hun"></Culture>
		<Culture name="newari" faction="Hun"></Culture>
		<Culture name="pyu" faction="Hun"></Culture>
    </Heritage>
    <Heritage name="heritage_qiangic" faction="Hun">
		<Culture name="di" faction="Hun"></Culture>
		<Culture name="tangut" faction="Hun"></Culture>
		<Culture name="qiang" faction="Hun"></Culture>
    </Heritage>
    <Heritage name="heritage_yeniseian" faction="Hun">
		<Culture name="yeniseian" faction="Hun"></Culture>
        <Culture name="xiongnu" faction="Hun"></Culture>
    </Heritage>
    <Heritage name="Serindian" faction="Hun">
    </Heritage>
	<Heritage name="heritage_chinese" faction="Hun">
    </Heritage>
	<Heritage name="heritage_siberian" faction="Hun">
		<Culture name="Evenk" faction="Hun"></Culture>
    </Heritage>
	<Heritage name="heritage_gaulish" faction="Hun">
		<Culture name="gaul" faction="Hun"></Culture>
    </Heritage>
        
</Cultures>
