﻿<?xml version="1.0" encoding="utf-8" ?>
<Titles>
	<!--This is to assign MEN-AT-ARMS units based on title key and not owner culture-->
	<!--Levies do not take part in this!!-->
	
	
	<!--DEFAULT value does not work here, every unit must have a unit key-->
	<!--title_key = key of the landed title-->
	<Faction title_key="e_byzantium" name= "Byzantine Empire">
		<General key="att_rom_magister_militum"></General>
		<Knights key="att_rom_excubitores_cavalry_guard"></Knights>
		
		<MenAtArm type="light_footmen" key="att_rom_levis_armaturae"></MenAtArm>
		<MenAtArm type="armored_footmen" key="bel_rom_skutatoi_spears_1"></MenAtArm>
		<MenAtArm type="pikemen_unit" key="ERE_transtigritiani_spears"></MenAtArm>
		<MenAtArm type="bowmen" key="att_rom_armoured_sagittarii"></MenAtArm>
		<MenAtArm type="crossbowmen" key="att_rom_ballistarii"></MenAtArm>
		<MenAtArm type="light_horsemen" key="ERE_equites_tertio_dalmatae"></MenAtArm>
		<MenAtArm type="armored_horsemen" key="ERE_patrikos_obsequium"></MenAtArm>
		<MenAtArm type="house_guard" key="ERE_protectores_palatina"></MenAtArm>
		<MenAtArm type="teutonic_knights" key="ERE_dismounted_excubitores_2"></MenAtArm>

		<MenAtArm type="camel_rider" key="att_rom_imperial_dromedarii"></MenAtArm>
		<MenAtArm type="accolade_maa_camel_riders" key="att_rom_imperial_dromedarii"></MenAtArm>
		<MenAtArm type="horse_archers" key="ERE_equites_toxoto_dalmatae"></MenAtArm>
		<MenAtArm type="accolade_maa_horse_archers" key="ERE_boukelaroi_toxotai"></MenAtArm>

		<MenAtArm type="accolade_maa_archers" key="att_rom_armoured_sagittarii"></MenAtArm>
		<MenAtArm type="accolade_maa_lancers" key="ERE_leones_clib"></MenAtArm>
		<MenAtArm type="accolade_maa_outriders" key="ERE_limitanei_levy_lancers"></MenAtArm>
		<MenAtArm type="accolade_maa_pikes" key="att_rom_numeroi"></MenAtArm>
		<MenAtArm type="accolade_maa_skirmishers" key="att_rom_exculcatores"></MenAtArm>
		<MenAtArm type="accolade_maa_vanguard" key="ERE_bucellarii_pedites"></MenAtArm>
		<MenAtArm type="accolade_maa_crossbowmen" key="att_rom_elite_ballistarii"></MenAtArm>
	</Faction>
	
	<Faction title_key="e_france" name= "French Empire">
		<General key="cha_fra_paladin_guardsmen"></General>
		<Knights key="cha_fra_guardsmen"></Knights>
		
		<MenAtArm type="light_footmen" key="cha_fra_skirm"></MenAtArm>
		<MenAtArm type="armored_footmen" key="cha_fra_mounted_swordsmen"></MenAtArm>
		<MenAtArm type="pikemen_unit" key="cha_fra_mounted_spear"></MenAtArm>
		<MenAtArm type="bowmen" key="cha_fra_mounted_archers"></MenAtArm>
		<MenAtArm type="crossbowmen" key="cha_cel_pictish_crossbowmen"></MenAtArm>
		<MenAtArm type="light_horsemen" key="cha_fra_horsemen"></MenAtArm>
		<MenAtArm type="armored_horsemen" key="cha_fra_scola_knights"></MenAtArm>
		<MenAtArm type="house_guard" key="cha_fra_palace_guard"></MenAtArm>
		<MenAtArm type="teutonic_knights" key="cha_pap_guardsmen"></MenAtArm>

		<MenAtArm type="accolade_maa_archers" key="cha_fra_mounted_archers"></MenAtArm>
		<MenAtArm type="accolade_maa_lancers" key="cha_fra_scola_knights"></MenAtArm>
		<MenAtArm type="accolade_maa_outriders" key="cha_fra_cheval_javeloz"></MenAtArm>
		<MenAtArm type="accolade_maa_pikes" key="cha_fra_palace_guard"></MenAtArm>
		<MenAtArm type="accolade_maa_skirmishers" key="cha_fra_sword"></MenAtArm>
		<MenAtArm type="accolade_maa_vanguard" key="cha_fra_mounted_swordsmen"></MenAtArm>
		<MenAtArm type="accolade_maa_crossbowmen" key="att_rom_elite_ballistarii"></MenAtArm>
	</Faction>

	<Faction title_key="e_outremer" name= "Outremer">
		<General key="cha_fra_paladin_guardsmen"></General>
		<Knights key="cha_fra_guardsmen"></Knights>
		
		<MenAtArm type="light_footmen" key="cha_mus_andalusian_skirm"></MenAtArm>
		<MenAtArm type="armored_footmen" key="cha_fra_mounted_swordsmen"></MenAtArm>
		<MenAtArm type="pikemen_unit" key="cha_fra_mounted_spear"></MenAtArm>
		<MenAtArm type="bowmen" key="cha_mus_armoured_archers"></MenAtArm>
		<MenAtArm type="crossbowmen" key="cha_cel_pictish_crossbowmen"></MenAtArm>
		<MenAtArm type="light_horsemen" key="cha_mus_berber_horsemen"></MenAtArm>
		<MenAtArm type="armored_horsemen" key="cha_fra_scola_knights"></MenAtArm>
		<MenAtArm type="house_guard" key="cha_fra_palace_guard"></MenAtArm>
		<MenAtArm type="teutonic_knights" key="cha_pap_guardsmen"></MenAtArm>

		<MenAtArm type="accolade_maa_archers" key="cha_fra_mounted_archers"></MenAtArm>
		<MenAtArm type="accolade_maa_lancers" key="cha_fra_scola_knights"></MenAtArm>
		<MenAtArm type="accolade_maa_outriders" key="cha_fra_horsemen"></MenAtArm>
		<MenAtArm type="accolade_maa_pikes" key="cha_fra_palace_guard"></MenAtArm>
		<MenAtArm type="accolade_maa_skirmishers" key="cha_fra_skirm"></MenAtArm>
		<MenAtArm type="accolade_maa_vanguard" key="cha_fra_mounted_swordsmen"></MenAtArm>
		<MenAtArm type="accolade_maa_crossbowmen" key="att_rom_elite_ballistarii"></MenAtArm>
	</Faction>	
	
</Titles>