﻿<?xml version="1.0" encoding="utf-8" ?> 
<Cultures>

	<!--All the "name" values will be found in the path below -->
	<!--Crusader Kings III\game\localization\english\culture-->
	
	<!--New heritages & cultures added by mods should be found in the same directory but in their mod folder-->
	<Heritage name="heritage_akan" faction="West African">
		<Culture name="akan" faction="West African"></Culture>
		<Culture name="guan" faction="West African"></Culture>
		<Culture name="kru" faction="West African"></Culture>
		<Culture name="bono" faction="West African"></Culture>
	</Heritage>

	<Heritage name="heritage_bantu" faction="West African"></Heritage>

	<Heritage name="heritage_arabic" faction="Abbasid">
		<Culture name="bedouin" faction="Bedouin"></Culture>
		<Culture name="egyptian" faction="Egyptian"></Culture>
		<Culture name="misri" faction="Egyptian"></Culture>
		<Culture name="maghrebi" faction="Maghrebi"></Culture>
		<Culture name="mashriqi" faction="Abbasid"></Culture>
		<Culture name="yemeni" faction="Himyarite"></Culture>
		<Culture name="moroccan" faction="Maghrebi"></Culture>
		<Culture name="algerian" faction="Maghrebi"></Culture>
		<Culture name="tripolitanian" faction="Maghrebi"></Culture>
		<Culture name="tunisian" faction="Maghrebi"></Culture>
		<Culture name="outremer" faction="Outremer"></Culture>
		<Culture name="oltremare" faction="Outremer"></Culture>
		<Culture name="ultramar" faction="Outremer"></Culture>
		<Culture name="hierosolyman" faction="Outremer"></Culture>
		<Culture name="jerusaleman" faction="Outremer"></Culture>
		<Culture name="kulfoldi" faction="Outremer"></Culture>
		<Culture name="dramor" faction="Outremer"></Culture>
		<Culture name="coigriche" faction="Outremer"></Culture>
		<Culture name="himyarite" faction="Himyarite"></Culture>
		<Culture name="south_arabian" faction="Himyarite"></Culture>
		<Culture name="soqotri" faction="Himyarite"></Culture>
		<Culture name="mahri" faction="Himyarite"></Culture>
		<Culture name="hadrami" faction="Bedouin"></Culture>
		<Culture name="siqilli" faction="Maghrebi"></Culture>
		<Culture name="siculo_arabic" faction="Maghrebi"></Culture>
		<Culture name="levantine" faction="Abbasid"></Culture>
		<Culture name="hadhrami" faction="Himyarite"></Culture>
	</Heritage>

	<Heritage name="heritage_baltic" faction="Baltic">
		<Culture name="latgalian" faction="Baltic"></Culture>
		<Culture name="lithuanian" faction="Baltic"></Culture>
		<Culture name="prussian" faction="Baltic"></Culture>
		<Culture name="kurlander" faction="Teutonic"></Culture>
		<Culture name="sudovian" faction="Baltic"></Culture>
		<Culture name="curonian" faction="Baltic"></Culture>
		<Culture name="zemgalian" faction="Baltic"></Culture>
		<Culture name="selonian" faction="Baltic"></Culture>
		<Culture name="galindian" faction="Baltic"></Culture>		
		<Culture name="goliad" faction="Baltic"></Culture>			
	</Heritage>

	<Heritage name="heritage_balto_finnic" faction="Finnic">
		<Culture name="estonian" faction="Baltic"></Culture>
		<Culture name="finnish" faction="Finnic"></Culture>
		<Culture name="karelian" faction="Finnic"></Culture>
		<Culture name="sami" faction="Finnic"></Culture>
		<Culture name="vepsian" faction="Finnic"></Culture>
		<Culture name="kurlander" faction="Teutonic"></Culture>
		<Culture name="livonian" faction="Baltic"></Culture>	
		<Culture name="ingrian" faction="Finnic"></Culture>	
		<Culture name="tavastian" faction="Finnic"></Culture>		
	</Heritage>	

	<Heritage name="heritage_berber" faction="Baranis">
		<Culture name="baranis" faction="Baranis"></Culture>
		<Culture name="butr" faction="Butr"></Culture>
		<Culture name="guanche" faction="Butr"></Culture>
		<Culture name="zaghawa" faction="Sahelian"></Culture>
		<Culture name="siculo_norman" faction="Norman"></Culture>
		<Culture name="moroccan" faction="Maghrebi"></Culture>
		<Culture name="algerian" faction="Maghrebi"></Culture>
		<Culture name="tripolitanian" faction="Maghrebi"></Culture>
		<Culture name="tunisian" faction="Maghrebi"></Culture>
		<Culture name="taureg" faction="Sahelian"></Culture>
		<Culture name="african_roman" faction="Roman African"></Culture>	
	</Heritage>	

	<Heritage name="heritage_brythonic" faction="Brythonic">
		<Culture name="breton" faction="Breton"></Culture>
		<Culture name="cornish" faction="Brythonic"></Culture>
		<Culture name="cumbrian" faction="Brythonic"></Culture>
		<Culture name="pictish" faction="Gaelic"></Culture>
		<Culture name="welsh" faction="Brythonic"></Culture>
		<Culture name="dramor" faction="Outremer"></Culture>
		<Culture name="arvorigeg" faction="Breton"></Culture>
		<Culture name="gallo" faction="Breton"></Culture>
		<Culture name="dumnonian" faction="Brythonic"></Culture>
		<Culture name="pritanian" faction="Brythonic"></Culture>
		<Culture name="wylish" faction="Romano-Briton"></Culture>
	</Heritage>	

	<Heritage name="heritage_briton" faction="Brythonic">
		<Culture name="breton" faction="Breton"></Culture>
		<Culture name="cornish" faction="Brythonic"></Culture>
		<Culture name="cumbrian" faction="Brythonic"></Culture>
		<Culture name="pictish" faction="Gaelic"></Culture>
		<Culture name="cambrian" faction="Brythonic"></Culture>
		<Culture name="dramor" faction="Outremer"></Culture>
		<Culture name="arvorigeg" faction="Breton"></Culture>
		<Culture name="gallo" faction="Breton"></Culture>
		<Culture name="wylish" faction="Romano-Briton"></Culture>
	</Heritage>	
	
	<Heritage name="heritage_burman" faction="Burmese">
		<Culture name="burmese" faction="Burmese"></Culture>
		<Culture name="mon" faction="Burmese"></Culture>
	</Heritage>
	
	<Heritage name="heritage_byzantine" faction="Byzantine">
		<Culture name="alan" faction="Alan"></Culture>
		<Culture name="armenian" faction="Armenian"></Culture>
		<Culture name="georgian" faction="Georgian"></Culture>
		<Culture name="greek" faction="Byzantine"></Culture>
		<Culture name="romaios" faction="Byzantine"></Culture>
		<Culture name="syriac" faction="Syriac"></Culture>
		<Culture name="siculo_norman" faction="Norman"></Culture>
	</Heritage>	

	<Heritage name="heritage_central_african" faction="West African">
		<Culture name="hausa" faction="West African"></Culture>
		<Culture name="kanuri" faction="West African"></Culture>
		<Culture name="nupe" faction="West African"></Culture>
		<Culture name="sao" faction="West African"></Culture>
	</Heritage>
	
	<Heritage name="heritage_central_germanic" faction="Saxon">
		<Culture name="bavarian" faction="Saxon"></Culture>
		<Culture name="dutch" faction="Saxon"></Culture>
		<Culture name="franconian" faction="Franconian"></Culture>
		<Culture name="nederfrankish" faction="Franconian"></Culture>
		<Culture name="frisian" faction="Saxon"></Culture>
		<Culture name="german" faction="Saxon"></Culture>
		<Culture name="langobard" faction="Lombard"></Culture>
		<Culture name="saxon" faction="Saxon"></Culture>
		<Culture name="swabian" faction="Saxon"></Culture>
		<Culture name="lothringian" faction="Frankish"></Culture>
		<Culture name="alsatian" faction="Frankish"></Culture>
		<Culture name="austrian" faction="Saxon"></Culture>
		<Culture name="flemish" faction="Frankish"></Culture>
		<Culture name="vlaemsch" faction="Frankish"></Culture>
		<Culture name="rhinelander" faction="Franconian"></Culture>
		<Culture name="swiss" faction="Saxon"></Culture>
		<Culture name="kurlander" faction="Teutonic"></Culture>	
		<Culture name="hierosolyman" faction="Outremer"></Culture>
		<Culture name="markish" faction="Saxon"></Culture>
		<Culture name="pomeranian" faction="Saxon"></Culture>
		<Culture name="germanic" faction="Saxon"></Culture>
		<Culture name="blatnohrader" faction="Teutonic"></Culture>
		<Culture name="thuringian" faction="Franconian"></Culture>
		<Culture name="meissener" faction="Saxon"></Culture>
		<Culture name="lausitzian" faction="Saxon"></Culture>
	</Heritage>

	<Heritage name="heritage_chinese" faction="Tibetan">
		<Culture name="han" faction="Tibetan"></Culture>
	</Heritage>

	<Heritage name="heritage_dravidian" faction="Indian">
		<Culture name="gond" faction="Indian"></Culture>
		<Culture name="kannada" faction="Indian"></Culture>
		<Culture name="tamil" faction="Indian"></Culture>
		<Culture name="telugu" faction="Indian"></Culture>
	</Heritage>	

	<Heritage name="heritage_west_african" faction="West African"></Heritage>

	<Heritage name="heritage_east_african" faction="Coptic">
		<Culture name="daju" faction="Horn African"></Culture>
		<Culture name="ethiopian" faction="Coptic"></Culture>
		<Culture name="nubian" faction="Coptic"></Culture>
		<Culture name="welayta" faction="Horn African"></Culture>
		<Culture name="dinka" faction="Coptic"></Culture>
		<Culture name="tigray " faction="Coptic"></Culture>
		<Culture name="agaw" faction="Coptic"></Culture>
		<Culture name="sidama" faction="Horn African"></Culture>
		<Culture name="argobba" faction="Horn African"></Culture>
		<Culture name="kwama" faction="Coptic"></Culture>
		<Culture name="berta" faction="Coptic"></Culture>
		<Culture name="omotic" faction="Horn African"></Culture>
		<Culture name="habesha" faction="Coptic"></Culture>
		<Culture name="amhara" faction="Coptic"></Culture>	
	</Heritage>

	<Heritage name="heritage_east_slavic" faction="Rus">
		<Culture name="ilmenian" faction="Rus"></Culture>
		<Culture name="russian" faction="Rus"></Culture>
		<Culture name="rus" faction="Rus"></Culture>
		<Culture name="severian" faction="Rus"></Culture>
		<Culture name="volhynian" faction="Rus"></Culture>
		<Culture name="tervitsian" faction="Rus"></Culture>
		<Culture name="tiverian" faction="Rus"></Culture>
		<Culture name="ilmenian" faction="Rus"></Culture>
		<Culture name="severian" faction="Rus"></Culture>
		<Culture name="polyan" faction="Rus"></Culture>
		<Culture name="poloch" faction="Rus"></Culture>
		<Culture name="drevlian" faction="Rus"></Culture>
		<Culture name="dregovichian" faction="Rus"></Culture>
		<Culture name="dregovich" faction="Rus"></Culture>
		<Culture name="vyatichian" faction="Rus"></Culture>
		<Culture name="vyatichi" faction="Rus"></Culture>
		<Culture name="krivichian" faction="Rus"></Culture>
		<Culture name="krivich" faction="Rus"></Culture>			
		<Culture name="jerusaleman" faction="Outremer"></Culture>
		<Culture name="belocroat" faction="Rus"></Culture>	
	</Heritage>

	<Heritage name="heritage_frankish" faction="Frankish">
		<Culture name="frankish" faction="Frankish"></Culture>
		<Culture name="french" faction="Frankish"></Culture>
		<Culture name="norman" faction="Norman"></Culture>
		<Culture name="occitan" faction="Frankish"></Culture>
		<Culture name="lorrainian" faction="Frankish"></Culture>
		<Culture name="alsatian" faction="Frankish"></Culture>
		<Culture name="burgundian" faction="Frankish"></Culture>
		<Culture name="aquitainian" faction="Frankish"></Culture>
		<Culture name="auvergnat" faction="Frankish"></Culture>
		<Culture name="lengadocian" faction="Frankish"></Culture>
		<Culture name="siculo_norman" faction="Norman"></Culture>
		<Culture name="rhinelander" faction="Frankish"></Culture>
		<Culture name="swiss" faction="Saxon"></Culture>
		<Culture name="walloon" faction="Frankish"></Culture>
		<Culture name="vlaemsch" faction="Frankish"></Culture>
		<Culture name="outremer" faction="Outremer"></Culture>
		<Culture name="arpitan" faction="Frankish"></Culture>
		<Culture name="arvorigeg" faction="Breton"></Culture>
		<Culture name="gallo" faction="Breton"></Culture>
	</Heritage>	

	<Heritage name="heritage_goidelic" faction="Irish">
		<Culture name="gaelic" faction="Gaelic"></Culture>
		<Culture name="irish" faction="Irish"></Culture>
		<Culture name="norse_gael" faction="Norse Gael"></Culture>
		<Culture name="ulster_scots" faction="Gaelic"></Culture>
		<Culture name="coigriche" faction="Outremer"></Culture>	
	</Heritage>	

	<Heritage name="heritage_guinean_uplander" faction="Irish">
		<Culture name="bobo" faction="West African"></Culture>
		<Culture name="gur" faction="West African"></Culture>
		<Culture name="malinke" faction="West African"></Culture>
		<Culture name="marka" faction="West African"></Culture>
		<Culture name="mel" faction="West African"></Culture>
	</Heritage>	
	
	<Heritage name="heritage_gur" faction="West African"></Heritage>
	
	<Heritage name="heritage_yoruba" faction="West African"></Heritage>

	<Heritage name="heritage_somalian" faction="Horn African">
		<Culture name="afar" faction="Horn African"></Culture>
		<Culture name="beja" faction="Horn African"></Culture>
		<Culture name="somali" faction="Horn African"></Culture>
		
	</Heritage>

	<Heritage name="heritage_iberian" faction="Iberian">
		<Culture name="andalusian" faction="Andalusian"></Culture>
		<Culture name="aragonese" faction="Iberian"></Culture>
		<Culture name="asturleonese" faction="Iberian"></Culture>
		<Culture name="leonese" faction="Iberian"></Culture>
		<Culture name="asturian" faction="Iberian"></Culture>
		<Culture name="basque" faction="Basque"></Culture>
		<Culture name="castilian" faction="Iberian"></Culture>
		<Culture name="catalan" faction="Iberian"></Culture>
		<Culture name="galician" faction="Iberian"></Culture>
		<Culture name="portuguese" faction="Iberian"></Culture>
		<Culture name="suebi" faction="Iberian"></Culture>
		<Culture name="visigothic" faction="Iberian"></Culture>
		<Culture name="mozarab" faction="Andalusian"></Culture>
		<Culture name="navarro_aragonese" faction="Iberian"></Culture>		
		<Culture name="iqritis" faction="Andalusian"></Culture>	
		<Culture name="ultramar" faction="Outremer"></Culture>
	</Heritage>

	<Heritage name="heritage_israelite" faction="Himyarite">
		<Culture name="ashkenazi" faction="Saxon"></Culture>
		<Culture name="bavlim" faction="Himyarite"></Culture>
		<Culture name="radhanite" faction="Crimean Steppe"></Culture>
		<Culture name="kochinim	" faction="Indian"></Culture>
		<Culture name="sephardi" faction="Andalusian"></Culture>
		<Culture name="musta_arabi" faction="Abbasid"></Culture>
		<Culture name="parsim" faction="Kurdish"></Culture>
		<Culture name="teimani" faction="Himyarite"></Culture>
	</Heritage>

	<Heritage name="heritage_indo_aryan" faction="Indian">
		<Culture name="bengali" faction="Indian"></Culture>
		<Culture name="oriya	" faction="Indian"></Culture>
		<Culture name="assamese" faction="Indian"></Culture>
		<Culture name="hindustani" faction="Indian"></Culture>
		<Culture name="malvi" faction="Indian"></Culture>
		<Culture name="gujarati" faction="Indian"></Culture>
		<Culture name="punjabi" faction="Indian"></Culture>
		<Culture name="rajput" faction="Indian"></Culture>
		<Culture name="sindhi" faction="Indian"></Culture>		
		<Culture name="marathi" faction="Indian"></Culture>
		<Culture name="sinhala" faction="Indian"></Culture>
		<Culture name="nepali" faction="Indian"></Culture>
		<Culture name="kashmiri" faction="Indian"></Culture>
		<Culture name="peristani" faction="Indo Persian"></Culture>	
		<Culture name="nuristani" faction="Indo Persian"></Culture>	
		<Culture name="makrani" faction="Persian"></Culture>
		<Culture name="jat" faction="Indian"></Culture>	
		<Culture name="kaikani" faction="Indian"></Culture>	
		<Culture name="zutt" faction="Indian"></Culture>		
	</Heritage>

	<Heritage name="heritage_iranian" faction="Persian">
		<Culture name="afghan" faction="Persian"></Culture>
		<Culture name="baloch" faction="Persian"></Culture>
		<Culture name="daylamite" faction="Daylamite"></Culture>
		<Culture name="khwarezmian" faction="Khorasani"></Culture>
		<Culture name="kurdish" faction="Kurdish"></Culture>
		<Culture name="persian" faction="Persian"></Culture>
		<Culture name="saka" faction="Turkic"></Culture>
		<Culture name="sogdian" faction="Khorasani"></Culture>
		<Culture name="tajik" faction="Khorasani"></Culture>
		<Culture name="khorasani" faction="Khorasani"></Culture>
		<Culture name="tocharian " faction="Khorasani"></Culture>
		<Culture name="gorani " faction="Kurdish"></Culture>
		<Culture name="tabari " faction="Daylamite"></Culture>
		<Culture name="turko_iranian" faction="Turkic"></Culture>
		<Culture name="turko_afghan" faction="Hephthalite"></Culture>
		<Culture name="hephthalite" faction="Hephthalite"></Culture>
		<Culture name="khuzi" faction="Kurdish"></Culture>
		<Culture name="pamiri" faction="Khorasani"></Culture>
		<Culture name="turco-hephthalite" faction="Hephthalite"></Culture>
		<Culture name="pashtun" faction="Indo Persian"></Culture>
		<Culture name="alani" faction="Alan"></Culture>
		<Culture name="alan" faction="Alan"></Culture>
		<Culture name="semnani" faction="Daylamite"></Culture>
		<Culture name="adhari" faction="Daylamite"></Culture>
		<Culture name="mazanderani" faction="Daylamite"></Culture>
		<Culture name="gilak" faction="Daylamite"></Culture>
		<Culture name="gilani" faction="Daylamite"></Culture>
		<Culture name="deilami" faction="Daylamite"></Culture>
		<Culture name="bactrian" faction="Khorasani"></Culture>
		<Culture name="tokhari" faction="Khorasani"></Culture>
		<Culture name="parsi" faction="Persian"></Culture>
		<Culture name="tati" faction="Kurdish"></Culture>
		<Culture name="tat" faction="Kurdish"></Culture>			
		<Culture name="shirvani" faction="Kurdish"></Culture>
		<Culture name="taleshi" faction="Daylamite"></Culture>			
		<Culture name="parthian" faction="Persian"></Culture>	
		<Culture name="tokhari" faction="Hephthalite"></Culture>
		<Culture name="old_persian" faction="Persian"></Culture>
		<Culture name="elymaean" faction="Persian"></Culture>
		<Culture name="khalaj" faction="Hephthalite"></Culture>
	</Heritage>

	<Heritage name="heritage_elamite" faction="Persian">
		<Culture name="elymaean" faction="Persian"></Culture>
	</Heritage>

	<Heritage name="heritage_latin" faction="Lombard">
		<Culture name="cisalpine" faction="Lombard"></Culture>
		<Culture name="italian" faction="Lombard"></Culture>
		<Culture name="lombard" faction="Lombard"></Culture>
		<Culture name="roman" faction="Roman"></Culture>
		<Culture name="sardinian" faction="Sardinian"></Culture>
		<Culture name="sicilian" faction="Lombard"></Culture>
		<Culture name="venetian" faction="Lombard"></Culture>
		<Culture name="venetian_ce" faction="Lombard"></Culture>
		<Culture name="friuli_mpe" faction="Lombard"></Culture>		
		<Culture name="ligurian" faction="Lombard"></Culture>
		<Culture name="romagnol" faction="Lombard"></Culture>
		<Culture name="tuscan" faction="Lombard"></Culture>
		<Culture name="tuscan_ce" faction="Lombard"></Culture>
		<Culture name="umbrian" faction="Lombard"></Culture>
		<Culture name="neopolitan" faction="Lombard"></Culture>
		<Culture name="siculo_norman" faction="Norman"></Culture>
		<Culture name="swiss" faction="Saxon"></Culture>
		<Culture name="oltremare" faction="Outremer"></Culture>
		<Culture name="arpitan" faction="Frankish"></Culture>
		<Culture name="arpitan_ce" faction="Frankish"></Culture>
		<Culture name="dalmatian" faction="Dalmatian"></Culture>
		<Culture name="dalmatian_ce" faction="Dalmatian"></Culture>
		<Culture name="latin_mpe" faction="Dalmatian"></Culture>
		<Culture name="pannonian" faction="Dalmatian"></Culture>
		<Culture name="pannonian_romance" faction="Dalmatian"></Culture>
		<Culture name="umbrian_mpe" faction="Dalmatian"></Culture>
		<Culture name="isaurian_mpe" faction="Dalmatian"></Culture>
		<Culture name="thracian_mpe" faction="Dalmatian"></Culture>
		<Culture name="macedonian_mpe" faction="Dalmatian"></Culture>			
		<Culture name="african" faction="Roman African"></Culture>	
		<Culture name="maltese" faction="Maghrebi"></Culture>	
	</Heritage>	

	<Heritage name="heritage_magyar" faction="Hungarian">
		<Culture name="hungarian" faction="Hungarian"></Culture>
		<Culture name="mogyer" faction="Crimean Steppe"></Culture>
		<Culture name="szekely" faction="Crimean Steppe"></Culture>
		<Culture name="transylvanian" faction="Hungarian"></Culture>
		<Culture name="kulfoldi" faction="Outremer"></Culture>
	</Heritage>	
	
	<Heritage name="heritage_yugrian" faction="Hungarian">
		<Culture name="hungarian" faction="Hungarian"></Culture>
		<Culture name="mogyer" faction="Crimean Steppe"></Culture>
		<Culture name="szekely" faction="Crimean Steppe"></Culture>
		<Culture name="transylvanian" faction="Hungarian"></Culture>
		<Culture name="kulfoldi" faction="Outremer"></Culture>
	</Heritage>
	
	<Heritage name="heritage_mongolic" faction="Eastern Steppe">
		<Culture name="evenk" faction="Permian"></Culture>		
	</Heritage>
	
	<Heritage name="heritage_niger_delta" faction="West African"></Heritage>
	
	<Heritage name="heritage_north_germanic" faction="Viking">
		<Culture name="danish" faction="Viking"></Culture>
		<Culture name="norse" faction="Viking"></Culture>
		<Culture name="norwegian" faction="Viking"></Culture>
		<Culture name="swedish" faction="Viking"></Culture>
		<Culture name="geatish" faction="Viking"></Culture>
		<Culture name="gutish" faction="Viking"></Culture>
		<Culture name="icelandic" faction="Viking"></Culture>
		<Culture name="norse_gael" faction="Norse Gael"></Culture>
		<Culture name="danelander" faction="Danelander"></Culture>
		<Culture name="anglo_norse" faction="Danelander"></Culture>			
		<Culture name="engelsk" faction="Danelander"></Culture>
		<Culture name="hierosolyman" faction="Outremer"></Culture>
		<Culture name="greenlandic" faction="Viking"></Culture>		
		<Culture name="vinlandic" faction="Viking"></Culture>
		<Culture name="jute" faction="Danelander"></Culture>
		<Culture name="dane" faction="Viking"></Culture>
		<Culture name="geat" faction="Viking"></Culture>		
		<Culture name="gute" faction="Viking"></Culture>
		<Culture name="got" faction="Viking"></Culture>
		<Culture name="swear" faction="Viking"></Culture>
		<Culture name="svear" faction="Viking"></Culture>
	</Heritage>
	
	<Heritage name="heritage_qiangic" faction="Tibetan"></Heritage>

	<Heritage name="heritage_sahelian" faction="Sahelian">
		<Culture name="bozo" faction="West African"></Culture>
		<Culture name="sorko" faction="West African"></Culture>
	</Heritage>

	<Heritage name="heritage_west_sahelian" faction="Sahelian">
		<Culture name="bozo" faction="West African"></Culture>
		<Culture name="sorko" faction="West African"></Culture>
	</Heritage>
	
	<Heritage name="heritage_central_sahelian" faction="Sahelian">
		<Culture name="nupe" faction="West African"></Culture>
		<Culture name="jukun" faction="West African"></Culture>
	</Heritage>

	<Heritage name="heritage_senegambian" faction="West African"></Heritage>

	<Heritage name="heritage_south_slavic" faction="Slavic">
		<Culture name="bosnian" faction="Slavic"></Culture>
		<Culture name="bulgarian" faction="Bulgarian"></Culture>
		<Culture name="croatian" faction="Slavic"></Culture>
		<Culture name="serbian" faction="Slavic"></Culture>
		<Culture name="jerusaleman" faction="Outremer"></Culture>
		<Culture name="slavonian" faction="Slavic"></Culture>
		<Culture name="slovene" faction="Slavic"></Culture>
		<Culture name="vlach" faction="Bulgarian"></Culture>
		<Culture name="blatno_slavic" faction="Slavic"></Culture>
		<Culture name="dudlebian" faction="Slavic"></Culture>
		<Culture name="neretljanian" faction="Slavic"></Culture>
		<Culture name="abotrite" faction="Slavic"></Culture>
		<Culture name="branichian" faction="Slavic"></Culture>
		<Culture name="doclean" faction="Slavic"></Culture>
		<Culture name="travunian" faction="Slavic"></Culture>
		<Culture name="zachlumian" faction="Slavic"></Culture>
		<Culture name="pannonian" faction="Dalmatian"></Culture>
		<Culture name="illyrian_slavic" faction="Dalmatian"></Culture>
		<Culture name="yugoslavian" faction="Slavic"></Culture>
		<Culture name="berzite" faction="Slavic"></Culture>
	</Heritage>	

	<Heritage name="heritage_tibetan" faction="Tibetan"></Heritage>	

	<Heritage name="heritage_tocharian" faction="Turkic">
		<Culture name="huna" faction="Turkic"></Culture>
		<Culture name="khotanese" faction="Turkic"></Culture>		
	</Heritage>	

	<Heritage name="heritage_turkic" faction="Turkic">
		<Culture name="avar" faction="Crimean Steppe"></Culture>
		<Culture name="bashkir" faction="Bolghar"></Culture>
		<Culture name="bolghar" faction="Bolghar"></Culture>
		<Culture name="chuvash" faction="Bolghar"></Culture>
		<Culture name="cuman" faction="Western Steppe"></Culture>
		<Culture name="karluk" faction="Eastern Steppe"></Culture>
		<Culture name="khazar" faction="Crimean Steppe"></Culture>
		<Culture name="kimek" faction="Western Steppe"></Culture>
		<Culture name="kipchak" faction="Eastern Steppe"></Culture>
		<Culture name="kirghiz" faction="Eastern Steppe"></Culture>
		<Culture name="laktan" faction="Eastern Steppe"></Culture>
		<Culture name="turkish" faction="Turkic"></Culture>
		<Culture name="oghuz" faction="Turkic"></Culture>
		<Culture name="pecheneg" faction="Crimean Steppe"></Culture>
		<Culture name="shatuo" faction="Eastern Steppe"></Culture>
		<Culture name="uriankhai" faction="Eastern Steppe"></Culture>
		<Culture name="uyghur" faction="Eastern Steppe"></Culture>
		<Culture name="yughur" faction="Eastern Steppe"></Culture>
		<Culture name="azeri" faction="Western Steppe"></Culture>
		<Culture name="turko_iranian" faction="Turkic"></Culture>
		<Culture name="turko_afghan" faction="Hephthalite"></Culture>
		<Culture name="anatolian_turkish" faction="Turkic"></Culture>
		<Culture name="torkil" faction="Western Steppe"></Culture>
		<Culture name="yakut" faction="Permian"></Culture>
		<Culture name="basmyl" faction="Eastern Steppe"></Culture>
		<Culture name="khalaj" faction="Hephthalite"></Culture>
	</Heritage>	
	
	<Heritage name="heritage_ugro_permian" faction="Permian"></Heritage>
	
	<Heritage name="heritage_inuit" faction="Permian"></Heritage>
	
	<Heritage name="heritage_paleo_inuit" faction="Permian"></Heritage>
	
	<Heritage name="heritage_algonquian" faction="Permian"></Heritage>
	
	<Heritage name="heritage_iroquoian" faction="Permian"></Heritage>
	
	<Heritage name="heritage_paleo_inui" faction="Permian"></Heritage>
	
	<Heritage name="heritage_siberian" faction="Permian"></Heritage>

	<Heritage name="heritage_vlach" faction="Bulgarian">
		<Culture name="Transylvanian" faction="Hungarian"></Culture>
	</Heritage>	
	
	<Heritage name="heritage_volga_finnic" faction="Finnic"></Heritage>
	
	<Heritage name="heritage_west_germanic" faction="Anglo Saxon">
		<Culture name="anglo_saxon" faction="Anglo Saxon"></Culture>
		<Culture name="west_saxon" faction="Anglo Saxon"></Culture>
		<Culture name="middle_anglian" faction="Anglo Saxon"></Culture>
		<Culture name="mercian" faction="Anglo Saxon"></Culture>
		<Culture name="northumbrian" faction="Anglo Saxon"></Culture>
		<Culture name="kentish" faction="Anglo Saxon"></Culture>
		<Culture name="east_anglian" faction="Anglo Saxon"></Culture>
		<Culture name="old_anglian" faction="Anglo Saxon"></Culture>
		<Culture name="gewisse" faction="Romano-Briton"></Culture>
		<Culture name="hwiccian" faction="Anglo Saxon"></Culture>
		<Culture name="south_saxon" faction="Anglo Saxon"></Culture>
		<Culture name="east_saxon" faction="Anglo Saxon"></Culture>
		<Culture name="bernician" faction="Anglo Saxon"></Culture>
		<Culture name="deiran" faction="Romano-Briton"></Culture>
		<Culture name="english" faction="English"></Culture>
		<Culture name="old_saxon" faction="Saxon"></Culture>
		<Culture name="scottish" faction="Scots"></Culture>
		<Culture name="danelander" faction="Danelander"></Culture>
		<Culture name="anglo_norse" faction="Danelander"></Culture>	
		<Culture name="engelsk" faction="Danelander"></Culture>	
		<Culture name="ulster_scots" faction="Gaelic"></Culture>
		<Culture name="hierosolyman" faction="Outremer"></Culture>
		<Culture name="frisian" faction="Saxon"></Culture>
		<Culture name="dutch" faction="Saxon"></Culture>
	</Heritage>	
	
	<Heritage name="heritage_west_slavic" faction="Slavic">
		<Culture name="carantanian" faction="Slavic"></Culture>
		<Culture name="czech" faction="Slavic"></Culture>
		<Culture name="moravian" faction="Slavic"></Culture>
		<Culture name="slovak" faction="Slavic"></Culture>
		<Culture name="polabian" faction="Wendish"></Culture>
		<Culture name="sorbian" faction="Wendish"></Culture>
		<Culture name="veleti" faction="Wendish"></Culture>
		<Culture name="obotrite" faction="Wendish"></Culture>
		<Culture name="lutician" faction="Wendishc"></Culture>
		<Culture name="ranian" faction="Wendish"></Culture>
		<Culture name="polish" faction="Slavic"></Culture>
		<Culture name="polan" faction="Slavic"></Culture>
		<Culture name="pomeranian" faction="Wendish"></Culture>
		<Culture name="pomorian" faction="Wendish"></Culture>
		<Culture name="slovien" faction="Slavic"></Culture>
		<Culture name="jerusaleman" faction="Outremer"></Culture>
		<Culture name="silesian" faction="Slavic"></Culture>
		<Culture name="slovene" faction="Slavic"></Culture>
		<Culture name="dravehnian" faction="Wendish"></Culture>
		<Culture name="opolan" faction="Slavic"></Culture>
		<Culture name="golensizi" faction="Slavic"></Culture>
		<Culture name="vistulan" faction="Slavic"></Culture>
		<Culture name="lendian" faction="Slavic"></Culture>
		<Culture name="masovian" faction="Slavic"></Culture>
		<Culture name="nitravan" faction="Slavic"></Culture>
		<Culture name="pommeranian" faction="Wendish"></Culture>	
	</Heritage>

	<Heritage name="heritage_caucasian" faction="Georgian">
		<Culture name="svan" faction="Georgian"></Culture>
		<Culture name="ce_svan" faction="Georgian"></Culture>
		<Culture name="abkhaz" faction="Alan"></Culture>
		<Culture name="mingrelian" faction="Georgian"></Culture>
		<Culture name="adyghean" faction="Alan"></Culture>
		<Culture name="lezgin" faction="Alan"></Culture>
		<Culture name="udi" faction="Alan"></Culture>
		<Culture name="alani" faction="Alan"></Culture>
		<Culture name="lazi" faction="Byzantine"></Culture>
		<Culture name="dagestani" faction="Alan"></Culture>
		<Culture name="mushuan" faction="Georgian"></Culture>
		<Culture name="circassian" faction="Alan"></Culture>
	</Heritage>

	<Heritage name="heritage_egyptian" faction="Copt">
		<Culture name="copt" faction="Copt"></Culture>
		<Culture name="coptic" faction="Copt"></Culture>
		<Culture name="ce_copt" faction="Copt"></Culture>
		<Culture name="ancient_egyptian" faction="Himyarite"></Culture>
	</Heritage>

	<Heritage name="heritage_gurma" faction="West African"></Heritage>

	<Heritage name="heritage_peristani" faction="Indo Persian">
		<Culture name="pamiri" faction="Khorasani"></Culture>	
	</Heritage>
	
	<Heritage name="heritage_east_germanic" faction="Gothic">
		<Culture name="gothic" faction="Gothic"></Culture>
		<Culture name="crimean_gothic" faction="Gothic"></Culture>
	</Heritage>
	
	<Heritage name="heritage_gothic" faction="Gothic"></Heritage>	

	<Heritage name="heritage_arberian" faction="Slavic"></Heritage>
	
	<Heritage name="heritage_aramean" faction="Assyrian">
		<Culture name="syriac" faction="Syriac"></Culture>	
		<Culture name="mandaic" faction="Assyrian"></Culture>	
	</Heritage>

	<Heritage name="heritage_serindian" faction="Hephthalite"></Heritage>

	<Heritage name="heritage_armenian" faction="Armenian"></Heritage>
	
	<Heritage name="heritage_rus" faction="Rus"></Heritage>
	
	<Heritage name="heritage_saka" faction="Hephthalite"></Heritage>

	<Heritage name="heritage_imazigen" faction="Berber">
		<Culture name="baranis" faction="Berber"></Culture>
		<Culture name="butr" faction="Berber"></Culture>
		<Culture name="guanche" faction="Berber"></Culture>
		<Culture name="zaghawa" faction="Sahelian"></Culture>
		<Culture name="siculo_norman" faction="Norman"></Culture>
		<Culture name="moroccan" faction="Maghrebi"></Culture>
		<Culture name="algerian" faction="Maghrebi"></Culture>
		<Culture name="tripolitanian" faction="Maghrebi"></Culture>
		<Culture name="tunisian" faction="Maghrebi"></Culture>
		<Culture name="taureg" faction="Sahelian"></Culture>
	</Heritage>

	<Heritage name="heritage_khorasani" faction="Khorasani"></Heritage>

	<Heritage name="heritage_seaxon" faction="Anglo Saxon"></Heritage>
	
	<Heritage name="heritage_lower_niger" faction="Sahelian"></Heritage>
	
	<Heritage name="heritage_hellenic" faction="Byzantine"></Heritage>
	
	<Heritage name="heritage_hunnic" faction="Turkic"></Heritage>

	<Heritage name="heritage_roman" faction="Roman"></Heritage>
	
	<Heritage name="heritage_malayic" faction="Burmese">
		<Culture name="malagasy" faction="Horn African"></Culture>	
	</Heritage>
		
	<Heritage name="heritage_chamic" faction="Burmese"></Heritage>	

	<Heritage name="heritage_filipino" faction="Burmese"></Heritage>	

	<Heritage name="heritage_yamato" faction="Tibetan"></Heritage>	

	<Heritage name="heritage_khmer" faction="Burmese"></Heritage>	

	<Heritage name="heritage_korean" faction="Tibetan"></Heritage>	
	
	<Heritage name="heritage_loloish" faction="Burmese"></Heritage>	
	
	<Heritage name="heritage_sulawesi" faction="Burmese"></Heritage>	
	
	<Heritage name="heritage_tai" faction="Burmese"></Heritage>	
	
	<Heritage name="heritage_vietic" faction="Burmese"></Heritage>	
	
	<Heritage name="heritage_irrawaddy" faction="Burmese"></Heritage>	
		
</Cultures>

		

