﻿<?xml version="1.0" encoding="utf-8" ?>
<FactionsGroups>

	<Faction name="Default">
		<MenAtArm type="mande_hunter" key="mk_mak_t2_nubian_archers" max="RANGED"></MenAtArm>
		<MenAtArm type="islamic_alashair_infantry" key="mk_alm_t2_abid_al_makhzan" max="INFANTRY"></MenAtArm>
		<MenAtArm type="islamic_khasseki_infantry" key="mk_abb_t2_ghazi_tabardariyya" max="INFANTRY"></MenAtArm>
		<MenAtArm type="barbary_corsairs" key="mk_sal_t3_hormuz_pirates" max="INFANTRY"></MenAtArm>
		<MenAtArm type="shotel_warriors" key="mk_zag_t3_shotelai" max="INFANTRY"></MenAtArm>
		<MenAtArm type="sofa" key="mk_mak_t3_nubian_archers" max="RANGED" ></MenAtArm>
	</Faction>
	
</FactionsGroups>