﻿<?xml version="1.0" encoding="utf-8" ?>
<FactionsGroups>

	<Faction name="Default">
		<MenAtArm type="byzantine_peltast" key="mk_tre_t2_peltastai" max="RANGED"></MenAtArm>
		<MenAtArm type="byzantine_apelatai" key="mk_epi_t2_apelatai" max="RANGED"></MenAtArm>
		<MenAtArm type="byzantine_toxotai" key="mk_nic_t2_toxotai" max="RANGED"></MenAtArm>
		<MenAtArm type="byzantine_psiloi" key="mk_tre_t2_tourkoupoloi" max="RANGED"></MenAtArm>
		<MenAtArm type="byzantine_akontistai" key="mk_epi_t2_akontistai" max="RANGED"></MenAtArm>
		<MenAtArm type="byzantine_koursores" key="mk_tre_t2_koursores" max="CAVALRY" ></MenAtArm>
		<MenAtArm type="byzantine_trapezitai" key="mk_tre_t2_hippoakritai" max="CAVALRY"></MenAtArm>
		<MenAtArm type="byzantine_hippotoxotai" key="mk_nic_t2_hippotoxotai" max="CAVALRY"></MenAtArm>
		<MenAtArm type="byzantine_skythikon" key="mk_nic_t2_skythikoi" max="CAVALRY"></MenAtArm>
		<MenAtArm type="byzantine_vardariotai" key="mk_nic_t2_massagetoi" max="CAVALRY"></MenAtArm>
		<MenAtArm type="byzantine_menaulatoi" key="mk_tre_t2_menavlatoi" max="INFANTRY"></MenAtArm>
		<MenAtArm type="byzantine_skoutatoi" key="mk_tre_t2_scoutatoi" max="INFANTRY"></MenAtArm>
		<MenAtArm type="byzantine_kontophoros" key="mk_tre_t2_kontaratoi" max="INFANTRY"></MenAtArm>
		<MenAtArm type="byzantine_klibanophoroi" key="mk_nic_t2_hippoparamonai" max="CAVALRY"></MenAtArm>
		<MenAtArm type="byzantine_latinkon" key="mk_nic_t2_kavallarioi" max="CAVALRY"></MenAtArm>
		
		<MenAtArm type="bulgarian_voynik" key="mk_serb_t2_vojnici_spearmen" max="RANGED"></MenAtArm>		
		<MenAtArm type="bulgarian_ciobani" key="mk_aor_croat_t2_vlach_hooked_spearmen" max="RANGED"></MenAtArm>			
		<MenAtArm type="bulgarian_oklopnitsi" key="mk_bulg_t2_voivods" max="INFANTRY"></MenAtArm>			
		<MenAtArm type="bulgarian_konnik" key="mk_bulg_t2_heavy_cavalry" max="CAVALRY"></MenAtArm>			

		<MenAtArm type="turkish_azabs" key="mk_rum_t3_azab_archers" max="RANGED"></MenAtArm>		
		<MenAtArm type="janissaries_archer" key="mk_rum_t3_yeniceri" max="RANGED"></MenAtArm>	
		<MenAtArm type="janissaries_infantry" key="mk_rum_t3_zirhli_yeniceri" max="INFANTRY"></MenAtArm>	
		<MenAtArm type="islamic_iqtadar" key="mk_rum_t2_cebeli" max="CAVALRY"></MenAtArm>	
		<MenAtArm type="sipahis" key="mk_rum_t2_anatolian_timarli_sipahi" max="CAVALRY"></MenAtArm>	
		<MenAtArm type="islamic_hasham" key="mk_ayy_t2_mamluk_lancers" max="CAVALRY"></MenAtArm>
		<MenAtArm type="sipahi_lancers" key="mk_rum_t2_rumeli_timarli_sipahis" max="CAVALRY"></MenAtArm>
		<MenAtArm type="turkish_qapukulu" key="mk_rum_t2_kapikulu_sipahis" max="CAVALRY"></MenAtArm>
		
		<MenAtArm type="islamic_rijal" key="mk_ayy_t2_mutatawwia" max="RANGED"></MenAtArm>
		<MenAtArm type="islamic_rumat" key="mk_abb_t2_jund_rumat" max="RANGED"></MenAtArm>
		<MenAtArm type="islamic_fursan" key="mk_abb_t2_fursan_ajnad" max="CAVALRY"></MenAtArm>
		<MenAtArm type="barbary_corsairs" key="mk_sal_t3_hormuz_pirates" max="RANGED"></MenAtArm>
		<MenAtArm type="islamic_naffatun" key="mk_abb_t2_naffatun" max="RANGED"></MenAtArm>
		<MenAtArm type="islamic_khasseki_infantry" key="mk_abb_t2_ghazi_tabardariyya" max="RANGED"></MenAtArm>
		<MenAtArm type="abid_alshira" key="mk_mak_t2_nubian_archers" max="RANGED"></MenAtArm>
		<MenAtArm type="islamic_alashair_infantry" key="mk_per_t2_qolloghchi_spearmen" max="INFANTRY"></MenAtArm>
		<MenAtArm type="sibyan_alkhass" key="mk_ayy_t2_mamluk_horse_archers" max="CAVALRY"></MenAtArm>
		<MenAtArm type="ghilman_nubians" key="mk_mak_t2_nubian_quilted_spearmen" max="INFANTRY"></MenAtArm>
		<MenAtArm type="egyptian_tabardariyya" key="mk_ayy_t2_tabardariyya" max="INFANTRY"></MenAtArm>
		<MenAtArm type="mamluk_cavalry" key="mk_ayy_t2_amirs_mamluk" max="CAVALRY"></MenAtArm>
		<MenAtArm type="egyptian_khassaki" key="mk_ayy_t2_khassakiyyah_mamluk" max="CAVALRY"></MenAtArm>
		
		<MenAtArm type="persian_paighan" key="mk_ghu_t2_tajik_levy" max="RANGED"></MenAtArm>
		<MenAtArm type="persian_kamandaran" key="mk_merc_iran_t2_persian_archers" max="RANGED"></MenAtArm>
		<MenAtArm type="persian_neyzedaran" key="mk_khw_t2_piyadegan" max="INFANTRY"></MenAtArm>
		<MenAtArm type="persian_war_elephant" key="mk_ilkhan_t2_war_elephants" max="CAVALRY"></MenAtArm>
		<MenAtArm type="persian_cataphract" key="mk_khw_t2_boynukars" max="CAVALRY"></MenAtArm>
		<MenAtArm type="gondi_shahanshah" key="mk_per_t2_dismounted_pushandar" max="INFANTRY"></MenAtArm>
		
		<MenAtArm type="shotel_warrior" key="mk_zag_t3_shotelai" max="RANGED"></MenAtArm>
		
		<MenAtArm type="mongol_cataphract" key="mk_mon_t2_ilkhan_heavy_lancers" max="CAVALRY"></MenAtArm>
		
		<MenAtArm type="iberian_raiders" key="mk_merc_ara_t2_catalan_company" max="RANGED"></MenAtArm>
		<MenAtArm type="spanish_jinete" key="mk_cas_t2_jinetes" max="CAVALRY"></MenAtArm>
		<MenAtArm type="muslim_jinete" key="mk_gran_t2_andalusian_jinetes" max="CAVALRY"></MenAtArm>
		<MenAtArm type="iberian_coseletes" key="mk_cas_t2_peones_de_elite" max="INFANTRY"></MenAtArm>
		<MenAtArm type="iberian_picas_secas" key="mk_cas_t2_pikemen" max="INFANTRY"></MenAtArm>
		<MenAtArm type="portugal_crossbowmen" key="mk_por_t2_besteiro_do_conto" max="RANGED"></MenAtArm>
		<MenAtArm type="portugal_aventuros" key="mk_por_t2_cavaleiros_apeados" max="INFANTRY"></MenAtArm>
		
		<MenAtArm type="gaelic_ceathairne" key="mk_wel_t2_rhyfelwyr" max="RANGED"></MenAtArm>
		
		<MenAtArm type="irish_ceithern" key="mk_wel_t2_ysbeilwyr" max="RANGED"></MenAtArm>
		<MenAtArm type="irish_ostmen" key="mk_nor_t2_orkney" max="RANGED"></MenAtArm>
		<MenAtArm type="irish_ridire" key="mk_wel_t2_mounted_sergeants" max="CAVALRY"></MenAtArm>
		<MenAtArm type="irish_cliathairi" key="mk_merc_wel_t2_spearmen" max="INFANTRY"></MenAtArm>
		<MenAtArm type="irish_horseboys" key="mk_wel_t2_hobilar" max="CAVALRY"></MenAtArm>
		<MenAtArm type="irish_muire" key="mk_wel_t2_dismounted_marchog" max="INFANTRY"></MenAtArm>
		<MenAtArm type="irish_galloglaigh" key="mk_aor_sco_t1_galloglaich" max="INFANTRY"></MenAtArm>
		
		<MenAtArm type="welsh_helwyr" key="mk_wel_t2_saethwyr" max="RANGED"></MenAtArm>
		<MenAtArm type="welsh_saethwyr" key="mk_wel_t2_teulu_saethwyr" max="RANGED"></MenAtArm>
		<MenAtArm type="welsh_rhyfelwyr" key="mk_wel_t2_rhyfelwyr" max="INFANTRY"></MenAtArm>
		<MenAtArm type="welsh_teulu" key="mk_wel_t2_marchog" max="CAVALRY"></MenAtArm>
		
		<MenAtArm type="woodsmen" key="mk_lit_t2_skirmishers" max="RANGED"></MenAtArm>
		<MenAtArm type="polish_strzelcy" key="mk_pol_t2_mounted_crossbowmen" max="CAVALRY"></MenAtArm>
		
		<MenAtArm type="giltines_chosen" key="mk_lit_t2_spearmen" max="INFANTRY"></MenAtArm>
		<MenAtArm type="dzukijan_horsemen" key="mk_lit_t2_retinue_horse_archers" max="CAVALRY"></MenAtArm>
		<MenAtArm type="dievas_guard" key="mk_volga_t2_chirmesh_lancers" max="CAVALRY"></MenAtArm>
		<MenAtArm type="lithuanian_bajorija" key="mk_lit_t2_knights" max="CAVALRY"></MenAtArm>
		
		<MenAtArm type="pavise_spearmen" key="mk_hun_t2_pavise_spearmen" max="INFANTRY"></MenAtArm>
		<MenAtArm type="hungarian_hussar" key="mk_hun_t3_szekely_lofo" max="CAVALRY"></MenAtArm>
		<MenAtArm type="hungarian_tizlandzsasok" key="mk_serb_t2_german_maa" max="CAVALRY"></MenAtArm>
		<MenAtArm type="hungarian_banderium" key="mk_bos_t2_bosnian_vlastela" max="CAVALRY"></MenAtArm>
		
		<MenAtArm type="berdiche_axemen" key="mk_rus_t2_guard_axemen" max="INFANTRY"></MenAtArm>
		<MenAtArm type="druzhina_cavalry" key="mk_rus_t2_boyars" max="CAVALRY"></MenAtArm>
		<MenAtArm type="dvor_cavalry" key="mk_rus_t2_boyar_sons" max="CAVALRY"></MenAtArm>
		<MenAtArm type="cossack_cavalry" key="mk_merc_rus_t3_cossacks" max="CAVALRY"></MenAtArm>
		
		<MenAtArm type="genoese_crossbowmen" key="mk_merc_gen_t2_genoese_crossbowmen" max="RANGED"></MenAtArm>
		<MenAtArm type="milan_famiglia_ducale" key="mk_mil_t1_bodyguard" max="CAVALRY"></MenAtArm>
		<MenAtArm type="lanze_spezzate" key="mk_merc_ita_t2_condottieri" max="CAVALRY"></MenAtArm>
		<MenAtArm type="sicilian_archers" key="mk_alm_t2_maghrebi_rumat" max="RANGED"></MenAtArm>
		
		<MenAtArm type="yeoman_archers" key="earl_eng_t2_longbowmen_mounted" max="RANGED"></MenAtArm>
		<MenAtArm type="sherwood_archers" key="mk_wel_t1_sherwood" max="RANGED"></MenAtArm>
		<MenAtArm type="english_billmen" key="mk_eng_t2_heavy_billmen" max="INFANTRY"></MenAtArm>
		
		<MenAtArm type="french_aventurier" key="mk_fre_t2_arbaletriers" max="RANGED"></MenAtArm>
		<MenAtArm type="french_voulgier" key="mk_bur_t2_voulgier" max="INFANTRY"></MenAtArm>
		<MenAtArm type="french_caballarii" key="mk_fre_t2_cliens" max="CAVALRY"></MenAtArm>
		<MenAtArm type="norman_knights" key="mk_lat_t2_chevaliers" max="CAVALRY"></MenAtArm>
		
		<MenAtArm type="germanic_verlorene_haufe" key="mk_swi_t3_auszug_swordsmen" max="INFANTRY"></MenAtArm>
		
		<MenAtArm type="danish_obudshaer " key="mk_nor_t2_landevern" max="INFANTRY"></MenAtArm>
		<MenAtArm type="danish_svenner " key="mk_han_t2_hanse_lance" max="CAVALRY"></MenAtArm>
		
		<MenAtArm type="outremer_turcopoles " key="mk_jer_t2_turcopoles" max="CAVALRY"></MenAtArm>
		<MenAtArm type="outremer_bowmen " key="mk_arm_t2_bourdjes_archers" max="RANGED"></MenAtArm>
		<MenAtArm type="outremer_heavy_cavalry " key="mk_mio_t2_templar_knights" max="CAVALRY"></MenAtArm>
		
		<MenAtArm type="sofa " key="mk_mak_t3_nubian_archers" max="RANGED"></MenAtArm>		
	</Faction>
	
</FactionsGroups>