﻿<?xml version="1.0" encoding="utf-8" ?>
<FactionsGroups>

	<Faction name="Default">
		<MenAtArm type="mande_hunter" key="att_des_es_marz_archers" max="RANGED"></MenAtArm>
		<MenAtArm type="islamic_alashair_infantry" key="att_des_amazigh_spearmen" max="INFANTRY"></MenAtArm>
		<MenAtArm type="islamic_khasseki_infantry" key="att_des_es_zealot_sicarius" max="INFANTRY"></MenAtArm>
		<MenAtArm type="barbary_corsairs" key="att_des_es_zealot_sicarius" max="INFANTRY"></MenAtArm>
		<MenAtArm type="shotel_warriors" key="att_des_kushite_shotelai" max="INFANTRY"></MenAtArm>
		<MenAtArm type="sofa" key="att_des_es_marz_archers" max="RANGED" ></MenAtArm>
	</Faction>
	
</FactionsGroups>