﻿<?xml version="1.0" encoding="utf-8" ?>
<FactionsGroups>

	<Faction name="Default">
		<MenAtArm type="byzantine_peltast" key="att_rom_exploratores" max="RANGED"></MenAtArm>
		<MenAtArm type="byzantine_apelatai" key="att_est_persian_skirmishers_ERE" max="RANGED"></MenAtArm>
		<MenAtArm type="byzantine_toxotai" key="att_rom_sagittarii" max="RANGED"></MenAtArm>
		<MenAtArm type="byzantine_psiloi" key="att_rom_armoured_sagittarii" max="RANGED"></MenAtArm>
		<MenAtArm type="byzantine_akontistai" key="att_rom_levis_armaturae" max="RANGED"></MenAtArm>
		<MenAtArm type="byzantine_koursores" key="att_rom_scholae_palatinae" max="CAVALRY" ></MenAtArm>
		<MenAtArm type="byzantine_trapezitai" key="ERE_limitanei_levy_lancers" max="CAVALRY"></MenAtArm>
		<MenAtArm type="byzantine_hippotoxotai" key="att_rom_equites_sagittarii" max="CAVALRY"></MenAtArm>
		<MenAtArm type="byzantine_skythikon" key="ERE_avar_horse_archers" max="CAVALRY"></MenAtArm>
		<MenAtArm type="byzantine_vardariotai" key="MERC_bucellarii_hun" max="CAVALRY"></MenAtArm>
		<MenAtArm type="byzantine_menaulatoi" key="ERE_ravennates_swords" max="INFANTRY"></MenAtArm>
		<MenAtArm type="byzantine_skoutatoi" key="lanciarii_sen_ERE" max="INFANTRY"></MenAtArm>
		<MenAtArm type="byzantine_kontophoros" key="ERE_ravennates_swords" max="INFANTRY"></MenAtArm>
		<MenAtArm type="byzantine_klibanophoroi" key="ERE_leones_clib" max="CAVALRY"></MenAtArm>
		<MenAtArm type="byzantine_latinkon" key="cha_nor_chevalers" max="CAVALRY"></MenAtArm>
		
		<MenAtArm type="bulgarian_voynik" key="LOM_arimanni_spears" max="RANGED"></MenAtArm>		
		<MenAtArm type="bulgarian_ciobani" key="att_ger_germanic_brigands" max="RANGED"></MenAtArm>			
		<MenAtArm type="bulgarian_oklopnitsi" key="att_ger_godan's_chosen" max="INFANTRY"></MenAtArm>			
		<MenAtArm type="bulgarian_konnik" key="att_nom_elite_hunnic_lancers" max="CAVALRY"></MenAtArm>			

		<MenAtArm type="turkish_azabs" key="KOK_steppe_bows" max="RANGED"></MenAtArm>		
		<MenAtArm type="janissaries_archer" key="KOK_cha_gen_archers" max="RANGED"></MenAtArm>	
		<MenAtArm type="janissaries_infantry" key="KOK_axe_warriors" max="INFANTRY"></MenAtArm>	
		<MenAtArm type="islamic_iqtadar" key="kok_oq_horse_archers" max="CAVALRY"></MenAtArm>	
		<MenAtArm type="sipahis" key="att_nom_hunnic_devil_cavalry" max="CAVALRY"></MenAtArm>	
		<MenAtArm type="islamic_hasham" key="att_est_zhayedan_immortal_cavalry" max="CAVALRY"></MenAtArm>
		<MenAtArm type="sipahi_lancers" key="KOK_cha_bre_armorican_cav" max="CAVALRY"></MenAtArm>
		<MenAtArm type="turkish_qapukulu" key="KOK_cha_bre_armorican_knights" max="CAVALRY"></MenAtArm>
		
		<MenAtArm type="islamic_rijal" key="att_des_es_rumha_skirmishers" max="RANGED"></MenAtArm>
		<MenAtArm type="islamic_rumat" key="cha_mus_armoured_archers" max="RANGED"></MenAtArm>
		<MenAtArm type="islamic_fursan" key="HIM_banu_abs_lancer" max="CAVALRY"></MenAtArm>
		<MenAtArm type="barbary_corsairs" key="att_des_es_zealot_sicarius" max="RANGED"></MenAtArm>
		<MenAtArm type="islamic_naffatun" key="att_est_naft_throwers" max="RANGED"></MenAtArm>
		<MenAtArm type="islamic_khasseki_infantry" key="att_des_es_zealot_sicarius" max="RANGED"></MenAtArm>
		<MenAtArm type="abid_alshira" key="att_des_es_marz_archers" max="RANGED"></MenAtArm>
		<MenAtArm type="islamic_alashair_infantry" key="att_des_amazigh_spearmen" max="INFANTRY"></MenAtArm>
		<MenAtArm type="sibyan_alkhass" key="att_des_desert_mounted_javelinmen" max="CAVALRY"></MenAtArm>
		<MenAtArm type="ghilman_nubians" key="att_des_es_elite_tor_warriors" max="INFANTRY"></MenAtArm>
		<MenAtArm type="egyptian_tabardariyya" key="att_des_es_baltha_defenders" max="INFANTRY"></MenAtArm>
		<MenAtArm type="mamluk_cavalry" key="att_des_es_zodiac_archers" max="CAVALRY"></MenAtArm>
		<MenAtArm type="egyptian_khassaki" key="att_des_es_wadai" max="CAVALRY"></MenAtArm>
		
		<MenAtArm type="persian_paighan" key="att_est_persian_levy" max="RANGED"></MenAtArm>
		<MenAtArm type="persian_kamandaran" key="att_est_persian_bowmen" max="RANGED"></MenAtArm>
		<MenAtArm type="persian_neyzedaran" key="att_est_immortals" max="INFANTRY"></MenAtArm>
		<MenAtArm type="persian_war_elephant" key="att_est_armoured_indian_elephants" max="CAVALRY"></MenAtArm>
		<MenAtArm type="persian_cataphract" key="att_est_gyan_avspar" max="CAVALRY"></MenAtArm>
		<MenAtArm type="gondi_shahanshah" key="att_est_elite_immortals" max="INFANTRY"></MenAtArm>
		
		<MenAtArm type="shotel_warrior" key="att_des_kushite_shotelai" max="RANGED"></MenAtArm>
		
		<MenAtArm type="mongol_cataphract" key="att_nom_elite_hunnic_lancers" max="CAVALRY"></MenAtArm>
		
		<MenAtArm type="iberian_raiders" key="cha_spa_noble_skirm" max="RANGED"></MenAtArm>
		<MenAtArm type="spanish_jinete" key="cha_spa_jinetes" max="CAVALRY"></MenAtArm>
		<MenAtArm type="muslim_jinete" key="cha_mus_berber_jinetes" max="CAVALRY"></MenAtArm>
		<MenAtArm type="iberian_coseletes" key="cha_spa_royal_guardsmen" max="INFANTRY"></MenAtArm>
		<MenAtArm type="iberian_picas_secas" key="cha_lom_spear" max="INFANTRY"></MenAtArm>
		<MenAtArm type="portugal_crossbowmen" key="att_rom_elite_ballistarii" max="RANGED"></MenAtArm>
		<MenAtArm type="portugal_aventuros" key="cha_spa_royal_guardsmen" max="INFANTRY"></MenAtArm>
		
		<MenAtArm type="gaelic_ceathairne" key="cha_cel_gaillmhigh" max="RANGED"></MenAtArm>
		
		<MenAtArm type="irish_ceithern" key="att_cel_tanist" max="RANGED"></MenAtArm>
		<MenAtArm type="irish_ostmen" key="att_nor_nordic_warriors" max="RANGED"></MenAtArm>
		<MenAtArm type="irish_ridire" key="cha_cel_horsemen" max="CAVALRY"></MenAtArm>
		<MenAtArm type="irish_cliathairi" key="cha_cel_spear" max="INFANTRY"></MenAtArm>
		<MenAtArm type="irish_horseboys" key="att_cel_mounted_spear_raiders" max="CAVALRY"></MenAtArm>
		<MenAtArm type="irish_muire" key="cha_cel_fianna" max="INFANTRY"></MenAtArm>
		<MenAtArm type="irish_galloglaigh" key="att_nor_huscarls" max="INFANTRY"></MenAtArm>
		
		<MenAtArm type="welsh_helwyr" key="att_cel_celtic_bows" max="RANGED"></MenAtArm>
		<MenAtArm type="welsh_saethwyr" key="att_cel_highland_archers" max="RANGED"></MenAtArm>
		<MenAtArm type="welsh_rhyfelwyr" key="att_cel_celtic_warband" max="INFANTRY"></MenAtArm>
		<MenAtArm type="welsh_teulu" key="cha_cel_royal_horsemen" max="CAVALRY"></MenAtArm>
		
		<MenAtArm type="woodsmen" key="BAL_woodsmen" max="RANGED"></MenAtArm>
		<MenAtArm type="polish_strzelcy" key="cha_slav_raiders" max="CAVALRY"></MenAtArm>
		
		<MenAtArm type="giltines_chosen" key="BAL_heavy_ambushers" max="INFANTRY"></MenAtArm>
		<MenAtArm type="dzukijan_horsemen" key="att_alan_alani_horse_archers" max="CAVALRY"></MenAtArm>
		<MenAtArm type="dievas_guard" key="att_slav_svarogs_raiders" max="CAVALRY"></MenAtArm>
		<MenAtArm type="lithuanian_bajorija" key="BAL_armoured_retinue" max="CAVALRY"></MenAtArm>
		
		<MenAtArm type="pavise_spearmen" key="cha_sax_spear_veterans" max="INFANTRY"></MenAtArm>
		<MenAtArm type="hungarian_hussar" key="att_nom_steppe_mounted_tribespeople" max="CAVALRY"></MenAtArm>
		<MenAtArm type="hungarian_tizlandzsasok" key="cha_sax_hearth_cav" max="CAVALRY"></MenAtArm>
		<MenAtArm type="hungarian_banderium" key="cha_avar_noble_lancers" max="CAVALRY"></MenAtArm>
		
		<MenAtArm type="berdiche_axemen" key="cha_vik_housecarls" max="INFANTRY"></MenAtArm>
		<MenAtArm type="druzhina_cavalry" key="cha_slav_royal_cav" max="CAVALRY"></MenAtArm>
		<MenAtArm type="dvor_cavalry" key="cha_avar_horse_masters" max="CAVALRY"></MenAtArm>
		<MenAtArm type="cossack_cavalry" key="att_alan_sarmatian_shock_tier_1" max="CAVALRY"></MenAtArm>
		
		<MenAtArm type="genoese_crossbowmen" key="att_rom_elite_ballistarii" max="RANGED"></MenAtArm>
		<MenAtArm type="milan_famiglia_ducale" key="cha_lom_gastald_knights" max="CAVALRY"></MenAtArm>
		<MenAtArm type="lanze_spezzate" key="cha_lom_gastald_knights" max="CAVALRY"></MenAtArm>
		<MenAtArm type="sicilian_archers" key="cha_mus_armoured_archers" max="RANGED"></MenAtArm>
		
		<MenAtArm type="yeoman_archers" key="cha_cel_welsh_longbowmen" max="RANGED"></MenAtArm>
		<MenAtArm type="sherwood_archers" key="att_cel_highland_archers" max="RANGED"></MenAtArm>
		<MenAtArm type="english_billmen" key="cha_nor_lancent_armeure" max="INFANTRY"></MenAtArm>
		
		<MenAtArm type="french_aventurier" key="att_rom_elite_ballistarii" max="RANGED"></MenAtArm>
		<MenAtArm type="french_voulgier" key="cha_nor_lancent_armeure" max="INFANTRY"></MenAtArm>
		<MenAtArm type="french_caballarii" key="cha_fra_scola_knights" max="CAVALRY"></MenAtArm>
		<MenAtArm type="norman_knights" key="cha_nor_chef" max="CAVALRY"></MenAtArm>
		
		<MenAtArm type="germanic_verlorene_haufe" key="cha_vik_big_axes" max="INFANTRY"></MenAtArm>
		
		<MenAtArm type="danish_obudshaer " key="cha_nor_lancent_armeure" max="INFANTRY"></MenAtArm>
		<MenAtArm type="danish_svenner " key="cha_slav_raiders" max="CAVALRY"></MenAtArm>
		
		<MenAtArm type="outremer_turcopoles " key="KOK_cha_gen_skirm_cav" max="CAVALRY"></MenAtArm>
		<MenAtArm type="outremer_bowmen " key="cha_mus_armoured_archers" max="RANGED"></MenAtArm>
		<MenAtArm type="outremer_heavy_cavalry " key="cha_nor_chef" max="CAVALRY"></MenAtArm>
		
		<MenAtArm type="sofa " key="att_des_es_marz_archers" max="RANGED"></MenAtArm>		
	</Faction>
	
</FactionsGroups>