﻿<?xml version="1.0" encoding="utf-8" ?>
<FactionsGroups>

	<Faction name="Default">
		<MenAtArm type="mande_hunter" key="mk_mak_t1_beja_bowmen" max="RANGED"></MenAtArm>
		<MenAtArm type="islamic_alashair_infantry" key="mk_ayy_t1_mutattawwia" max="INFANTRY"></MenAtArm>
		<MenAtArm type="islamic_khasseki_infantry" key="mk_merc_kurd_t1_kurdish_hillmen" max="INFANTRY"></MenAtArm>
		<MenAtArm type="barbary_corsairs" key="mk_sal_t3_hormuz_pirates" max="INFANTRY"></MenAtArm>
		<MenAtArm type="shotel_warriors" key="mk_zag_t3_shotelai" max="INFANTRY"></MenAtArm>
		<MenAtArm type="sofa" key="mk_mak_t3_nubian_archers" max="RANGED" ></MenAtArm>
	</Faction>
	
</FactionsGroups>