﻿<?xml version="1.0" encoding="utf-8" ?> 
<Cultures>

	<!--All the "name" values will be found in the path below -->
	<!--Crusader Kings III\game\localization\english\culture-->
	
	<!--New heritages & cultures added by mods should be found in the same directory but in their mod folder-->
	<Heritage name="heritage_akan" faction="West African">
		<Culture name="akan" faction="West African"></Culture>
		<Culture name="guan" faction="West African"></Culture>
		<Culture name="kru" faction="West African"></Culture>
		<Culture name="bono" faction="West African"></Culture>
	</Heritage>

	<Heritage name="heritage_bantu" faction="West African"></Heritage>

	<Heritage name="heritage_arabic" faction="Abbasid">
		<Culture name="bedouin" faction="Bedouin"></Culture>
		<Culture name="egyptian" faction="Egyptian"></Culture>
		<Culture name="misri" faction="Egyptian"></Culture>
		<Culture name="maghrebi" faction="Maghrebi"></Culture>
		<Culture name="mashriqi" faction="Abbasid"></Culture>
		<Culture name="yemeni" faction="Abbasid"></Culture>
		<Culture name="moroccan" faction="Baranis"></Culture>
		<Culture name="algerian" faction="Maghrebi"></Culture>
		<Culture name="tripolitanian" faction="Maghrebi"></Culture>
		<Culture name="tunisian" faction="Maghrebi"></Culture>
		<Culture name="outremer" faction="Outremer"></Culture>
		<Culture name="oltremare" faction="Outremer"></Culture>
		<Culture name="ultramar" faction="Outremer"></Culture>
		<Culture name="hierosolyman" faction="Outremer"></Culture>
		<Culture name="jerusaleman" faction="Outremer"></Culture>
		<Culture name="kulfoldi" faction="Outremer"></Culture>
		<Culture name="dramor" faction="Outremer"></Culture>
		<Culture name="coigriche" faction="Outremer"></Culture>
		<Culture name="himyarite" faction="Bedouin"></Culture>
		<Culture name="south_arabian" faction="Abbasid"></Culture>
		<Culture name="soqotri" faction="Copt"></Culture>
		<Culture name="mahri" faction="Abbasid"></Culture>
		<Culture name="hadrami" faction="Bedouin"></Culture>
		<Culture name="siqilli" faction="Maghrebi"></Culture>
		<Culture name="siculo_arabic" faction="Maghrebi"></Culture>
		<Culture name="levantine" faction="Abbasid"></Culture>
		<Culture name="hadhrami" faction="Abbasid"></Culture>
	</Heritage>

	<Heritage name="heritage_baltic" faction="Lithuanian">
		<Culture name="latgalian" faction="Baltic"></Culture>
		<Culture name="lithuanian" faction="Lithuanian"></Culture>
		<Culture name="prussian" faction="Prussian"></Culture>
		<Culture name="pruthenian" faction="Prussian"></Culture>
		<Culture name="kurlander" faction="Teutonic"></Culture>	
		<Culture name="sudovian" faction="Baltic"></Culture>	
		<Culture name="curonian" faction="Baltic"></Culture>
		<Culture name="zemgalian" faction="Baltic"></Culture>
		<Culture name="selonian" faction="Baltic"></Culture>	
		<Culture name="galindian" faction="Baltic"></Culture>
		<Culture name="goliad" faction="Baltic"></Culture>			
	</Heritage>

	<Heritage name="heritage_balto_finnic" faction="Baltic Finnic">
		<Culture name="estonian" faction="Estonian"></Culture>
		<Culture name="finnish" faction="Baltic Finnic"></Culture>
		<Culture name="karelian" faction="Baltic Finnic"></Culture>
		<Culture name="sami" faction="Baltic Finnic"></Culture>
		<Culture name="vepsian" faction="Baltic Finnic"></Culture>
		<Culture name="kurlander" faction="Teutonic"></Culture>	
		<Culture name="livonian" faction="Estonian"></Culture>
		<Culture name="ingrian" faction="Estonian"></Culture>	
		<Culture name="tavastian" faction="Baltic Finnic"></Culture>			
	</Heritage>	

	<Heritage name="heritage_berber" faction="Baranis">
		<Culture name="baranis" faction="Baranis"></Culture>
		<Culture name="butr" faction="Butr"></Culture>
		<Culture name="guanche" faction="Baranis"></Culture>
		<Culture name="zaghawa" faction="Sahelian"></Culture>
		<Culture name="siculo_norman" faction="Sicilian"></Culture>
		<Culture name="moroccan" faction="Baranis"></Culture>
		<Culture name="algerian" faction="Baranis"></Culture>
		<Culture name="tripolitanian" faction="Maghrebi"></Culture>
		<Culture name="tunisian" faction="Maghrebi"></Culture>
		<Culture name="taureg" faction="Sahelian"></Culture>
		<Culture name="african_roman" faction="Roman African"></Culture>		
	</Heritage>	

	<Heritage name="heritage_brythonic" faction="Welsh">
		<Culture name="breton" faction="Breton"></Culture>
		<Culture name="cornish" faction="Welsh"></Culture>
		<Culture name="cumbrian" faction="Scottish"></Culture>
		<Culture name="pictish" faction="Scottish"></Culture>
		<Culture name="welsh" faction="Welsh"></Culture>
		<Culture name="dramor" faction="Outremer"></Culture>
		<Culture name="arvorigeg" faction="Breton"></Culture>
		<Culture name="gallo" faction="Breton"></Culture>
		<Culture name="dumnonian" faction="Welsh"></Culture>
		<Culture name="pritanian" faction="Welsh"></Culture>
		<Culture name="wylish" faction="Wylish"></Culture>
	</Heritage>	

	<Heritage name="heritage_briton" faction="Welsh">
		<Culture name="breton" faction="Breton"></Culture>
		<Culture name="cornish" faction="Welsh"></Culture>
		<Culture name="cumbrian" faction="Scottish"></Culture>
		<Culture name="pictish" faction="Scottish"></Culture>
		<Culture name="welsh" faction="Welsh"></Culture>
		<Culture name="cambrian" faction="Welsh"></Culture>
		<Culture name="dramor" faction="Outremer"></Culture>
		<Culture name="arvorigeg" faction="Breton"></Culture>
		<Culture name="gallo" faction="Breton"></Culture>
		<Culture name="wylish" faction="Wylish"></Culture>
	</Heritage>	
	
	<Heritage name="heritage_burman" faction="Burmese">
		<Culture name="burmese" faction="Burmese"></Culture>
		<Culture name="mon" faction="Burmese"></Culture>
	</Heritage>
	
	<Heritage name="heritage_byzantine" faction="Byzantine">
		<Culture name="alan" faction="Alan"></Culture>
		<Culture name="armenian" faction="Armenian"></Culture>
		<Culture name="georgian" faction="Georgian"></Culture>
		<Culture name="greek" faction="Byzantine"></Culture>
		<Culture name="romaios" faction="Byzantine"></Culture>
		<Culture name="syriac" faction="Syriac"></Culture>
		<Culture name="siculo_norman" faction="Sicilian"></Culture>
	</Heritage>	

	<Heritage name="heritage_central_african" faction="West African">
		<Culture name="hausa" faction="West African"></Culture>
		<Culture name="kanuri" faction="West African"></Culture>
		<Culture name="nupe" faction="West African"></Culture>
		<Culture name="sao" faction="West African"></Culture>
	</Heritage>
	
	<Heritage name="heritage_central_germanic" faction="German">
		<Culture name="bavarian" faction="Bavarian"></Culture>
		<Culture name="dutch" faction="Brabantian"></Culture>
		<Culture name="franconian" faction="Franconian"></Culture>
		<Culture name="nederfrankish" faction="Brabantian"></Culture>
		<Culture name="frisian" faction="Brabantian"></Culture>
		<Culture name="german" faction="German"></Culture>
		<Culture name="langobard" faction="Cisalpine"></Culture>
		<Culture name="saxon" faction="Saxon"></Culture>
		<Culture name="swabian" faction="Swabian"></Culture>
		<Culture name="lothringian" faction="Lothringian"></Culture>
		<Culture name="alsatian" faction="Lothringian"></Culture>
		<Culture name="austrian" faction="Austrian"></Culture>
		<Culture name="flemish" faction="Flemish"></Culture>
		<Culture name="vlaemsch" faction="Flemish"></Culture>
		<Culture name="rhinelander" faction="Trierer"></Culture>
		<Culture name="swiss" faction="Swiss"></Culture>
		<Culture name="kurlander" faction="Teutonic"></Culture>	
		<Culture name="hierosolyman" faction="Outremer"></Culture>
		<Culture name="markish" faction="Saxon"></Culture>
		<Culture name="pomeranian" faction="Saxon"></Culture>
		<Culture name="germanic" faction="German"></Culture>
		<Culture name="blatnohrader" faction="Carantanian"></Culture>
		<Culture name="thuringian" faction="German"></Culture>
		<Culture name="meissener" faction="Saxon"></Culture>
		<Culture name="lausitzian" faction="Silesian"></Culture>
	</Heritage>

	<Heritage name="heritage_chinese" faction="Tibetan">
		<Culture name="han" faction="Tibetan"></Culture>
	</Heritage>

	<Heritage name="heritage_dravidian" faction="Indian">
		<Culture name="gond" faction="Indian"></Culture>
		<Culture name="kannada" faction="Indian"></Culture>
		<Culture name="tamil" faction="Indian"></Culture>
		<Culture name="telugu" faction="Indian"></Culture>
	</Heritage>	

	<Heritage name="heritage_west_african" faction="West African"></Heritage>

	<Heritage name="heritage_east_african" faction="Nubian">
		<Culture name="daju" faction="Horn African"></Culture>
		<Culture name="ethiopian" faction="Ethiopian"></Culture>
		<Culture name="nubian" faction="Nubian"></Culture>
		<Culture name="welayta" faction="Ethiopian"></Culture>
		<Culture name="dinka" faction="Nubian"></Culture>
		<Culture name="tigray " faction="Ethiopian"></Culture>
		<Culture name="agaw" faction="Ethiopian"></Culture>
		<Culture name="sidama" faction="Horn African"></Culture>
		<Culture name="argobba" faction="Ethiopian"></Culture>
		<Culture name="kwama" faction="Ethiopian"></Culture>
		<Culture name="berta" faction="Ethiopian"></Culture>
		<Culture name="omotic" faction="Horn African"></Culture>
		<Culture name="habesha" faction="Ethiopian"></Culture>
		<Culture name="amhara" faction="Ethiopian"></Culture>
		<Culture name="beja" faction="Horn African"></Culture>		
	</Heritage>

	<Heritage name="heritage_east_slavic" faction="Rus">
		<Culture name="ilmenian" faction="Rus"></Culture>
		<Culture name="russian" faction="Rus"></Culture>
		<Culture name="rus" faction="Rus"></Culture>
		<Culture name="severian" faction="Rus"></Culture>
		<Culture name="volhynian" faction="Rus"></Culture>
		<Culture name="tervitsian" faction="Mordvin"></Culture>
		<Culture name="tiverian" faction="Mordvin"></Culture>
		<Culture name="ilmenian" faction="Rus"></Culture>
		<Culture name="severian" faction="Rus"></Culture>
		<Culture name="polyan" faction="Rus"></Culture>
		<Culture name="poloch" faction="Rus"></Culture>
		<Culture name="drevlian" faction="Rus"></Culture>
		<Culture name="dregovichian" faction="Rus"></Culture>
		<Culture name="dregovich" faction="Rus"></Culture>
		<Culture name="vyatichian" faction="Rus"></Culture>
		<Culture name="vyatichi" faction="Rus"></Culture>
		<Culture name="krivichian" faction="Rus"></Culture>
		<Culture name="krivich" faction="Rus"></Culture>
		<Culture name="jerusaleman" faction="Outremer"></Culture>
		<Culture name="belocroat" faction="Mordvin"></Culture>	
	</Heritage>

	<Heritage name="heritage_frankish" faction="French">
		<Culture name="frankish" faction="French"></Culture>
		<Culture name="french" faction="French"></Culture>
		<Culture name="norman" faction="French"></Culture>
		<Culture name="occitan" faction="Occitan"></Culture>
		<Culture name="lorrainian" faction="Lothringian"></Culture>
		<Culture name="alsatian" faction="Lothringian"></Culture>
		<Culture name="burgundian" faction="Burgundian"></Culture>
		<Culture name="aquitainian" faction="Occitan"></Culture>
		<Culture name="auvergnat" faction="Occitan"></Culture>
		<Culture name="lengadocian" faction="Occitan"></Culture>
		<Culture name="siculo_norman" faction="Sicilian"></Culture>
		<Culture name="rhinelander" faction="Trierer"></Culture>
		<Culture name="swiss" faction="Swiss"></Culture>
		<Culture name="walloon" faction="Flemish"></Culture>
		<Culture name="vlaemsch" faction="Flemish"></Culture>
		<Culture name="outremer" faction="Outremer"></Culture>
		<Culture name="arpitan" faction="Savoyard"></Culture>
		<Culture name="arvorigeg" faction="Breton"></Culture>
		<Culture name="gallo" faction="Breton"></Culture>
	</Heritage>	

	<Heritage name="heritage_goidelic" faction="Gaelic">
		<Culture name="gaelic" faction="Gaelic"></Culture>
		<Culture name="irish" faction="Irish"></Culture>
		<Culture name="norse_gael" faction="Norse Gael"></Culture>
		<Culture name="ulster_scots" faction="Gaelic"></Culture>
		<Culture name="coigriche" faction="Outremer"></Culture>	
	</Heritage>	

	<Heritage name="heritage_guinean_uplander" faction="West African">
		<Culture name="bobo" faction="West African"></Culture>
		<Culture name="gur" faction="West African"></Culture>
		<Culture name="malinke" faction="Sahelian"></Culture>
		<Culture name="mandinka" faction="Sahelian"></Culture>
		<Culture name="marka" faction="West African"></Culture>
		<Culture name="mel" faction="West African"></Culture>
	</Heritage>	
	
	<Heritage name="heritage_gur" faction="West African"></Heritage>
	
	<Heritage name="heritage_yoruba" faction="West African"></Heritage>

	<Heritage name="heritage_somalian" faction="Horn African">
		<Culture name="afar" faction="Horn African"></Culture>
		<Culture name="beja" faction="Horn African"></Culture>
		<Culture name="somali" faction="Horn African"></Culture>
	</Heritage>

	<Heritage name="heritage_iberian" faction="Castilian">
		<Culture name="andalusian" faction="Andalusian"></Culture>
		<Culture name="aragonese" faction="Aragonese"></Culture>
		<Culture name="asturleonese" faction="Castilian"></Culture>
		<Culture name="leonese" faction="Castilian"></Culture>
		<Culture name="asturian" faction="Castilian"></Culture>
		<Culture name="basque" faction="Basque"></Culture>
		<Culture name="castilian" faction="Castilian"></Culture>
		<Culture name="catalan" faction="Aragonese"></Culture>
		<Culture name="galician" faction="Portuguese"></Culture>
		<Culture name="portuguese" faction="Portuguese"></Culture>
		<Culture name="suebi" faction="Portuguese"></Culture>
		<Culture name="visigothic" faction="Castilian"></Culture>
		<Culture name="mozarab" faction="Mozarab"></Culture>
		<Culture name="navarro_aragonese" faction="Aragonese"></Culture>		
		<Culture name="iqritis" faction="Andalusian"></Culture>	
		<Culture name="ultramar" faction="Outremer"></Culture>
	</Heritage>

	<Heritage name="heritage_israelite" faction="Kurdish">
		<Culture name="ashkenazi" faction="Slovianskan"></Culture>
		<Culture name="bavlim" faction="Kurdish"></Culture>
		<Culture name="radhanite" faction="Cuman"></Culture>
		<Culture name="kochinim	" faction="Indian"></Culture>
		<Culture name="sephardi" faction="Andalusian"></Culture>
		<Culture name="musta_arabi" faction="Bedouin"></Culture>
		<Culture name="parsim" faction="Kurdish"></Culture>
		<Culture name="teimani" faction="Bedouin"></Culture>
	</Heritage>

	<Heritage name="heritage_indo_aryan" faction="Indian">
		<Culture name="bengali" faction="Indian"></Culture>
		<Culture name="oriya	" faction="Indian"></Culture>
		<Culture name="assamese" faction="Indian"></Culture>
		<Culture name="hindustani" faction="Indian"></Culture>
		<Culture name="malvi" faction="Indian"></Culture>
		<Culture name="gujarati" faction="Indian"></Culture>
		<Culture name="punjabi" faction="Indian"></Culture>
		<Culture name="rajput" faction="Indian"></Culture>
		<Culture name="sindhi" faction="Indian"></Culture>		
		<Culture name="marathi" faction="Indian"></Culture>
		<Culture name="sinhala" faction="Indian"></Culture>
		<Culture name="nepali" faction="Tibetan"></Culture>
		<Culture name="kashmiri" faction="Afghan"></Culture>
		<Culture name="peristani" faction="Afghan"></Culture>	
		<Culture name="darada" faction="Afghan"></Culture>
		<Culture name="nuristani" faction="Afghan"></Culture>
		<Culture name="makrani" faction="Afghan"></Culture>
		<Culture name="jat" faction="Afghan"></Culture>	
		<Culture name="kaikani" faction="Afghan"></Culture>
		<Culture name="zutt" faction="Afghan"></Culture>		
	</Heritage>

	<Heritage name="heritage_iranian" faction="Persian">
		<Culture name="afghan" faction="Afghan"></Culture>
		<Culture name="baloch" faction="Afghan"></Culture>
		<Culture name="daylamite" faction="Daylamite"></Culture>
		<Culture name="khwarezmian" faction="Khwarazmian"></Culture>
		<Culture name="kurdish" faction="Kurdish"></Culture>
		<Culture name="persian" faction="Persian"></Culture>
		<Culture name="saka" faction="Khorasani"></Culture>
		<Culture name="sogdian" faction="Khorasani"></Culture>
		<Culture name="tajik" faction="Khorasani"></Culture>
		<Culture name="khorasani" faction="Khorasani"></Culture>
		<Culture name="tocharian " faction="Khorasani"></Culture>
		<Culture name="gorani " faction="Kurdish"></Culture>
		<Culture name="tabari " faction="Daylamite"></Culture>
		<Culture name="turko_iranian" faction="Turko Persian"></Culture>
		<Culture name="turko_afghan" faction="Turko Persian"></Culture>
		<Culture name="hephthalite" faction="Afghan"></Culture>
		<Culture name="khuzi" faction="Kurdish"></Culture>
		<Culture name="pamiri" faction="Afghan"></Culture>
		<Culture name="turco-hephthalite" faction="Turko Persian"></Culture>
		<Culture name="pashtun" faction="Afghan"></Culture>
		<Culture name="alani" faction="Alan"></Culture>
		<Culture name="alan" faction="Alan"></Culture>
		<Culture name="semnani" faction="Daylamite"></Culture>
		<Culture name="adhari" faction="Daylamite"></Culture>
		<Culture name="mazanderani" faction="Daylamite"></Culture>
		<Culture name="gilak" faction="Daylamite"></Culture>
		<Culture name="gilani" faction="Daylamite"></Culture>
		<Culture name="deilami" faction="Daylamite"></Culture>
		<Culture name="bactrian" faction="Khorasani"></Culture>
		<Culture name="tokhari" faction="Khorasani"></Culture>
		<Culture name="parsi" faction="Afghan"></Culture>
		<Culture name="tati" faction="Shirvani"></Culture>	
		<Culture name="tat" faction="Shirvani"></Culture>	
		<Culture name="shirvani" faction="Shirvani"></Culture>	
		<Culture name="taleshi" faction="Shirvani"></Culture>	
		<Culture name="parthian" faction="Persian"></Culture>
		<Culture name="bactrian" faction="Khorasani"></Culture>		
		<Culture name="tokhari" faction="Turko Persian"></Culture>	
		<Culture name="old_persian" faction="Persian"></Culture>	
		<Culture name="elymaean" faction="Afghan"></Culture>
		<Culture name="khalaj" faction="Turko Persian"></Culture>			
	</Heritage>

	<Heritage name="heritage_elamite" faction="Kurdish"></Heritage>

	<Heritage name="heritage_latin" faction="Florentine">
		<Culture name="cisalpine" faction="Cisalpine"></Culture>
		<Culture name="italian" faction="Florentine"></Culture>
		<Culture name="lombard" faction="Pisan"></Culture>
		<Culture name="roman" faction="Roman"></Culture>
		<Culture name="sardinian" faction="Sardinian"></Culture>
		<Culture name="sicilian" faction="Sicilian"></Culture>
		<Culture name="venetian" faction="Venetian"></Culture>
		<Culture name="venetian_ce" faction="Venetian"></Culture>
		<Culture name="friuli_mpe" faction="Venetian"></Culture>
		<Culture name="ligurian" faction="Genoan"></Culture>
		<Culture name="romagnol" faction="Florentine"></Culture>
		<Culture name="tuscan" faction="Pisan"></Culture>
		<Culture name="tuscan_ce" faction="Pisan"></Culture>
		<Culture name="umbrian" faction="Florentine"></Culture>
		<Culture name="neopolitan" faction="Neopolitan"></Culture>
		<Culture name="siculo_norman" faction="Sicilian"></Culture>
		<Culture name="swiss" faction="Swiss"></Culture>
		<Culture name="oltremare" faction="Outremer"></Culture>
		<Culture name="arpitan" faction="Savoyard"></Culture>
		<Culture name="arpitan_ce" faction="Savoyard"></Culture>
		<Culture name="dalmatian" faction="Dalmatian"></Culture>
		<Culture name="dalmatian_ce" faction="Dalmatian"></Culture>
		<Culture name="latin_mpe" faction="Dalmatian"></Culture>
		<Culture name="pannonian" faction="Bosnian"></Culture>
		<Culture name="pannonian_romance" faction="Dalmatian"></Culture>
		<Culture name="umbrian_mpe" faction="Dalmatian"></Culture>
		<Culture name="isaurian_mpe" faction="Dalmatian"></Culture>		
		<Culture name="thracian_mpe" faction="Dalmatian"></Culture>	
		<Culture name="macedonian_mpe" faction="Dalmatian"></Culture>	
		<Culture name="african" faction="Roman African"></Culture>
		<Culture name="genoese" faction="Genoan"></Culture>	
		<Culture name="maltese" faction="Maghrebi"></Culture>	
	</Heritage>	

	<Heritage name="heritage_magyar" faction="Hungarian">
		<Culture name="hungarian" faction="Hungarian"></Culture>
		<Culture name="mogyer" faction="Magyar"></Culture>
		<Culture name="szekely" faction="Magyar"></Culture>
		<Culture name="transylvanian" faction="Vlach"></Culture>
		<Culture name="kulfoldi" faction="Outremer"></Culture>
	</Heritage>	
	
	<Heritage name="heritage_yugrian" faction="Hungarian">
		<Culture name="hungarian" faction="Hungarian"></Culture>
		<Culture name="mogyer" faction="Magyar"></Culture>
		<Culture name="szekely" faction="Magyar"></Culture>
		<Culture name="transylvanian" faction="Vlach"></Culture>
		<Culture name="kulfoldi" faction="Outremer"></Culture>
	</Heritage>
	
	<Heritage name="heritage_mongolic" faction="Mongol">
		<Culture name="evenk" faction="Siberian"></Culture>	
	</Heritage>
	
	<Heritage name="heritage_niger_delta" faction="West African"></Heritage>
	
	<Heritage name="heritage_north_germanic" faction="Danish">
		<Culture name="danish" faction="Danish"></Culture>
		<Culture name="norse" faction="Norse"></Culture>
		<Culture name="norwegian" faction="Norwegian"></Culture>
		<Culture name="swedish" faction="Swedish"></Culture>
		<Culture name="geatish" faction="Swedish"></Culture>
		<Culture name="gutish" faction="Swedish"></Culture>
		<Culture name="icelandic" faction="Norse"></Culture>
		<Culture name="norse_gael" faction="Norse Gael"></Culture>
		<Culture name="danelander" faction="Danelander"></Culture>
		<Culture name="anglo_norse" faction="Aenglish"></Culture>			
		<Culture name="engelsk" faction="Aenglish"></Culture>
		<Culture name="hierosolyman" faction="Outremer"></Culture>
		<Culture name="greenlandic" faction="Norse"></Culture>		
		<Culture name="vinlandic" faction="Norse"></Culture>
		<Culture name="jute" faction="Aenglish"></Culture>
		<Culture name="dane" faction="Danish"></Culture>
		<Culture name="geat" faction="Swedish"></Culture>		
		<Culture name="gute" faction="Swedish"></Culture>
		<Culture name="got" faction="Swedish"></Culture>
		<Culture name="swear" faction="Swedish"></Culture>
		<Culture name="svear" faction="Swedish"></Culture>
	</Heritage>
	
	<Heritage name="heritage_qiangic" faction="Tibetan"></Heritage>

	<Heritage name="heritage_sahelian" faction="Sahelian">
		<Culture name="bozo" faction="Sahelian"></Culture>
		<Culture name="sorko" faction="Sahelian"></Culture>
	</Heritage>

	<Heritage name="heritage_west_sahelian" faction="Sahelian">
		<Culture name="bozo" faction="Sahelian"></Culture>
		<Culture name="sorko" faction="Sahelian"></Culture>
	</Heritage>
	
	<Heritage name="heritage_central_sahelian" faction="Sahelian">
		<Culture name="nupe" faction="Sahelian"></Culture>
		<Culture name="jukun" faction="Sahelian"></Culture>
	</Heritage>

	<Heritage name="heritage_senegambian" faction="Sahelian"></Heritage>

	<Heritage name="heritage_south_slavic" faction="Bulgarian">
		<Culture name="bosnian" faction="Bosnian"></Culture>
		<Culture name="bulgarian" faction="Bulgarian"></Culture>
		<Culture name="croatian" faction="Croatian"></Culture>
		<Culture name="serbian" faction="Serbian"></Culture>
		<Culture name="jerusaleman" faction="Outremer"></Culture>
		<Culture name="slavonian" faction="Croatian"></Culture>
		<Culture name="slovene" faction="Carantanian"></Culture>
		<Culture name="vlach" faction="Vlach"></Culture>
		<Culture name="blatno_slavic" faction="Carantanian"></Culture>
		<Culture name="dudlebian" faction="Bohemian"></Culture>
		<Culture name="neretljanian" faction="Croatian"></Culture>
		<Culture name="abotrite" faction="Serbian"></Culture>
		<Culture name="branichian" faction="Serbian"></Culture>
		<Culture name="doclean" faction="Serbian"></Culture>
		<Culture name="travunian" faction="Serbian"></Culture>
		<Culture name="zachlumian" faction="Bosnian"></Culture>
		<Culture name="pannonian" faction="Bosnian"></Culture>
		<Culture name="illyrian_slavic" faction="Croatian"></Culture>
		<Culture name="yugoslavian" faction="Serbian"></Culture>
		<Culture name="berzite" faction="Bulgarian"></Culture>
	</Heritage>	

	<Heritage name="heritage_tibetan" faction="Tibetan"></Heritage>	

	<Heritage name="heritage_tocharian" faction="Khorasani">
		<Culture name="huna" faction="Afghan"></Culture>
		<Culture name="khotanese" faction="Turko Persian"></Culture>		
	</Heritage>	

	<Heritage name="heritage_turkic" faction="Seljuk">
		<Culture name="avar" faction="Pecheneg"></Culture>
		<Culture name="bashkir" faction="Bolghar"></Culture>
		<Culture name="bolghar" faction="Bolghar"></Culture>
		<Culture name="chuvash" faction="Bolghar"></Culture>
		<Culture name="cuman" faction="Cuman"></Culture>
		<Culture name="karluk" faction="Turko Persian"></Culture>
		<Culture name="khazar" faction="Cuman"></Culture>
		<Culture name="kimek" faction="Cuman"></Culture>
		<Culture name="kipchak" faction="Cuman"></Culture>
		<Culture name="kirghiz" faction="Mongol"></Culture>
		<Culture name="laktan" faction="Cuman"></Culture>
		<Culture name="turkish" faction="Seljuk"></Culture>
		<Culture name="oghuz" faction="Seljuk"></Culture>
		<Culture name="pecheneg" faction="Pecheneg"></Culture>
		<Culture name="shatuo" faction="Mongol"></Culture>
		<Culture name="uriankhai" faction="Mongol"></Culture>
		<Culture name="uyghur" faction="Turko Persian"></Culture>
		<Culture name="yughur" faction="Turko Persian"></Culture>
		<Culture name="azeri" faction="Daylamite"></Culture>
		<Culture name="turko_iranian" faction="Turko Persian"></Culture>
		<Culture name="turko_afghan" faction="Turko Persian"></Culture>
		<Culture name="anatolian_turkish" faction="Ottoman"></Culture>
		<Culture name="torkil" faction="Seljuk"></Culture>
		<Culture name="yakut" faction="Siberian"></Culture>
		<Culture name="basmyl" faction="Turko Persian"></Culture>
		<Culture name="khalaj" faction="Turko Persian"></Culture>
		<Culture name="ongud" faction="Mongol"></Culture>
		<Culture name="turkmen" faction="Ottoman"></Culture>		
	</Heritage>	
	
	<Heritage name="heritage_ugro_permian" faction="Siberian"></Heritage>
	
	<Heritage name="heritage_inuit" faction="Siberian"></Heritage>

	<Heritage name="heritage_paleo_inuit" faction="Siberian"></Heritage>
	
	<Heritage name="heritage_algonquian" faction="Siberian"></Heritage>
	
	<Heritage name="heritage_iroquoian" faction="Siberian"></Heritage>
	
	<Heritage name="heritage_paleo_inui" faction="Siberian"></Heritage>
	
	<Heritage name="heritage_siberian" faction="Siberian"></Heritage>

	<Heritage name="heritage_vlach" faction="Vlach">
		<Culture name="Transylvanian" faction="Vlach"></Culture>
	</Heritage>	
	
	<Heritage name="heritage_volga_finnic" faction="Mordvin"></Heritage>
	
	<Heritage name="heritage_west_germanic" faction="English">
		<Culture name="anglo_saxon" faction="English"></Culture>
		<Culture name="west_saxon" faction="English"></Culture>
		<Culture name="middle_anglian" faction="English"></Culture>
		<Culture name="mercian" faction="English"></Culture>
		<Culture name="northumbrian" faction="English"></Culture>
		<Culture name="kentish" faction="English"></Culture>
		<Culture name="east_anglian" faction="English"></Culture>
		<Culture name="old_anglian" faction="English"></Culture>
		<Culture name="gewisse" faction="Wylish"></Culture>
		<Culture name="hwiccian" faction="English"></Culture>
		<Culture name="south_saxon" faction="English"></Culture>
		<Culture name="east_saxon" faction="English"></Culture>
		<Culture name="bernician" faction="Aenglish"></Culture>
		<Culture name="deiran" faction="Wylish"></Culture>
		<Culture name="english" faction="English"></Culture>
		<Culture name="old_saxon" faction="English"></Culture>
		<Culture name="scottish" faction="Scottish"></Culture>
		<Culture name="danelander" faction="Danelander"></Culture>
		<Culture name="anglo_norse" faction="Danelander"></Culture>	
		<Culture name="engelsk" faction="Aenglish"></Culture>	
		<Culture name="ulster_scots" faction="Gaelic"></Culture>
		<Culture name="hierosolyman" faction="Outremer"></Culture>
		<Culture name="frisian" faction="Brabantian"></Culture>
		<Culture name="dutch" faction="Brabantian"></Culture>
	</Heritage>	
	
	<Heritage name="heritage_west_slavic" faction="Bohemian">
		<Culture name="carantanian" faction="Carantanian"></Culture>
		<Culture name="czech" faction="Bohemian"></Culture>
		<Culture name="moravian" faction="Bohemian"></Culture>
		<Culture name="slovak" faction="Bohemian"></Culture>
		<Culture name="polabian" faction="Slovianskan"></Culture>
		<Culture name="sorbian" faction="Slovianskan"></Culture>
		<Culture name="veleti" faction="Slovianskan"></Culture>
		<Culture name="obotrite" faction="Slovianskan"></Culture>
		<Culture name="lutician" faction="Slovianskan"></Culture>
		<Culture name="ranian" faction="Slovianskan"></Culture>
		<Culture name="polish" faction="Polish"></Culture>
		<Culture name="polan" faction="Polish"></Culture>
		<Culture name="pomeranian" faction="Slovianskan"></Culture>
		<Culture name="pomorian" faction="Slovianskan"></Culture>
		<Culture name="slovien" faction="Bohemian"></Culture>
		<Culture name="jerusaleman" faction="Outremer"></Culture>
		<Culture name="silesian" faction="Silesian"></Culture>
		<Culture name="slovene" faction="Carantanian"></Culture>
		<Culture name="dravehnian" faction="Slovianskan"></Culture>
		<Culture name="opolan" faction="Polish"></Culture>
		<Culture name="golensizi" faction="Polish"></Culture>
		<Culture name="vistulan" faction="Polish"></Culture>
		<Culture name="lendian" faction="Polish"></Culture>
		<Culture name="masovian" faction="Polish"></Culture>
		<Culture name="nitravan" faction="Polish"></Culture>
		<Culture name="pommeranian" faction="Slovianskan"></Culture>	
	</Heritage>

	<Heritage name="heritage_caucasian" faction="Georgian">
		<Culture name="armenian" faction="Armenian"></Culture>
		<Culture name="georgian" faction="Georgian"></Culture>
		<Culture name="svan" faction="Georgian"></Culture>
		<Culture name="ce_svan" faction="Georgian"></Culture>
		<Culture name="abkhaz" faction="Georgian"></Culture>
		<Culture name="mingrelian" faction="Georgian"></Culture>
		<Culture name="adyghean" faction="Alan"></Culture>
		<Culture name="lezgin" faction="Cuman"></Culture>
		<Culture name="udi" faction="Georgian"></Culture>
		<Culture name="alani" faction="Alan"></Culture>
		<Culture name="lazi" faction="Trebizond"></Culture>
		<Culture name="dagestani" faction="Alan"></Culture>
		<Culture name="mushuan" faction="Georgian"></Culture>
		<Culture name="circassian" faction="Alan"></Culture>
	</Heritage>

	<Heritage name="heritage_egyptian" faction="Copt">
		<Culture name="copt" faction="Copt"></Culture>
		<Culture name="coptic" faction="Copt"></Culture>
		<Culture name="ce_copt" faction="Copt"></Culture>
		<Culture name="ancient_egyptian" faction="Egyptian"></Culture>
	</Heritage>

	<Heritage name="heritage_gurma" faction="West African"></Heritage>

	<Heritage name="heritage_peristani" faction="Afghan">
		<Culture name="pamiri" faction="Afghan"></Culture>	
	</Heritage>
	
	<Heritage name="heritage_east_germanic" faction="Gothic">
		<Culture name="gothic" faction="Gothic"></Culture>
		<Culture name="crimean_gothic" faction="Gothic"></Culture>
	</Heritage>
	
	<Heritage name="heritage_gothic" faction="Gothic"></Heritage>	

	<Heritage name="heritage_arberian" faction="Albanian"></Heritage>

	<Heritage name="heritage_albanian" faction="Albanian"></Heritage>
		
	<Heritage name="heritage_aramean" faction="Syriac">
		<Culture name="syriac" faction="Syriac"></Culture>	
		<Culture name="mandaic" faction="Syriac"></Culture>	
	</Heritage>

	<Heritage name="heritage_syriac" faction="Syriac">
		<Culture name="syriac" faction="Syriac"></Culture>	
		<Culture name="mandaic" faction="Kurdish"></Culture>	
		<Culture name="nabati" faction="Kurdish"></Culture>	
	</Heritage>
	
	<Heritage name="heritage_serindian" faction="Khorasani">
		<Culture name="huna" faction="Afghan"></Culture>	
	</Heritage>

	<Heritage name="heritage_armenian" faction="Armenian"></Heritage>
	
	<Heritage name="heritage_rus" faction="Rus"></Heritage>
	
	<Heritage name="heritage_saka" faction="Khorasani"></Heritage>

	<Heritage name="heritage_imazigen" faction="Baranis">
		<Culture name="baranis" faction="Baranis"></Culture>
		<Culture name="butr" faction="Butr"></Culture>
		<Culture name="guanche" faction="Butr"></Culture>
		<Culture name="zaghawa" faction="Sahelian"></Culture>
		<Culture name="siculo_norman" faction="Sicilian"></Culture>
		<Culture name="moroccan" faction="Baranis"></Culture>
		<Culture name="algerian" faction="Baranis"></Culture>
		<Culture name="tripolitanian" faction="Maghrebi"></Culture>
		<Culture name="tunisian" faction="Maghrebi"></Culture>
		<Culture name="taureg" faction="Sahelian"></Culture>
	</Heritage>

	<Heritage name="heritage_khorasani" faction="Khorasani"></Heritage>

	<Heritage name="heritage_seaxon" faction="English"></Heritage>
	
	<Heritage name="heritage_lower_niger" faction="Sahelian"></Heritage>
	
	<Heritage name="heritage_hellenic" faction="Byzantine"></Heritage>
	
	<Heritage name="heritage_hunnic" faction="Mongol"></Heritage>

	<Heritage name="heritage_roman" faction="Roman"></Heritage>
	
	<Heritage name="heritage_malayic" faction="Burmese">
		<Culture name="malagasy" faction="Horn African"></Culture>	
	</Heritage>
		
	<Heritage name="heritage_chamic" faction="Burmese"></Heritage>	

	<Heritage name="heritage_filipino" faction="Burmese"></Heritage>	

	<Heritage name="heritage_yamato" faction="Tibetan"></Heritage>	

	<Heritage name="heritage_khmer" faction="Burmese"></Heritage>	

	<Heritage name="heritage_korean" faction="Tibetan"></Heritage>	
	
	<Heritage name="heritage_loloish" faction="Burmese"></Heritage>	
	
	<Heritage name="heritage_sulawesi" faction="Burmese"></Heritage>	
	
	<Heritage name="heritage_tai" faction="Burmese"></Heritage>	
	
	<Heritage name="heritage_vietic" faction="Burmese"></Heritage>	
	
	<Heritage name="heritage_irrawaddy" faction="Burmese"></Heritage>
	
</Cultures>

		

