﻿<?xml version="1.0" encoding="utf-8" ?>
<Titles>
	<!--This is to assign MEN-AT-ARMS units based on title key and not owner culture-->
	<!--Levies do not take part in this!!-->
	
	
	<!--DEFAULT value does not work here, every unit must have a unit key-->
	<!--title_key = key of the landed title-->
	<Faction title_key="c_venezia" name= "Venice County One">
		<General key="mk_ven_t3_doge_bodyguard"></General>
		<Knights key="mk_ven_t3_general_bodyguard"></Knights>
		
		<MenAtArm type="light_footmen" key="mk_ven_t3_militia_swordsmen"></MenAtArm>
		<MenAtArm type="armored_footmen" key="mk_ven_t3_heavy_infantry"></MenAtArm>
		<MenAtArm type="pikemen_unit" key="mk_ven_t3_spearmen"></MenAtArm>
		<MenAtArm type="bowmen" key="mk_ven_t3_archers"></MenAtArm>
		<MenAtArm type="crossbowmen" key="mk_ven_t3_crossbowmen"></MenAtArm>
		<MenAtArm type="light_horsemen" key="mk_ven_t3_mounted_zaffones"></MenAtArm>
		<MenAtArm type="armored_horsemen" key="mk_ven_t3_knight"></MenAtArm>
		<MenAtArm type="house_guard" key="mk_ven_t3_foot_knight"></MenAtArm>
		<MenAtArm type="teutonic_knights" key="mk_mio_t3_hospitaller_knights_dismounted"></MenAtArm>

		<MenAtArm type="picchieri" key="mk_ven_t3_pikemen"></MenAtArm>
		
		<MenAtArm type="accolade_maa_archers" key="mk_nic_t3_kretikai"></MenAtArm>
		<MenAtArm type="accolade_maa_lancers" key="mk_merc_ita_t3_condottieri"></MenAtArm>
		<MenAtArm type="accolade_maa_outriders" key="mk_ven_t3_mounted_serjeants"></MenAtArm>
		<MenAtArm type="accolade_maa_pikes" key="mk_merc_swi_t3_swiss_pikemen"></MenAtArm>
		<MenAtArm type="accolade_maa_skirmishers" key="mk_ven_t3_militia_gunners"></MenAtArm>
		<MenAtArm type="accolade_maa_vanguard" key="mk_ven_t3_foot_knight"></MenAtArm>
		<MenAtArm type="accolade_maa_crossbowmen" key="mk_merc_gen_t3_genoese_crossbowmen"></MenAtArm>
	</Faction>

	<Faction title_key="c_veneto" name= "Venice County Two">
		<General key="mk_ven_t3_doge_bodyguard"></General>
		<Knights key="mk_ven_t3_general_bodyguard"></Knights>
		
		<MenAtArm type="light_footmen" key="mk_ven_t3_militia_swordsmen"></MenAtArm>
		<MenAtArm type="armored_footmen" key="mk_ven_t3_heavy_infantry"></MenAtArm>
		<MenAtArm type="pikemen_unit" key="mk_ven_t3_spearmen"></MenAtArm>
		<MenAtArm type="bowmen" key="mk_ven_t3_archers"></MenAtArm>
		<MenAtArm type="crossbowmen" key="mk_ven_t3_crossbowmen"></MenAtArm>
		<MenAtArm type="light_horsemen" key="mk_ven_t3_mounted_zaffones"></MenAtArm>
		<MenAtArm type="armored_horsemen" key="mk_ven_t3_knight"></MenAtArm>
		<MenAtArm type="house_guard" key="mk_ven_t3_foot_knight"></MenAtArm>
		<MenAtArm type="teutonic_knights" key="mk_mio_t3_hospitaller_knights_dismounted"></MenAtArm>

		<MenAtArm type="picchieri" key="mk_ven_t3_pikemen"></MenAtArm>
		
		<MenAtArm type="accolade_maa_archers" key="mk_nic_t3_kretikai"></MenAtArm>
		<MenAtArm type="accolade_maa_lancers" key="mk_merc_ita_t3_condottieri"></MenAtArm>
		<MenAtArm type="accolade_maa_outriders" key="mk_ven_t3_mounted_serjeants"></MenAtArm>
		<MenAtArm type="accolade_maa_pikes" key="mk_merc_swi_t3_swiss_pikemen"></MenAtArm>
		<MenAtArm type="accolade_maa_skirmishers" key="mk_ven_t3_militia_gunners"></MenAtArm>
		<MenAtArm type="accolade_maa_vanguard" key="mk_ven_t3_foot_knight"></MenAtArm>
		<MenAtArm type="accolade_maa_crossbowmen" key="mk_merc_gen_t3_genoese_crossbowmen"></MenAtArm>
	</Faction>
	
	<Faction title_key="c_genoa " name= "Genoa County One">
		<General key="mk_gen_t3_bodyguard"></General>
		<Knights key="mk_gen_t3_knights"></Knights>
		
		<MenAtArm type="light_footmen" key="mk_gen_t3_militia_swordsmen"></MenAtArm>
		<MenAtArm type="armored_footmen" key="mk_gen_t3_foot_knights"></MenAtArm>
		<MenAtArm type="pikemen_unit" key="mk_gen_t3_spearmen"></MenAtArm>
		<MenAtArm type="bowmen" key="mk_gen_t3_archers"></MenAtArm>
		<MenAtArm type="crossbowmen" key="mk_merc_gen_t3_genoese_crossbowmen"></MenAtArm>
		<MenAtArm type="light_horsemen" key="mk_gen_t3_mounted_serjeants"></MenAtArm>
		<MenAtArm type="armored_horsemen" key="mk_merc_ita_t3_condottieri"></MenAtArm>
		<MenAtArm type="house_guard" key="mk_gen_t3_ducal_guard"></MenAtArm>
		<MenAtArm type="teutonic_knights" key="mk_mio_t3_templar_knights_dismounted"></MenAtArm>

		<MenAtArm type="picchieri" key="mk_gen_t3_pikemen"></MenAtArm>
		
		<MenAtArm type="accolade_maa_archers" key="mk_fla_t3_guild_bowmen"></MenAtArm>
		<MenAtArm type="accolade_maa_lancers" key="mk_gen_t3_knights"></MenAtArm>
		<MenAtArm type="accolade_maa_outriders" key="mk_gen_t3_berrovieri"></MenAtArm>
		<MenAtArm type="accolade_maa_pikes" key="mk_gen_t3_ducal_guard"></MenAtArm>
		<MenAtArm type="accolade_maa_skirmishers" key="mk_gen_t3_militia_gunners"></MenAtArm>
		<MenAtArm type="accolade_maa_vanguard" key="mk_gen_t3_foot_knights"></MenAtArm>
		<MenAtArm type="accolade_maa_crossbowmen" key="mk_gen_t3_mounted_crossbowmen"></MenAtArm>
	</Faction>	

	<Faction title_key="c_luni " name= "Genoa County Two">
		<General key="mk_gen_t3_bodyguard"></General>
		<Knights key="mk_gen_t3_knights"></Knights>
		
		<MenAtArm type="light_footmen" key="mk_gen_t3_militia_swordsmen"></MenAtArm>
		<MenAtArm type="armored_footmen" key="mk_gen_t3_foot_knights"></MenAtArm>
		<MenAtArm type="pikemen_unit" key="mk_gen_t3_spearmen"></MenAtArm>
		<MenAtArm type="bowmen" key="mk_gen_t3_archers"></MenAtArm>
		<MenAtArm type="crossbowmen" key="mk_merc_gen_t3_genoese_crossbowmen"></MenAtArm>
		<MenAtArm type="light_horsemen" key="mk_gen_t3_mounted_serjeants"></MenAtArm>
		<MenAtArm type="armored_horsemen" key="mk_merc_ita_t3_condottieri"></MenAtArm>
		<MenAtArm type="house_guard" key="mk_gen_t3_ducal_guard"></MenAtArm>
		<MenAtArm type="teutonic_knights" key="mk_mio_t3_templar_knights_dismounted"></MenAtArm>

		<MenAtArm type="picchieri" key="mk_gen_t3_pikemen"></MenAtArm>
		
		<MenAtArm type="accolade_maa_archers" key="mk_fla_t3_guild_bowmen"></MenAtArm>
		<MenAtArm type="accolade_maa_lancers" key="mk_gen_t3_knights"></MenAtArm>
		<MenAtArm type="accolade_maa_outriders" key="mk_gen_t3_berrovieri"></MenAtArm>
		<MenAtArm type="accolade_maa_pikes" key="mk_gen_t3_ducal_guard"></MenAtArm>
		<MenAtArm type="accolade_maa_skirmishers" key="mk_gen_t3_militia_gunners"></MenAtArm>
		<MenAtArm type="accolade_maa_vanguard" key="mk_gen_t3_foot_knights"></MenAtArm>
		<MenAtArm type="accolade_maa_crossbowmen" key="mk_gen_t3_mounted_crossbowmen"></MenAtArm>
	</Faction>
	
	<Faction title_key="c_pisa " name= "Pisa County">
		<General key="mk_pis_t3_bodyguard"></General>
		<Knights key="mk_pis_t3_knights"></Knights>
		
		<MenAtArm type="light_footmen" key="mk_pis_t3_militia_swordsmen"></MenAtArm>
		<MenAtArm type="armored_footmen" key="mk_pis_t3_foot_knights"></MenAtArm>
		<MenAtArm type="pikemen_unit" key="mk_pis_t3_spearmen"></MenAtArm>
		<MenAtArm type="bowmen" key="mk_pis_t3_archers"></MenAtArm>
		<MenAtArm type="crossbowmen" key="mk_pis_t3_crossbowmen"></MenAtArm>
		<MenAtArm type="light_horsemen" key="mk_pis_t3_mounted_serjeants"></MenAtArm>
		<MenAtArm type="armored_horsemen" key="mk_merc_ita_t3_condottieri"></MenAtArm>
		<MenAtArm type="house_guard" key="mk_pis_t3_foot_knights"></MenAtArm>
		<MenAtArm type="teutonic_knights" key="mk_mio_t3_hospitaller_knights_dismounted"></MenAtArm>

		<MenAtArm type="picchieri" key="mk_pis_t3_pikemen"></MenAtArm>
		
		<MenAtArm type="accolade_maa_archers" key="mk_fla_t3_guild_bowmen"></MenAtArm>
		<MenAtArm type="accolade_maa_lancers" key="mk_pis_t3_knights"></MenAtArm>
		<MenAtArm type="accolade_maa_outriders" key="mk_pis_t3_berrovieri"></MenAtArm>
		<MenAtArm type="accolade_maa_pikes" key="mk_pis_t3_ronconieri"></MenAtArm>
		<MenAtArm type="accolade_maa_skirmishers" key="mk_pis_t3_militia_gunners"></MenAtArm>
		<MenAtArm type="accolade_maa_vanguard" key="mk_mio_t3_hospitaller_knights_dismounted"></MenAtArm>
		<MenAtArm type="accolade_maa_crossbowmen" key="mk_pis_t3_mounted_crossbowmen"></MenAtArm>
	</Faction>

	<Faction title_key="c_brugge " name= "Flanders County One">
		<General key="mk_fla_t3_count_retinue"></General>
		<Knights key="mk_fla_t3_burgomasters"></Knights>
		
		<MenAtArm type="light_footmen" key="mk_fla_t3_swordsmen"></MenAtArm>
		<MenAtArm type="armored_footmen" key="mk_fla_t3_dismounted_maa"></MenAtArm>
		<MenAtArm type="pikemen_unit" key="mk_fla_t3_pikemen"></MenAtArm>
		<MenAtArm type="bowmen" key="mk_fla_t3_guild_bowmen"></MenAtArm>
		<MenAtArm type="crossbowmen" key="mk_fla_t3_sergeant_crossbowmen"></MenAtArm>
		<MenAtArm type="light_horsemen" key="mk_fla_t3_mounted_sergeants"></MenAtArm>
		<MenAtArm type="armored_horsemen" key="mk_fla_t3_maa"></MenAtArm>
		<MenAtArm type="house_guard" key="mk_fla_t3_guild_swordsmen"></MenAtArm>
		<MenAtArm type="teutonic_knights" key="mk_fla_t3_guild_swordsmen"></MenAtArm>

		<MenAtArm type="goedendag" key="mk_fla_t3_goedendag_shock"></MenAtArm>
		<MenAtArm type="gendarme" key="mk_fla_t3_gendarmes"></MenAtArm>
		
		<MenAtArm type="accolade_maa_archers" key="mk_eng_t3_retinue_longbowmen"></MenAtArm>
		<MenAtArm type="accolade_maa_lancers" key="mk_fla_t3_jousters_of_the_white_bear"></MenAtArm>
		<MenAtArm type="accolade_maa_outriders" key="mk_fla_t3_mounted_crossbowmen"></MenAtArm>
		<MenAtArm type="accolade_maa_pikes" key="mk_fla_t3_sergeant_spearmen"></MenAtArm>
		<MenAtArm type="accolade_maa_skirmishers" key="mk_fla_t3_goedendag_shock"></MenAtArm>
		<MenAtArm type="accolade_maa_vanguard" key="mk_fla_t3_guild_swordsmen"></MenAtArm>
		<MenAtArm type="accolade_maa_crossbowmen" key="mk_fla_t3_mounted_crossbowmen"></MenAtArm>		
	</Faction>	

	<Faction title_key="c_yperen " name= "Flanders County Two">
		<General key="mk_fla_t3_count_retinue"></General>
		<Knights key="mk_fla_t3_burgomasters"></Knights>
		
		<MenAtArm type="light_footmen" key="mk_fla_t3_swordsmen"></MenAtArm>
		<MenAtArm type="armored_footmen" key="mk_fla_t3_dismounted_maa"></MenAtArm>
		<MenAtArm type="pikemen_unit" key="mk_fla_t3_pikemen"></MenAtArm>
		<MenAtArm type="bowmen" key="mk_fla_t3_guild_bowmen"></MenAtArm>
		<MenAtArm type="crossbowmen" key="mk_fla_t3_sergeant_crossbowmen"></MenAtArm>
		<MenAtArm type="light_horsemen" key="mk_fla_t3_mounted_sergeants"></MenAtArm>
		<MenAtArm type="armored_horsemen" key="mk_fla_t3_maa"></MenAtArm>
		<MenAtArm type="house_guard" key="mk_fla_t3_guild_swordsmen"></MenAtArm>
		<MenAtArm type="teutonic_knights" key="mk_fla_t3_guild_swordsmen"></MenAtArm>

		<MenAtArm type="goedendag" key="mk_fla_t3_goedendag_shock"></MenAtArm>
		<MenAtArm type="gendarme" key="mk_fla_t3_gendarmes"></MenAtArm>
		
		<MenAtArm type="accolade_maa_archers" key="mk_eng_t3_retinue_longbowmen"></MenAtArm>
		<MenAtArm type="accolade_maa_lancers" key="mk_fla_t3_jousters_of_the_white_bear"></MenAtArm>
		<MenAtArm type="accolade_maa_outriders" key="mk_fla_t3_mounted_crossbowmen"></MenAtArm>
		<MenAtArm type="accolade_maa_pikes" key="mk_fla_t3_sergeant_spearmen"></MenAtArm>
		<MenAtArm type="accolade_maa_skirmishers" key="mk_fla_t3_goedendag_shock"></MenAtArm>
		<MenAtArm type="accolade_maa_vanguard" key="mk_fla_t3_guild_swordsmen"></MenAtArm>
		<MenAtArm type="accolade_maa_crossbowmen" key="mk_fla_t3_mounted_crossbowmen"></MenAtArm>		
	</Faction>		
	
	<Faction title_key="c_guines " name= "Flanders County Three">
		<General key="mk_fla_t3_count_retinue"></General>
		<Knights key="mk_fla_t3_burgomasters"></Knights>
		
		<MenAtArm type="light_footmen" key="mk_fla_t3_swordsmen"></MenAtArm>
		<MenAtArm type="armored_footmen" key="mk_fla_t3_dismounted_maa"></MenAtArm>
		<MenAtArm type="pikemen_unit" key="mk_fla_t3_pikemen"></MenAtArm>
		<MenAtArm type="bowmen" key="mk_fla_t3_guild_bowmen"></MenAtArm>
		<MenAtArm type="crossbowmen" key="mk_fla_t3_sergeant_crossbowmen"></MenAtArm>
		<MenAtArm type="light_horsemen" key="mk_fla_t3_mounted_sergeants"></MenAtArm>
		<MenAtArm type="armored_horsemen" key="mk_fla_t3_maa"></MenAtArm>
		<MenAtArm type="house_guard" key="mk_fla_t3_guild_swordsmen"></MenAtArm>
		<MenAtArm type="teutonic_knights" key="mk_fla_t3_guild_swordsmen"></MenAtArm>

		<MenAtArm type="goedendag" key="mk_fla_t3_goedendag_shock"></MenAtArm>
		<MenAtArm type="gendarme" key="mk_fla_t3_gendarmes"></MenAtArm>
		
		<MenAtArm type="accolade_maa_archers" key="mk_eng_t3_retinue_longbowmen"></MenAtArm>
		<MenAtArm type="accolade_maa_lancers" key="mk_fla_t3_jousters_of_the_white_bear"></MenAtArm>
		<MenAtArm type="accolade_maa_outriders" key="mk_fla_t3_mounted_crossbowmen"></MenAtArm>
		<MenAtArm type="accolade_maa_pikes" key="mk_fla_t3_sergeant_spearmen"></MenAtArm>
		<MenAtArm type="accolade_maa_skirmishers" key="mk_fla_t3_goedendag_shock"></MenAtArm>
		<MenAtArm type="accolade_maa_vanguard" key="mk_fla_t3_guild_swordsmen"></MenAtArm>
		<MenAtArm type="accolade_maa_crossbowmen" key="mk_fla_t3_mounted_crossbowmen"></MenAtArm>		
	</Faction>		
	
	<Faction title_key="c_lille " name= "Flanders County Four">
		<General key="mk_fla_t3_count_retinue"></General>
		<Knights key="mk_fla_t3_burgomasters"></Knights>
		
		<MenAtArm type="light_footmen" key="mk_fla_t3_swordsmen"></MenAtArm>
		<MenAtArm type="armored_footmen" key="mk_fla_t3_dismounted_maa"></MenAtArm>
		<MenAtArm type="pikemen_unit" key="mk_fla_t3_pikemen"></MenAtArm>
		<MenAtArm type="bowmen" key="mk_fla_t3_guild_bowmen"></MenAtArm>
		<MenAtArm type="crossbowmen" key="mk_fla_t3_sergeant_crossbowmen"></MenAtArm>
		<MenAtArm type="light_horsemen" key="mk_fla_t3_mounted_sergeants"></MenAtArm>
		<MenAtArm type="armored_horsemen" key="mk_fla_t3_maa"></MenAtArm>
		<MenAtArm type="house_guard" key="mk_fla_t3_guild_swordsmen"></MenAtArm>
		<MenAtArm type="teutonic_knights" key="mk_fla_t3_guild_swordsmen"></MenAtArm>

		<MenAtArm type="goedendag" key="mk_fla_t3_goedendag_shock"></MenAtArm>
		<MenAtArm type="gendarme" key="mk_fla_t3_gendarmes"></MenAtArm>
		
		<MenAtArm type="accolade_maa_archers" key="mk_eng_t3_retinue_longbowmen"></MenAtArm>
		<MenAtArm type="accolade_maa_lancers" key="mk_fla_t3_jousters_of_the_white_bear"></MenAtArm>
		<MenAtArm type="accolade_maa_outriders" key="mk_fla_t3_mounted_crossbowmen"></MenAtArm>
		<MenAtArm type="accolade_maa_pikes" key="mk_fla_t3_sergeant_spearmen"></MenAtArm>
		<MenAtArm type="accolade_maa_skirmishers" key="mk_fla_t3_goedendag_shock"></MenAtArm>
		<MenAtArm type="accolade_maa_vanguard" key="mk_fla_t3_guild_swordsmen"></MenAtArm>
		<MenAtArm type="accolade_maa_crossbowmen" key="mk_fla_t3_mounted_crossbowmen"></MenAtArm>		
	</Faction>	
	
	<Faction title_key="c_boulogne " name= "Flanders County Five">
		<General key="mk_fla_t3_count_retinue"></General>
		<Knights key="mk_fla_t3_burgomasters"></Knights>
		
		<MenAtArm type="light_footmen" key="mk_fla_t3_swordsmen"></MenAtArm>
		<MenAtArm type="armored_footmen" key="mk_fla_t3_dismounted_maa"></MenAtArm>
		<MenAtArm type="pikemen_unit" key="mk_fla_t3_pikemen"></MenAtArm>
		<MenAtArm type="bowmen" key="mk_fla_t3_guild_bowmen"></MenAtArm>
		<MenAtArm type="crossbowmen" key="mk_fla_t3_sergeant_crossbowmen"></MenAtArm>
		<MenAtArm type="light_horsemen" key="mk_fla_t3_mounted_sergeants"></MenAtArm>
		<MenAtArm type="armored_horsemen" key="mk_fla_t3_maa"></MenAtArm>
		<MenAtArm type="house_guard" key="mk_fla_t3_guild_swordsmen"></MenAtArm>
		<MenAtArm type="teutonic_knights" key="mk_fla_t3_guild_swordsmen"></MenAtArm>

		<MenAtArm type="goedendag" key="mk_fla_t3_goedendag_shock"></MenAtArm>
		<MenAtArm type="gendarme" key="mk_fla_t3_gendarmes"></MenAtArm>
		
		<MenAtArm type="accolade_maa_archers" key="mk_eng_t3_retinue_longbowmen"></MenAtArm>
		<MenAtArm type="accolade_maa_lancers" key="mk_fla_t3_jousters_of_the_white_bear"></MenAtArm>
		<MenAtArm type="accolade_maa_outriders" key="mk_fla_t3_mounted_crossbowmen"></MenAtArm>
		<MenAtArm type="accolade_maa_pikes" key="mk_fla_t3_sergeant_spearmen"></MenAtArm>
		<MenAtArm type="accolade_maa_skirmishers" key="mk_fla_t3_goedendag_shock"></MenAtArm>
		<MenAtArm type="accolade_maa_vanguard" key="mk_fla_t3_guild_swordsmen"></MenAtArm>
		<MenAtArm type="accolade_maa_crossbowmen" key="mk_fla_t3_mounted_crossbowmen"></MenAtArm>		
	</Faction>		
	
	<Faction title_key="c_trier " name= "Trier">
		<General key="mk_tri_t3_mounted_elector_guard"></General>
		<Knights key="mk_tri_t3_mounted_elector_guard_non_gen"></Knights>
		
		<MenAtArm type="light_footmen" key="mk_tri_t3_elector_militia_swordsmen"></MenAtArm>
		<MenAtArm type="armored_footmen" key="mk_tri_t3_dismounted_elector_knights"></MenAtArm>
		<MenAtArm type="pikemen_unit" key="mk_tri_t3_elector_pikemen"></MenAtArm>
		<MenAtArm type="bowmen" key="mk_tri_t3_elector_bowmen"></MenAtArm>
		<MenAtArm type="crossbowmen" key="mk_tri_t3_elector_pavise_crossbowmen"></MenAtArm>
		<MenAtArm type="light_horsemen" key="mk_tri_t3_elector_horsemen"></MenAtArm>
		<MenAtArm type="armored_horsemen" key="mk_tri_t3_elector_knights"></MenAtArm>
		<MenAtArm type="house_guard" key="mk_tri_t3_dismounted_elector_guard"></MenAtArm>
		<MenAtArm type="teutonic_knights" key="mk_lor_t3_sawell_de_mann"></MenAtArm>
		
		<MenAtArm type="accolade_maa_archers" key="mk_bur_t3_ducal_household_longbowmen"></MenAtArm>
		<MenAtArm type="accolade_maa_lancers" key="mk_tri_t3_banneret_elector_knights"></MenAtArm>
		<MenAtArm type="accolade_maa_outriders" key="mk_tri_t3_trier_city_knights"></MenAtArm>
		<MenAtArm type="accolade_maa_pikes" key="mk_tri_t3_elector_halberd"></MenAtArm>
		<MenAtArm type="accolade_maa_skirmishers" key="mk_tri_t3_trier_swordsmen"></MenAtArm>
		<MenAtArm type="accolade_maa_vanguard" key="mk_tri_t3_dismounted_elector_guard"></MenAtArm>
		<MenAtArm type="accolade_maa_crossbowmen" key="mk_tri_t3_trier_crossbowmen"></MenAtArm>
	</Faction>	
	
</Titles>