﻿<?xml version="1.0" encoding="utf-8" ?>
<Titles>
	<!--This is to assign MEN-AT-ARMS units based on title key and not owner culture-->
	<!--Levies do not take part in this!!-->
	
	
	<!--DEFAULT value does not work here, every unit must have a unit key-->
	<!--title_key = key of the landed title-->
	<Faction title_key="e_byzantium" name= "Byzantine Empire">
		<General key="mk_tre_t3_oikeioi"></General>
		<Knights key="mk_tre_t3_hippospatharioi_tou_vasileos"></Knights>
		
		<MenAtArm type="light_footmen" key="mk_tre_t3_spathatoi"></MenAtArm>
		<MenAtArm type="armored_footmen" key="mk_nic_t3_paramonai"></MenAtArm>
		<MenAtArm type="pikemen_unit" key="mk_tre_t3_menavlatoi"></MenAtArm>
		<MenAtArm type="bowmen" key="mk_nic_t3_megalloallagitai_toxotes"></MenAtArm>
		<MenAtArm type="crossbowmen" key="mk_nic_t3_tzangratoroi"></MenAtArm>
		<MenAtArm type="light_horsemen" key="mk_nic_t3_megaloallagitai"></MenAtArm>
		<MenAtArm type="armored_horsemen" key="mk_tre_t3_stratiotes"></MenAtArm>
		<MenAtArm type="house_guard" key="mk_nic_t3_paramonai"></MenAtArm>
		<MenAtArm type="teutonic_knights" key="mk_tre_t3_varangoi"></MenAtArm>
		
		<MenAtArm type="horse_archers" key="mk_nic_t3_skythikoi"></MenAtArm>
		<MenAtArm type="accolade_maa_horse_archers" key="mk_nic_t3_massagetoi"></MenAtArm>
		<MenAtArm type="skoutatoi" key="mk_tre_t3_scoutatoi"></MenAtArm>
		
		<MenAtArm type="accolade_maa_archers" key="mk_nic_t3_mourtatoi"></MenAtArm>
		<MenAtArm type="accolade_maa_lancers" key="mk_nic_t3_hippoparamonai"></MenAtArm>
		<MenAtArm type="accolade_maa_outriders" key="mk_nic_t3_hippotoxotai"></MenAtArm>
		<MenAtArm type="accolade_maa_pikes" key="mk_nic_t3_latinikon"></MenAtArm>
		<MenAtArm type="accolade_maa_skirmishers" key="mk_nic_t3_skopetastai"></MenAtArm>
		<MenAtArm type="accolade_maa_vanguard" key="mk_nic_t3_katelanoi"></MenAtArm>
		<MenAtArm type="accolade_maa_crossbowmen" key="mk_nic_t3_italikon"></MenAtArm>
	</Faction>

	<Faction title_key="e_hre" name= "Holy Roman Empire">
		<General key="mk_hre_t3_kaiser_und_gefolge"></General>
		<Knights key="mk_hre_t3_reichshauptmann_und_gefolge"></Knights>
		
		<MenAtArm type="light_footmen" key="mk_hre_t3_landsknecht_pikemen"></MenAtArm>
		<MenAtArm type="armored_footmen" key="earl_hre_t3_doppelsoldner_greatsword"></MenAtArm>
		<MenAtArm type="pikemen_unit" key="mk_hre_t3_doppelsoldner"></MenAtArm>
		<MenAtArm type="bowmen" key="mk_lor_t3_archers"></MenAtArm>
		<MenAtArm type="crossbowmen" key="mk_hre_t3_auszug_armbrustschutzen"></MenAtArm>
		<MenAtArm type="light_horsemen" key="mk_hre_t3_reisige"></MenAtArm>
		<MenAtArm type="armored_horsemen" key="mk_hre_t3_sankt_georgenfahne"></MenAtArm>
		<MenAtArm type="house_guard" key="mk_hre_t3_dismounted_welsche_garde"></MenAtArm>
		<MenAtArm type="teutonic_knights" key="mk_teu_t3_halbbruder_halberdiers"></MenAtArm>

		<MenAtArm type="accolade_maa_archers" key="mk_bur_t3_ducal_household_longbowmen"></MenAtArm>
		<MenAtArm type="accolade_maa_lancers" key="mk_hre_t3_welsche_garde"></MenAtArm>
		<MenAtArm type="accolade_maa_outriders" key="earl_hre_dragon_cav"></MenAtArm>
		<MenAtArm type="accolade_maa_pikes" key="mk_hre_t3_dismounted_welsche_garde"></MenAtArm>
		<MenAtArm type="accolade_maa_skirmishers" key="mk_hre_t3_landsknecht_handgunner"></MenAtArm>
		<MenAtArm type="accolade_maa_vanguard" key="earl_ger_t3_gothic_dismounted"></MenAtArm>
		<MenAtArm type="accolade_maa_crossbowmen" key="mk_hre_t3_reisige_armbrustschutzen"></MenAtArm>
	</Faction>
	
	<Faction title_key="e_latin_empire" name= "Latin Empire">
		<General key="mk_lat_t3_emperor_bodyguard"></General>
		<Knights key="mk_lat_t3_general_bodyguard"></Knights>
		
		<MenAtArm type="light_footmen" key="mk_lat_t3_gasmouli"></MenAtArm>
		<MenAtArm type="armored_footmen" key="mk_lat_t3_dismounted_men_at_arms"></MenAtArm>
		<MenAtArm type="pikemen_unit" key="mk_lat_t3_kastrenoi_burgenses"></MenAtArm>
		<MenAtArm type="bowmen" key="mk_lat_t3_albanioi_toxotes"></MenAtArm>
		<MenAtArm type="crossbowmen" key="mk_lat_t3_pavise_balestarii"></MenAtArm>
		<MenAtArm type="light_horsemen" key="mk_lat_t3_mounted_sergeants"></MenAtArm>
		<MenAtArm type="armored_horsemen" key="mk_lat_t3_men_at_arms"></MenAtArm>
		<MenAtArm type="house_guard" key="mk_epi_t1_englinovarangoi"></MenAtArm>
		<MenAtArm type="teutonic_knights" key="mk_mio_t3_templar_knights_dismounted"></MenAtArm>

		<MenAtArm type="accolade_maa_archers" key="mk_fla_t3_guild_bowmen"></MenAtArm>
		<MenAtArm type="accolade_maa_lancers" key="mk_mio_t3_hospitaller_knights"></MenAtArm>
		<MenAtArm type="accolade_maa_outriders" key="mk_merc_alb_t3_stradioti"></MenAtArm>
		<MenAtArm type="accolade_maa_pikes" key="mk_lat_t3_ronconieri"></MenAtArm>
		<MenAtArm type="accolade_maa_skirmishers" key="mk_lat_t3_almughavares_pikemen"></MenAtArm>
		<MenAtArm type="accolade_maa_vanguard" key="mk_mio_t3_hospitaller_knights_dismounted"></MenAtArm>
		<MenAtArm type="accolade_maa_crossbowmen" key="mk_mio_t3_hospitaller_caravan_crossbow"></MenAtArm>
	</Faction>
	
	<Faction title_key="e_france" name= "French Empire">
		<General key="mk_fre_t3_king_bodyguard"></General>
		<Knights key="mk_fre_t3_gentilshommes_a_bec_de_corbin"></Knights>
		
		<MenAtArm type="light_footmen" key="mk_fre_t3_ribauds"></MenAtArm>
		<MenAtArm type="armored_footmen" key="mk_fre_t3_chevaliers_dismounted"></MenAtArm>
		<MenAtArm type="pikemen_unit" key="mk_fre_t3_halberdiers"></MenAtArm>
		<MenAtArm type="bowmen" key="mk_fre_t3_3rd_royal_guard_longbowmen"></MenAtArm>
		<MenAtArm type="crossbowmen" key="mk_fre_t3_franc_archers_crossbowmen"></MenAtArm>
		<MenAtArm type="light_horsemen" key="mk_fre_t3_mounted_sergeants"></MenAtArm>
		<MenAtArm type="armored_horsemen" key="mk_fre_t3_chevaliers_mounted"></MenAtArm>
		<MenAtArm type="house_guard" key="mk_fre_t3_chevaliers_dismounted"></MenAtArm>
		<MenAtArm type="teutonic_knights" key="mk_mio_t3_templar_knights_dismounted"></MenAtArm>

		<MenAtArm type="accolade_maa_archers" key="mk_fre_t3_scots_guard_longbowmen"></MenAtArm>
		<MenAtArm type="accolade_maa_lancers" key="mk_fre_t3_banneret_chevaliers_mounted"></MenAtArm>
		<MenAtArm type="accolade_maa_outriders" key="mk_fre_t3_coustiliers"></MenAtArm>
		<MenAtArm type="accolade_maa_pikes" key="mk_fre_t3_pavisiers"></MenAtArm>
		<MenAtArm type="accolade_maa_skirmishers" key="earl_fre_t3_levy_handgunners"></MenAtArm>
		<MenAtArm type="accolade_maa_vanguard" key="mk_fre_t3_chevaliers_dismounted"></MenAtArm>
		<MenAtArm type="accolade_maa_crossbowmen" key="mk_fre_t3_arbaletriers"></MenAtArm>
	</Faction>

	<Faction title_key="e_outremer" name= "Outremer">
		<General key="mk_jer_t3_king_bodyguard"></General>
		<Knights key="mk_jer_t3_bodyguard_baron"></Knights>
		
		<MenAtArm type="light_footmen" key="mk_fre_t3_ribauds"></MenAtArm>
		<MenAtArm type="armored_footmen" key="mk_jer_t3_knights_dismounted"></MenAtArm>
		<MenAtArm type="pikemen_unit" key="mk_jer_t3_pavise_spearmen"></MenAtArm>
		<MenAtArm type="bowmen" key="mk_jer_t3_foot_turcopoles"></MenAtArm>
		<MenAtArm type="crossbowmen" key="mk_jer_t3_crossbowmen"></MenAtArm>
		<MenAtArm type="light_horsemen" key="mk_jer_t3_mounted_serjeants"></MenAtArm>
		<MenAtArm type="armored_horsemen" key="mk_jer_t3_knights"></MenAtArm>
		<MenAtArm type="house_guard" key="mk_mio_t3_hospitaller_knights_dismounted"></MenAtArm>
		<MenAtArm type="teutonic_knights" key="mk_mio_t3_templar_knights_dismounted"></MenAtArm>
		
		<MenAtArm type="horse_archers" key="mk_jer_t3_turcopoles"></MenAtArm>
		<MenAtArm type="accolade_maa_horse_archers" key="mk_jer_t3_mounted_crossbowmen"></MenAtArm>
		
		<MenAtArm type="accolade_maa_archers" key="mk_fla_t3_guild_bowmen"></MenAtArm>
		<MenAtArm type="accolade_maa_lancers" key="mk_mio_t3_templar_knights"></MenAtArm>
		<MenAtArm type="accolade_maa_outriders" key="mk_pap_t3_berrovieri"></MenAtArm>
		<MenAtArm type="accolade_maa_pikes" key="mk_merc_ita_t3_ronconieri"></MenAtArm>
		<MenAtArm type="accolade_maa_skirmishers" key="mk_jer_t3_gunners"></MenAtArm>
		<MenAtArm type="accolade_maa_vanguard" key="mk_mio_t3_templar_knights_dismounted"></MenAtArm>
		<MenAtArm type="accolade_maa_crossbowmen" key="mk_mio_t3_hospitaller_caravan"></MenAtArm>
	</Faction>	
	
	<Faction title_key="e_timurids" name= "Timurids">
		<General key="mk_ilkhan_t3_khan_bodyguard"></General>
		<Knights key="mk_ilkhan_t3_general_bodyguard"></Knights>
		
		<MenAtArm type="light_footmen" key="mk_ilkhan_t3_turkoman_tabardaran"></MenAtArm>
		<MenAtArm type="armored_footmen" key="mk_ilkhan_t3_tserig_swordsmen"></MenAtArm>
		<MenAtArm type="pikemen_unit" key="mk_ilkhan_t3_tserig_spearmen"></MenAtArm>
		<MenAtArm type="bowmen" key="mk_ilkhan_t3_tserig_archers"></MenAtArm>
		<MenAtArm type="crossbowmen" key="mk_ilkhan_t3_tserig_crossbowmen"></MenAtArm>
		<MenAtArm type="light_horsemen" key="mk_ilkhan_t3_tserig_cavalry"></MenAtArm>
		<MenAtArm type="armored_horsemen" key="mk_ilkhan_t3_nokor"></MenAtArm>
		<MenAtArm type="house_guard" key="mk_ilkhan_t3_dismounted_nokor"></MenAtArm>
		<MenAtArm type="teutonic_knights" key="mk_ilkhan_t3_dismounted_nokor"></MenAtArm>

		<MenAtArm type="camel_rider" key="mk_khw_t3_camel_cavalry"></MenAtArm>
		<MenAtArm type="accolade_maa_camel_riders" key="mk_khw_t3_camel_cavalry"></MenAtArm>
		<MenAtArm type="horse_archers" key="mk_ilkhan_t3_tirkash_band"></MenAtArm>
		<MenAtArm type="accolade_maa_horse_archers" key="mk_ilkhan_t3_khorchi_khisigten"></MenAtArm>

		<MenAtArm type="accolade_maa_archers" key="mk_rum_t3_solak_archers"></MenAtArm>
		<MenAtArm type="accolade_maa_lancers" key="mk_ilkhan_t3_baatar_khisigten"></MenAtArm>
		<MenAtArm type="accolade_maa_outriders" key="mk_rum_t3_cebeli"></MenAtArm>
		<MenAtArm type="accolade_maa_pikes" key="mk_per_t3_qolloghchi_spearmen"></MenAtArm>
		<MenAtArm type="accolade_maa_skirmishers" key="mk_khw_t3_javanmardan"></MenAtArm>
		<MenAtArm type="accolade_maa_vanguard" key="mk_ilkhan_t3_dismounted_nokor"></MenAtArm>
		<MenAtArm type="accolade_maa_crossbowmen" key="mk_merc_gen_t3_genoese_crossbowmen"></MenAtArm>
	</Faction>
	
</Titles>