<?xml version="1.0" encoding="utf-8" ?>
<Terrains>
	
	<Attila_Map>Terrain/battles/rom_third_age_map/</Attila_Map> 

	<Historic_Maps>
		<Map ck3_building_key="wonder_edoras_01" x="0.443" y="0.525"></Map>
		
		<Map ck3_building_key="wonder_edoras_02_meduseld" x="0.443" y="0.525"></Map>
		
		<Map ck3_building_key="wonder_edoras_03_barrowfield " x="0.443" y="0.525"></Map>
		
		<Map ck3_building_key="wonder_dunharrow_01" x="0.433" y="0.537"></Map>
		
		<Map ck3_building_key="wonder_aldburg_01" x="0.468" y="0.564"></Map>
		
		<Map ck3_building_key="wonder_aglarond_01" x="0.428" y="0.517"></Map>
		
		<Map ck3_building_key="wonder_aglarond_02_helm" x="0.428" y="0.517"></Map>
		
		<Map ck3_building_key="wonder_aglarond_03_dike" x="0.428" y="0.517"></Map>
			
		<Map ck3_building_key="wonder_angrenost_01" x="0.398" y="0.479"></Map>
		
		<Map ck3_building_key="wonder_angrenost_02_storehouses" x="0.398" y="0.479"></Map>
		
		<Map ck3_building_key="wonder_angrenost_03_palantir" x="0.398" y="0.479"></Map>
		
		<Map ck3_building_key="wonder_eorls_hallow_01" x="0.512" y="0.468"></Map>
		
		<Map ck3_building_key="wonder_north_undeep_01" x="0.512" y="0.448"></Map>
		
		<Map ck3_building_key="wonder_north_undeep_02" x="0.512" y="0.448"></Map>
		
		<Map ck3_building_key="wonder_south_undeep_01" x="0.520" y="0.462"></Map>
		
		<Map ck3_building_key="wonder_south_undeep_02" x="0.520" y="0.462"></Map>
		
		<Map ck3_building_key="wonder_wulfborg_01" x="0.383" y="0.430"></Map>
		
		<Map ck3_building_key="wonder_wulfborg_02" x="0.383" y="0.430"></Map>
		
		<Map ck3_building_key="wonder_wulfborg_03" x="0.383" y="0.430"></Map>
		
		<Map ck3_building_key="wonder_city_of_the_dead_01" x="0.295" y="0.594"></Map>
		
		<Map ck3_building_key="wonder_enie_iaur" x="0.295" y="0.594"></Map>
				
		<Map ck3_building_key="wonder_rammas_echor_01" x="0.566" y="0.582"></Map>
		
		<Map ck3_building_key="wonder_rammas_echor_02" x="0.566" y="0.582"></Map>
		
		<Map ck3_building_key="wonder_minas_anor_01" x="0.567" y="0.594"></Map>
		
		<Map ck3_building_key="wonder_minas_anor_02" x="0.567" y="0.594"></Map>
		
		<Map ck3_building_key="wonder_minas_anor_03" x="0.567" y="0.594"></Map>
		
		<Map ck3_building_key="wonder_minas_anor_04" x="0.567" y="0.594"></Map>
		
		<Map ck3_building_key="wonder_minas_ithil_01" x="0.590" y="0.609"></Map>
		
		<Map ck3_building_key="wonder_minas_ithil_02" x="0.590" y="0.609"></Map>
		
		<Map ck3_building_key="wonder_minas_ithil_03" x="0.590" y="0.609"></Map>
		
		<Map ck3_building_key="wonder_cirith_ungol_01" x="0.599" y="0.584"></Map>

		<Map ck3_building_key="wonder_port_of_pelargir_01" x="0.536" y="0.684"></Map>
		
		<Map ck3_building_key="wonder_port_of_pelargir_02" x="0.536" y="0.684"></Map>
		
		<Map ck3_building_key="wonder_port_of_pelargir_0" x="0.536" y="0.684"></Map>
		
		<Map ck3_building_key="wonder_dol_amroth_01" x="0.435" y="0.668"></Map>
		
		<Map ck3_building_key="wonder_dol_amroth_02" x="0.435" y="0.668"></Map>
		
		<Map ck3_building_key="wonder_imrazor_hallow" x="0.464" y="0.743"></Map>
		
		<Map ck3_building_key="wonder_tharagrondost" x="0.289" y="0.669"></Map>
		
		<Map ck3_building_key="wonder_erech" x="0.429" y="0.577"></Map>
		
		<Map ck3_building_key="wonder_barmorthil" x="0.250" y="0.695"></Map>
		
		<Map ck3_building_key="wonder_walls_linhir" x="0.496" y="0.667"></Map>
		
		<Map ck3_building_key="wonder_osgiliath_01" x="0.564" y="0.616"></Map>
		
		<Map ck3_building_key="wonder_osgiliath_02" x="0.564" y="0.616"></Map>
		
		<Map ck3_building_key="wonder_osgiliath_03" x="0.564" y="0.616"></Map>
		
		<Map ck3_building_key="wonder_osgiliath_04" x="0.564" y="0.616"></Map>
		
		<Map ck3_building_key="wonder_osgiliath_05" x="0.564" y="0.616"></Map>
		
		<Map ck3_building_key="wonder_henneth_annun" x="0.575" y="0.575"></Map>
		
		<Map ck3_building_key="wonder_palace_of_ithilien" x="0.574" y="0.688"></Map>
		
		<Map ck3_building_key="wonder_citadel_cairos_01" x="0.562" y="0.581"></Map>
		
		<Map ck3_building_key="wonder_citadel_cairos_02" x="0.562" y="0.581"></Map>	
		
		<Map ck3_building_key="wonder_edhellond_01" x="0.432" y="0.643"></Map>
		
		<Map ck3_building_key="wonder_edhellond_02" x="0.432" y="0.643"></Map>	
		
		<Map ck3_building_key="wonder_edhellond_03" x="0.432" y="0.643"></Map>
		
		<Map ck3_building_key="wonder_baraddur" x="0.663" y="0.573"></Map>
		
		<Map ck3_building_key="wonder_orodruin" x="0.617" y="0.572"></Map>
		
		<Map ck3_building_key="wonder_thaurband_01" x="0.647" y="0.678"></Map>
		
		<Map ck3_building_key="wonder_thaurband_02" x="0.647" y="0.678"></Map>
		
		<Map ck3_building_key="wonder_thaurband_03" x="0.647" y="0.678"></Map>
		
		<Map ck3_building_key="wonder_black_gate" x="0.591" y="0.522"></Map>
		
		<Map ck3_building_key="wonder_palace_of_haruzan_01" x="0.597" y="0.829"></Map>
		
		<Map ck3_building_key="wonder_palace_of_haruzan_02" x="0.597" y="0.829"></Map>
		
		<Map ck3_building_key="wonder_palace_of_haruzan_03" x="0.597" y="0.829"></Map>
		
		<Map ck3_building_key="wonder_palace_of_haruzan_04" x="0.597" y="0.829"></Map>
		
		<Map ck3_building_key="wonder_mirlond" x="0.497" y="0.816"></Map>
		
		<Map ck3_building_key="wonder_ramlond" x="0.501" y="0.833"></Map>
		
		<Map ck3_building_key="wonder_ancalimon" x="0.558" y="0.832"></Map>
		
		<Map ck3_building_key="wonder_starlurtsa_khand_01" x="0.852" y="0.971"></Map>
		
		<Map ck3_building_key="wonder_madh_ortogh" x="0.756" y="0.539"></Map>
		
		<Map ck3_building_key="wonder_hron_tumrakhi" x="0.833" y="0.725"></Map>
		
		<Map ck3_building_key="wonder_umbar_01" x="0.447" y="0.922"></Map>
		
		<Map ck3_building_key="wonder_umbar_02" x="0.447" y="0.922"></Map>
		
		<Map ck3_building_key="wonder_umbar_03" x="0.447" y="0.922"></Map>
		
		<Map ck3_building_key="wonder_umbar_04" x="0.447" y="0.922"></Map>
		
		<Map ck3_building_key="wonder_umbar_citadel" x="0.410" y="0.929"></Map>
		
		<Map ck3_building_key="wonder_arminalethor_01" x="0.431" y="0.910"></Map>
		
		<Map ck3_building_key="wonder_arminalethor_02" x="0.431" y="0.910"></Map>
		
		<Map ck3_building_key="wonder_arminalethor_03" x="0.431" y="0.910"></Map>
		
		<Map ck3_building_key="wonder_citadel_hyarmendacil_01" x="0.384" y="0.984"></Map>
		
		<Map ck3_building_key="wonder_citadel_hyarmendacil_02" x="0.384" y="0.984"></Map>
		
		<Map ck3_building_key="wonder_souk_mazharath" x="0.881" y="0.943"></Map>
		
		<Map ck3_building_key="wonder_nilulonde_01" x="0.725" y="0.701"></Map>
		
		<Map ck3_building_key="wonder_nilulonde_02" x="0.725" y="0.701"></Map>
		
		<Map ck3_building_key="wonder_nilulonde_03" x="0.725" y="0.701"></Map>
		
		<Map ck3_building_key="wonder_urud_an_khibil_monestary" x="0.503" y="0.883"></Map>
		
		<Map ck3_building_key="wonder_ishtra_shrine" x="0.491" y="0.703"></Map>
		
		<Map ck3_building_key="wonder_palace_joam" x="0.466" y="0.967"></Map>
		
		<Map ck3_building_key="wonder_rophazan_mines" x="0.463" y="0.175"></Map>
		
		<Map ck3_building_key="wonder_coves_irtil" x="0.503" y="0.883"></Map>
		
	    <Map ck3_building_key="wonder_beacon_sornomar" x="0.416" y="0.920"></Map>
		
		<Map ck3_building_key="wonder_shipyards_nykkea" x="0.727" y="0.650"></Map>
		
		<Map ck3_building_key="wonder_arch_ciryandur" x="0.739" y="0.686"></Map>
		
		<Map ck3_building_key="wonder_haven_korlear" x="0.741" y="0.662"></Map>
		
		<Map ck3_building_key="wonder_pillar_urez" x="0.809" y="0.374"></Map>
		
		<Map ck3_building_key="wonder_bozisha_dar_port_01" x="0.763" y="0.411"></Map>
		
		<Map ck3_building_key="wonder_bozisha_dar_port_02" x="0.763" y="0.411"></Map>
		
		<Map ck3_building_key="wonder_citadel_of_tresti" x="0.529" y="0.326"></Map>
		
		<Map ck3_building_key="wonder_temple_city_of_pred_01" x="0.829" y="0.293"></Map>
		
		<Map ck3_building_key="wonder_temple_city_of_pred_02" x="0.829" y="0.293"></Map>
		
		<Map ck3_building_key="wonder_temple_city_of_pred_03" x="0.829" y="0.293"></Map>
		
		<Map ck3_building_key="wonder_marath_kharadune_01" x="0.480" y="0.129"></Map>
		
		<Map ck3_building_key="wonder_marath_kharadune_02" x="0.480" y="0.129"></Map>
		
		<Map ck3_building_key="wonder_marath_kharadune_03" x="0.480" y="0.129"></Map>
		
		<Map ck3_building_key="wonder_lighthouse_of_adunazain3" x="0.210" y="0.390"></Map>
		
		<Map ck3_building_key="wonder_abaraglareth" x="0.401" y="0.489"></Map>
		
		<Map ck3_building_key="wonder_zekhetz_palace_complex_01" x="0.735" y="0.775"></Map>
		
		<Map ck3_building_key="wonder_zekhetz_palace_complex_02" x="0.735" y="0.775"></Map>
		
		<Map ck3_building_key="wonder_zekhetz_palace_complex_03" x="0.735" y="0.775"></Map>
		
		<Map ck3_building_key="wonder_abrakhan_bazaar_complex_01" x="0.742" y="0.807"></Map>
		
		<Map ck3_building_key="wonder_abrakhan_bazaar_complex_02" x="0.742" y="0.807"></Map>
		
		<Map ck3_building_key="wonder_abrakhan_bazaar_complex_03" x="0.742" y="0.807"></Map>
		
		<Map ck3_building_key="wonder_zaja_shar_noria_01" x="0.598" y="0.839"></Map>
		
		<Map ck3_building_key="wonder_zaja_shar_noria_02" x="0.598" y="0.839"></Map>
		
		<Map ck3_building_key="wonder_zaja_shar_noria_03" x="0.598" y="0.839"></Map>
		
		<Map ck3_building_key="wonder_beorns_hall" x="0.495" y="0.207"></Map>
		
		<Map ck3_building_key="wonder_carrock" x="0.504" y="0.248"></Map>
		
		<Map ck3_building_key="wonder_sairthiudabaurg" x="0.533" y="0.328"></Map>
		
		<Map ck3_building_key="wonder_melburg_walls" x="0.478" y="0.192"></Map>
		
		<Map ck3_building_key="wonder_framsburg_01" x="0.474" y="0.125"></Map>
		
		<Map ck3_building_key="wonder_framsburg_02" x="0.474" y="0.125"></Map>
		
		<Map ck3_building_key="wonder_framsburg_03" x="0.474" y="0.125"></Map>
		
		<Map ck3_building_key="wonder_rhosgobel" x="0.529" y="0.301"></Map>
		
		<Map ck3_building_key="wonder_amon_lanc_01" x="0.553" y="0.323"></Map>
		
		<Map ck3_building_key="wonder_amon_lanc_02" x="0.553" y="0.323"></Map>
		
		<Map ck3_building_key="wonder_amon_lanc_03" x="0.553" y="0.323"></Map>
		
		<Map ck3_building_key="wonder_amarthrynd_01" x="0.539" y="0.260"></Map>
		
		<Map ck3_building_key="wonder_amarthrynd_02" x="0.539" y="0.260"></Map>
		
		<Map ck3_building_key="wonder_amarthrynd_03" x="0.539" y="0.260"></Map>
		
		<Map ck3_building_key="wonder_aradhrynd" x="0.564" y="0.221"></Map>
		
		<Map ck3_building_key="wonder_caras_galadhon" x="0.456" y="0.450"></Map>
		
		<Map ck3_building_key="wonder_esgaroth" x="0.456" y="0.450"></Map>
		
		<Map ck3_building_key="wonder_high_hall_alcisbaurg" x="0.694" y="0.319"></Map>
		
		<Map ck3_building_key="wonder_market_of_dale" x="0.589" y="0.143"></Map>
		
		<Map ck3_building_key="wonder_szrel_kain" x="0.740" y="0.313"></Map>
		
		<Map ck3_building_key="wonder_mistrand_01" x="0.789" y="0.418"></Map>
		
		<Map ck3_building_key="wonder_mistrand_02" x="0.789" y="0.418"></Map>
		
		<Map ck3_building_key="wonder_mistrand_03" x="0.789" y="0.418"></Map>
		
		<Map ck3_building_key="wonder_quartz_hall" x="0.842" y="0.272"></Map>
		
		<Map ck3_building_key="wonder_gundabad_01" x="0.457" y="0.174"></Map>
		
		<Map ck3_building_key="wonder_gundabad_02" x="0.457" y="0.174"></Map>
		
		<Map ck3_building_key="wonder_temple_sulereb_01" x="0.472" y="0.728"></Map>
		
		<Map ck3_building_key="wonder_temple_sulereb_02" x="0.472" y="0.728"></Map>
		
		<Map ck3_building_key="wonder_temple_sulereb_03" x="0.472" y="0.728"></Map>
	</Historic_Maps>
	
	<Normal_Maps>
		<Terrain ck3_name="volcanic_plains">
			<Map x="0.675" y="0.582"></Map>
			<Map x="0.632" y="0.619"></Map>
			<Map x="0.674" y="0.594"></Map>
			<Map x="0.656" y="0.607"></Map>
			<Map x="0.695" y="0.580"></Map>
			<Map x="0.599" y="0.584"></Map>
			<Map x="0.674" y="0.603"></Map>
			<Map x="0.617" y="0.617"></Map>
			<Map x="0.614" y="0.616"></Map>
			<Map x="0.606" y="0.614"></Map>
			<Map x="0.603" y="0.657"></Map>
		</Terrain>
		<Terrain ck3_name="plains">
			<Map x="0.328" y="0.410"></Map>
			<Map x="0.648" y="0.337"></Map>
			<Map x="0.529" y="0.662"></Map>
			<Map x="0.402" y="0.591"></Map>
			<Map x="0.801" y="0.496"></Map>
			<Map x="0.532" y="0.723"></Map>
			<Map x="0.633" y="0.489"></Map>
			<Map x="0.485" y="0.519"></Map>
			<Map x="0.455" y="0.503"></Map>
			<Map x="0.687" y="0.443"></Map>
			<Map x="0.517" y="0.746"></Map>
		</Terrain>
		<Terrain ck3_name="arctic">
			<Map x="0.328" y="0.410"></Map>
			<Map x="0.648" y="0.337"></Map>
			<Map x="0.529" y="0.662"></Map>
			<Map x="0.402" y="0.591"></Map>
			<Map x="0.801" y="0.496"></Map>
			<Map x="0.532" y="0.723"></Map>
			<Map x="0.633" y="0.489"></Map>
			<Map x="0.485" y="0.519"></Map>
			<Map x="0.455" y="0.503"></Map>
			<Map x="0.687" y="0.443"></Map>
			<Map x="0.517" y="0.746"></Map>
		</Terrain>
		<Terrain ck3_name="farmlands">
			<Map x="0.537" y="0.679"></Map>
			<Map x="0.546" y="0.668"></Map>
			<Map x="0.514" y="0.633"></Map>
			<Map x="0.503" y="0.643"></Map>
			<Map x="0.504" y="0.641"></Map>
			<Map x="0.412" y="0.605"></Map>
			<Map x="0.411" y="0.617"></Map>
			<Map x="0.417" y="0.625"></Map>
			<Map x="0.550" y="0.656"></Map>
			<Map x="0.549" y="0.657"></Map>
		</Terrain>
		<Terrain ck3_name="hills">
			<Map x="0.475" y="0.455"></Map>
			<Map x="0.742" y="0.209"></Map>
			<Map x="0.708" y="0.176"></Map>
			<Map x="0.738" y="0.231"></Map>
			<Map x="0.726" y="0.209"></Map>
			<Map x="0.508" y="0.458"></Map>
			<Map x="0.495" y="0.450"></Map>
			<Map x="0.480" y="0.458"></Map>
			<Map x="0.505" y="0.441"></Map>
			<Map x="0.663" y="0.392"></Map>
			<Map x="0.441" y="0.516"></Map>
		</Terrain>
		<Terrain ck3_name="mountains">
			<Map x="0.454" y="0.226"></Map>
			<Map x="0.455" y="0.213"></Map>
			<Map x="0.432" y="0.279"></Map>
			<Map x="0.452" y="0.231"></Map>
			<Map x="0.463" y="0.175"></Map>
			<Map x="0.462" y="0.211"></Map>
			<Map x="0.452" y="0.227"></Map>
			<Map x="0.410" y="0.569"></Map>
			<Map x="0.467" y="0.203"></Map>
			<Map x="0.455" y="0.165"></Map>
		</Terrain>
		<Terrain ck3_name="desert">
			<Map x="0.682" y="0.857"></Map>
			<Map x="0.694" y="0.859"></Map>
			<Map x="0.594" y="0.921"></Map>
			<Map x="0.643" y="0.866"></Map>
			<Map x="0.726" y="0.854"></Map>
			<Map x="0.680" y="0.816"></Map>
			<Map x="0.695" y="0.827"></Map>
			<Map x="0.724" y="0.786"></Map>
			<Map x="0.617" y="0.872"></Map>
			<Map x="0.559" y="0.897"></Map>
		</Terrain>
		<Terrain ck3_name="red_desert">
			<Map x="0.660" y="0.861"></Map>
			<Map x="0.586" y="0.881"></Map>
			<Map x="0.765" y="0.878"></Map>
			<Map x="0.722" y="0.868"></Map>
			<Map x="0.674" y="0.788"></Map>
			<Map x="0.545" y="0.907"></Map>
			<Map x="0.626" y="0.840"></Map>	
            <Map x="0.587" y="0.875"></Map>	
            <Map x="0.765" y="0.884"></Map>	
            <Map x="0.667" y="0.834"></Map>			
		</Terrain>
		<Terrain ck3_name="desert_mountains">
			<Map x="0.660" y="0.861"></Map>
			<Map x="0.586" y="0.881"></Map>
			<Map x="0.765" y="0.878"></Map>
			<Map x="0.722" y="0.868"></Map>
			<Map x="0.674" y="0.788"></Map>
			<Map x="0.545" y="0.907"></Map>
			<Map x="0.626" y="0.840"></Map>	
            <Map x="0.587" y="0.875"></Map>	
            <Map x="0.765" y="0.884"></Map>	
            <Map x="0.667" y="0.834"></Map>			
		</Terrain>
		<Terrain ck3_name="dune_sea">
			<Map x="0.677" y="0.843"></Map>
			<Map x="0.554" y="0.882"></Map>
			<Map x="0.634" y="0.862"></Map>
			<Map x="0.718" y="0.784"></Map>
			<Map x="0.612" y="0.995"></Map>
			<Map x="0.801" y="0.826"></Map>
			<Map x="0.714" y="0.786"></Map>
			<Map x="0.605" y="0.858"></Map>
			<Map x="0.604" y="0.871"></Map>
			<Map x="0.568" y="0.913"></Map>
		</Terrain>
		<Terrain ck3_name="drylands">
			<Map x="0.581" y="0.794"></Map>
			<Map x="0.556" y="0.766"></Map>
			<Map x="0.516" y="0.772"></Map>
			<Map x="0.548" y="0.796"></Map>
			<Map x="0.592" y="0.796"></Map>
			<Map x="0.546" y="0.785"></Map>
			<Map x="0.557" y="0.782"></Map>
			<Map x="0.619" y="0.789"></Map>
			<Map x="0.611" y="0.768"></Map>
			<Map x="0.741" y="0.759"></Map>
		</Terrain>
		<Terrain ck3_name="savanna">
			<Map x="0.581" y="0.794"></Map>
			<Map x="0.556" y="0.766"></Map>
			<Map x="0.516" y="0.772"></Map>
			<Map x="0.548" y="0.796"></Map>
			<Map x="0.592" y="0.796"></Map>
			<Map x="0.546" y="0.785"></Map>
			<Map x="0.557" y="0.782"></Map>
			<Map x="0.619" y="0.789"></Map>
			<Map x="0.611" y="0.768"></Map>
			<Map x="0.741" y="0.759"></Map>
		</Terrain>
		<Terrain ck3_name="wetlands">
			<Map x="0.568" y="0.515"></Map>
			<Map x="0.565" y="0.542"></Map>
			<Map x="0.551" y="0.535"></Map>
			<Map x="0.557" y="0.519"></Map>
			<Map x="0.558" y="0.542"></Map>
			<Map x="0.558" y="0.510"></Map>
			<Map x="0.469" y="0.498"></Map>
			<Map x="0.468" y="0.482"></Map>
			<Map x="0.463" y="0.480"></Map>
			<Map x="0.465" y="0.480"></Map>
		</Terrain>
		<Terrain ck3_name="littoral">
			<Map x="0.568" y="0.515"></Map>
			<Map x="0.565" y="0.542"></Map>
			<Map x="0.551" y="0.535"></Map>
			<Map x="0.557" y="0.519"></Map>
			<Map x="0.558" y="0.542"></Map>
			<Map x="0.558" y="0.510"></Map>
			<Map x="0.469" y="0.498"></Map>
			<Map x="0.468" y="0.482"></Map>
			<Map x="0.463" y="0.480"></Map>
			<Map x="0.465" y="0.480"></Map>
		</Terrain>
		<Terrain ck3_name="saltflats">
			<Map x="0.568" y="0.515"></Map>
			<Map x="0.565" y="0.542"></Map>
			<Map x="0.551" y="0.535"></Map>
			<Map x="0.557" y="0.519"></Map>
			<Map x="0.558" y="0.542"></Map>
			<Map x="0.558" y="0.510"></Map>
			<Map x="0.469" y="0.498"></Map>
			<Map x="0.468" y="0.482"></Map>
			<Map x="0.463" y="0.480"></Map>
			<Map x="0.465" y="0.480"></Map>
		</Terrain>
		<Terrain ck3_name="forest">
			<Map x="0.652" y="0.203"></Map>
			<Map x="0.447" y="0.464"></Map>
			<Map x="0.456" y="0.429"></Map>
			<Map x="0.457" y="0.448"></Map>
			<Map x="0.431" y="0.464"></Map>
			<Map x="0.537" y="0.199"></Map>
			<Map x="0.402" y="0.620"></Map>
			<Map x="0.553" y="0.347"></Map>
			<Map x="0.572" y="0.276"></Map>
			<Map x="0.407" y="0.616"></Map>
		</Terrain>
		<Terrain ck3_name="myrtle_forest">
			<Map x="0.652" y="0.203"></Map>
			<Map x="0.447" y="0.464"></Map>
			<Map x="0.456" y="0.429"></Map>
			<Map x="0.457" y="0.448"></Map>
			<Map x="0.431" y="0.464"></Map>
			<Map x="0.537" y="0.199"></Map>
			<Map x="0.402" y="0.620"></Map>
			<Map x="0.553" y="0.347"></Map>
			<Map x="0.572" y="0.276"></Map>
			<Map x="0.407" y="0.616"></Map>
		</Terrain>
		<Terrain ck3_name="deep_forest">
			<Map x="0.557" y="0.265"></Map>
			<Map x="0.537" y="0.224"></Map>
			<Map x="0.558" y="0.239"></Map>
			<Map x="0.555" y="0.312"></Map>
			<Map x="0.556" y="0.301"></Map>
			<Map x="0.550" y="0.306"></Map>
			<Map x="0.555" y="0.235"></Map>
			<Map x="0.547" y="0.218"></Map>
			<Map x="0.564" y="0.184"></Map>
			<Map x="0.549" y="0.249"></Map>
		</Terrain>
		<Terrain ck3_name="jungle">
			<Map x="0.557" y="0.265"></Map>
			<Map x="0.537" y="0.224"></Map>
			<Map x="0.558" y="0.239"></Map>
			<Map x="0.555" y="0.312"></Map>
			<Map x="0.556" y="0.301"></Map>
			<Map x="0.550" y="0.306"></Map>
			<Map x="0.555" y="0.235"></Map>
			<Map x="0.547" y="0.218"></Map>
			<Map x="0.564" y="0.184"></Map>
			<Map x="0.549" y="0.249"></Map>
		</Terrain>
		<Terrain ck3_name="mallorn_forest">
			<Map x="0.420" y="0.428"></Map>
			<Map x="0.411" y="0.449"></Map>
			<Map x="0.426" y="0.414"></Map>
			<Map x="0.416" y="0.441"></Map>
			<Map x="0.424" y="0.430"></Map>
			<Map x="0.430" y="0.429"></Map>
			<Map x="0.427" y="0.441"></Map>
			<Map x="0.422" y="0.487"></Map>
			<Map x="0.427" y="0.424"></Map>
			<Map x="0.419" y="0.435"></Map>
		</Terrain>
		<Terrain ck3_name="pathsofthedead">
			<Map x="0.441" y="0.331"></Map>
			<Map x="0.441" y="0.331"></Map>
			<Map x="0.441" y="0.331"></Map>
			<Map x="0.441" y="0.331"></Map>
			<Map x="0.428" y="0.339"></Map>
		</Terrain>
		<Terrain ck3_name="caverns">
			<Map x="0.441" y="0.331"></Map>
			<Map x="0.441" y="0.331"></Map>
			<Map x="0.441" y="0.331"></Map>
			<Map x="0.441" y="0.331"></Map>
			<Map x="0.428" y="0.339"></Map>
		</Terrain>
		<Terrain ck3_name="halls">
			<Map x="0.441" y="0.331"></Map>
			<Map x="0.441" y="0.331"></Map>
			<Map x="0.441" y="0.331"></Map>
			<Map x="0.441" y="0.331"></Map>
			<Map x="0.428" y="0.339"></Map>
		</Terrain>
	</Normal_Maps>
	
</Terrains>
