﻿<?xml version="1.0" encoding="utf-8" ?>
<FactionsGroups>

	<Faction name="Default">
		<General key="gon_silver_swan_knights"></General>
		<Knights key="gon_citadel_guard"></Knights>
		
		<Levies porcentage="55" key="gon_spear_militia" max="LEVY"></Levies>
		<Levies porcentage="35" key="gon_sword_militia" max="LEVY"></Levies>
		<Levies porcentage="10" key="gon_bow_militia" max="LEVY"></Levies>
		
		<MenAtArm type="light_footmen" key="gon_ringlo_vale_footmen" max="INFANTRY"></MenAtArm>
		<MenAtArm type="armored_footmen" key="gon_sword_infantry" max="INFANTRY"></MenAtArm>
		<MenAtArm type="pikemen_unit" key="gon_spear_infantry" max="INFANTRY"></MenAtArm>
		<MenAtArm type="bowmen" key="gon_archers" max="RANGED"></MenAtArm>
		<MenAtArm type="crossbowmen" key="gon_archers" max="RANGED"></MenAtArm>
		<MenAtArm type="light_horsemen" key="gon_princes_sergeants" max="CAVALRY"></MenAtArm>
		<MenAtArm type="armored_horsemen" key="gon_cavalry" max="CAVALRY"></MenAtArm>
		<MenAtArm type="house_guard" key="gon_fountain_guard" max="INFANTRY"></MenAtArm>
		
		<MenAtArm type="horse_archers" key="roh_eored_gap" max="CAVALRY"></MenAtArm>
		<MenAtArm type="camel_rider" key="har_harad_camel_riders" max="CAVALRY"></MenAtArm>
		<MenAtArm type="bondi" key="dun_tribal_levies" max="INFANTRY"></MenAtArm>
		<MenAtArm type="vigmen" key="gon_lebennin_marines" max="RANGED"></MenAtArm>
		<MenAtArm type="varangian_veterans" key="dun_blood_avengers" max="INFANTRY"></MenAtArm>
		<MenAtArm type="jomsviking_pirates" key="har_harad_glaives" max="INFANTRY"></MenAtArm>

			
		
		<MenAtArm type="bellakarani_phalanx" key="har_serpent_spearmen" max="INFANTRY"></MenAtArm>
        <MenAtArm type="bellakaze_outrider" key="har_desert_raiders" max="CAVALRY"></MenAtArm>
        <MenAtArm type="bellanarud_auxiliaries" key="har_harad_glaives" max="INFANTRY"></MenAtArm>
		
        <MenAtArm type="tedjin_khatajani" key="har_harad_lancers" max="CAVALRY"></MenAtArm>
        <MenAtArm type="soriyan_shortbows" key="har_serpent_archers" max="RANGED"></MenAtArm>
        <MenAtArm type="tedjin_camel_archers" key="har_harad_camel_riders" max="CAVALRY"></MenAtArm>
		
        <MenAtArm type="narudbriyig_hillriders" key="har_harad_lancers" max="CAVALRY"></MenAtArm>
        <MenAtArm type="bozishnarud_battlemasters" key="har_adunakhori" max="INFANTRY"></MenAtArm>
        <MenAtArm type="gaian_stalkers" key="har_serpent_archers" max="RANGED"></MenAtArm>
		
        <MenAtArm type="tulwangi_junglewalkers" key="har_harad_glaives" max="INFANTRY"></MenAtArm>
		<MenAtArm type="tulwangi_cliffwardens" key="har_serpent_spearmen" max="INFANTRY"></MenAtArm>
		
        <MenAtArm type="zagar_an_adunai" key="har_adunakhori" max="INFANTRY"></MenAtArm>
        <MenAtArm type="ephalzagar_an_adunai" key="har_serpent_spearmen" max="INFANTRY"></MenAtArm>
        <MenAtArm type="knights_of_kharadune" key="har_serpent_guards" max="CAVALRY"></MenAtArm>
		<MenAtArm type="indentured_conscripts" key="har_mahud_clubmen" max="INFANTRY"></MenAtArm>
		
        <MenAtArm type="hasharin" key="har_serpent_warriors" max="INFANTRY"></MenAtArm>
        <MenAtArm type="desert_screamers" key="har_harad_camel_riders" max="CAVALRY"></MenAtArm>
        <MenAtArm type="giant_scorpions" key="har_mumakil" max="20" script="giant_scorpions_unit_"></MenAtArm>
		
		<MenAtArm type="druedain_poison_archers" key="dun_rangers" max="RANGED"></MenAtArm>
        <MenAtArm type="druedain_temple_guard" key="dun_tribal_warriors" max="INFANTRY"></MenAtArm>
        <MenAtArm type="druedain_oku_tori" key="dun_hound_tamers" max="CAVALRY"></MenAtArm>
		
        <MenAtArm type="corsair_warriors" key="har_corsair_marines" max="INFANTRY"></MenAtArm>
		
		<MenAtArm type="easterling_pikemen" key="bal_loke-rim_halberdiers" max="INFANTRY"></MenAtArm>
        <MenAtArm type="easterling_kataphrakt" key="bal_variag_lancers" max="CAVALRY"></MenAtArm>
        <MenAtArm type="easterling_swordsmen" key="bal_rhunic_warlords" max="INFANTRY"></MenAtArm>
        <MenAtArm type="loke_innas_rim" key="bal_variag_lancers" max="CAVALRY"></MenAtArm>
		<MenAtArm type="szrel_kain_executioners" key="bal_clan_raiders" max="RANGED"></MenAtArm>
		<MenAtArm type="dragon_knight_horse_archers" key="bal_khandish_horse_archers" max="CAVALRY"></MenAtArm>
		
		<MenAtArm type="dale_bowmen" key="dale_rhovanion_rangers" max="RANGED"></MenAtArm>
        <MenAtArm type="dale_pikes" key="dale_vineland_watchmen" max="INFANTRY"></MenAtArm>
        <MenAtArm type="rabbit_riders" key="dale_northmen_scouts" max="CAVALRY"></MenAtArm>
		
        <MenAtArm type="variag_horse_archers" key="kha_variag_horse_archers" max="RANGED"></MenAtArm>
	    <MenAtArm type="windriders_of_khand" key="kha_variag_riders" max="CAVALRY"></MenAtArm>
		<MenAtArm type="variag_pikemen" key="kha_wainrider_spear_warriors" max="INFANTRY"></MenAtArm>
	    <MenAtArm type="variag_axemen" key="kha_khandish_raiders" max="INFANTRY"></MenAtArm>
		
		<MenAtArm type="vintner_court_knights" key="dale_cavalry_regiment" max="CAVALRY"></MenAtArm>
	    <MenAtArm type="thorn_guard" key="dale_laketown_guards" max="INFANTRY"></MenAtArm>
		<MenAtArm type="vineyard_bowmen" key="dale_bardings" max="RANGED"></MenAtArm>
		
	    <MenAtArm type="rhovanion_freemen" key="dale_watchpost_sentries" max="INFANTRY"></MenAtArm>
		<MenAtArm type="rhovanion_light_cavalry" key="dale_northmen_scouts" max="CAVALRY"></MenAtArm>
	    <MenAtArm type="rhovanion_royal_guard" key="dale_spearguards" max="INFANTRY"></MenAtArm>
		<MenAtArm type="rhovanion_heavy_cavalry" key="dale_cavalry_regiment" max="CAVALRY"></MenAtArm>



        <MenAtArm type="gondorian_footmen" key="gon_sword_infantry" max="INFANTRY"></MenAtArm>
        <MenAtArm type="gondorian_bowmen" key="gon_archers" max="RANGED"></MenAtArm>
        <MenAtArm type="guard_of_the_citadel" key="gon_citadel_guard" max="INFANTRY"></MenAtArm>
		<MenAtArm type="gondorian_marines" key="gon_anfalas_coastlevies" max="RANGED"></MenAtArm>
        
        <MenAtArm type="rangers_of_ithilien" key="gon_ithilien_rangers" max="RANGED"></MenAtArm>
		
        <MenAtArm type="harondorim_rangers" key="hor_horsearcher" max="CAVALRY"></MenAtArm>
        <MenAtArm type="harondorim_palace_guards" key="hor_guardspear" max="CAVALRY"></MenAtArm>
		
        <MenAtArm type="belfalathric_bowmen" key="dol_archer" max="RANGED"></MenAtArm>
        <MenAtArm type="swan_knights" key="dol_swancav" max="CAVALRY"></MenAtArm>
        <MenAtArm type="wardens_tirith_aear" key="dol_swanspear" max="INFANTRY"></MenAtArm>
		
		<MenAtArm type="gondorian_clansmen" key="los_medium2axe" max="INFANTRY"></MenAtArm>
        <MenAtArm type="orodbedhric_bowmen" key="lam_archer" max="RANGED"></MenAtArm>
		
        <MenAtArm type="fountain_guard" key="gon_fountain_guard" max="INFANTRY"></MenAtArm>
        <MenAtArm type="grey_company" key="iml_guards" max="INFANTRY"></MenAtArm>
		<MenAtArm type="pelargir_mariners" key="gon_hillmen_of_lamedon" max="INFANTRY"></MenAtArm>
		
        <MenAtArm type="nimrodel_rangers" key="gon_ithilien_rangers" max="RANGED"></MenAtArm>
        <MenAtArm type="seaward_spearmen" key="gon_princes_coastguard" max="INFANTRY"></MenAtArm>
        <MenAtArm type="seaward_footmen" key="gon_pelargir_marines" max="INFANTRY"></MenAtArm>
		<MenAtArm type="edhellond_horse_archers" key="roh_horse_archers" max="CAVALRY"></MenAtArm>
        <MenAtArm type="swan_squires" key="gon_princes_sergeants" max="CAVALRY"></MenAtArm>
        <MenAtArm type="tirith_aear_knights" key="gon_silver_swan_knights" max="CAVALRY"></MenAtArm>
        <MenAtArm type="royal_swan_guard" key="gon_silver_swan_knights" max="CAVALRY"></MenAtArm>
		<MenAtArm type="talon_knights" key="gon_citadel_guard" max="INFANTRY"></MenAtArm>
        <MenAtArm type="haven_guard" key="gon_sword_infantry" max="INFANTRY"></MenAtArm>
		
        <MenAtArm type="dunedain_rangers" key="gon_ithilien_rangers" max="RANGED"></MenAtArm>
		
	    <MenAtArm type="orthanc_guard" key="gon_citadel_guard" max="INFANTRY"></MenAtArm>
		
		
		
		<MenAtArm type="warrior_druids" key="dun_bloodsworn" max="INFANTRY"></MenAtArm>
		<MenAtArm type="dunlending_huscarl" key="dun_blood_avengers" max="INFANTRY"></MenAtArm>
        <MenAtArm type="dunlending_outriders" key="dun_horsed_raiders" max="CAVALRY"></MenAtArm>
        <MenAtArm type="dunlending_axe_hunters" key="dun_dunhird_chosen" max="INFANTRY"></MenAtArm>
		
		<MenAtArm type="clan_swordsmen" key="dun_blood_avengers" max="INFANTRY"></MenAtArm>
		<MenAtArm type="dunlending_longbowmen" key="dun_rangers" max="RANGED"></MenAtArm>
		<MenAtArm type="clan_axemen" key="dun_blood_avengers" max="INFANTRY"></MenAtArm>	
		
        <MenAtArm type="isengard_dunlending_huntsmen" key="dun_tribal_warriors" max="INFANTRY"></MenAtArm>
		<MenAtArm type="isengard_dunlending_axemen" key="dun_blood_avengers" max="INFANTRY"></MenAtArm>
        <MenAtArm type="isengard_dunlending_horsemen" key="dun_pillagers" max="CAVALRY"></MenAtArm>	
		
		
		
		<MenAtArm type="noldor_swordsmen" key="lin_nobles" max="INFANTRY"></MenAtArm>
        <MenAtArm type="noldor_glaivesmen" key="lin_noldor_nobles" max="INFANTRY"></MenAtArm>
        <MenAtArm type="noldor_cavalry" key="iml_horse_rangers" max="CAVALRY"></MenAtArm>
        <MenAtArm type="noldor_archers" key="lin_archers" max="RANGED"></MenAtArm>
		<MenAtArm type="noldor_veterans" key="lin_nobles" max="INFANTRY"></MenAtArm>
        <MenAtArm type="song_smiths" key="lin_nobles" max="INFANTRY"></MenAtArm>
		
        <MenAtArm type="sindar_nobility" key="iml_horse_rangers" max="CAVALRY"></MenAtArm>
        <MenAtArm type="hir_hathol" key="exe_lin_remnants_golden_flower" max="INFANTRY"></MenAtArm>
		<MenAtArm type="falathrim_haven_guard" key="iml_pikemen" max="INFANTRY"></MenAtArm>
        <MenAtArm type="marchwardens" key="iml_archers" max="RANGED"></MenAtArm>
		
        <MenAtArm type="galadhrim_warriors" key="loth_galad_sword_warriors" max="INFANTRY"></MenAtArm>
        <MenAtArm type="knights_of_amroth" key="loth_lor_outriders" max="CAVALRY"></MenAtArm>
		<MenAtArm type="galadhrim_wardens" key="loth_amroth_sentinels" max="INFANTRY"></MenAtArm>
        <MenAtArm type="galadhrim_archers" key="loth_galad_bow_warriors" max="RANGED"></MenAtArm>
        <MenAtArm type="galadhrim_sentinels" key="loth_galad_spear_warriors" max="INFANTRY"></MenAtArm>
		
        <MenAtArm type="gilded_guard" key="wr_hall_guardians" max="INFANTRY"></MenAtArm>
		<MenAtArm type="greenwood_swordsmen" key="wr_lasgalen_swords" max="INFANTRY"></MenAtArm>
        <MenAtArm type="greenwood_archers" key="wr_lasgalen_lords" max="RANGED"></MenAtArm>
        <MenAtArm type="silvan_rangers" key="exe_wr_forest_assassins" max="INFANTRY"></MenAtArm>
        <MenAtArm type="royal_elk_riders" key="exe_wr_elvenking_riders_elk" max="CAVALRY" ></MenAtArm>
		<MenAtArm type="theladagnyr" key="exe_wr_greenwood_glaives" max="INFANTRY"></MenAtArm>
		
		<MenAtArm type="nelyarin_pikemen" key="wr_lasgalen_spears" max="INFANTRY"></MenAtArm>
        <MenAtArm type="nelyarin_swordsmen" key="exe_wr_border_guards" max="INFANTRY"></MenAtArm>
        <MenAtArm type="nelyarin_archers" key="wr_forest_rangers" max="RANGED"></MenAtArm>
        <MenAtArm type="neldoreth_borderwardens" key="wr_gurthlagor" max="CAVALRY"></MenAtArm>
	    <MenAtArm type="nuinevari" key="loth_haldirs_bodyguards" max="INFANTRY"></MenAtArm>
		
		<MenAtArm type="high_elven_skirmishers" key="lin_nobles" max="INFANTRY"></MenAtArm>
        <MenAtArm type="high_elven_heavy_infantry" key="exe_lin_remnants_golden_flower" max="INFANTRY"></MenAtArm>
        <MenAtArm type="high_elven_light_cavalry" key="lin_cavalry" max="CAVALRY"></MenAtArm>
        <MenAtArm type="high_elven_heavy_cavalry" key="iml_horse_rangers" max="CAVALRY"></MenAtArm>
		<MenAtArm type="high_elven_archers" key="lin_archers" max="RANGED"></MenAtArm>
        <MenAtArm type="high_elven_pikemen" key="lin_spearmen" max="INFANTRY"></MenAtArm>
		
		<MenAtArm type="grey_elven_pikemen" key="lin_spearmen" max="INFANTRY"></MenAtArm>
        <MenAtArm type="grey_elven_archers" key="lin_archers" max="RANGED"></MenAtArm>
        <MenAtArm type="grey_elven_heavy_cavalry" key="iml_horse_rangers" max="CAVALRY"></MenAtArm>
        <MenAtArm type="grey_elven_heavy_infantry" key="exe_lin_remnants_golden_flower" max="INFANTRY"></MenAtArm>
		<MenAtArm type="grey_elven_skirmishers" key="lin_nobles" max="INFANTRY"></MenAtArm>
        <MenAtArm type="grey_elven_light_cavalry" key="lin_cavalry" max="CAVALRY"></MenAtArm>
		
		<MenAtArm type="avarin_skirmishers" key="exe_wr_forest_assassins" max="INFANTRY"></MenAtArm>
        <MenAtArm type="avarin_light_cavalry" key="wr_forest_riders" max="CAVALRY"></MenAtArm>
        <MenAtArm type="avarin_archers" key="wr_forest_rangers" max="RANGED"></MenAtArm>
        <MenAtArm type="avarin_pikemen" key="wr_lasgalen_spears" max="INFANTRY"></MenAtArm>
		<MenAtArm type="avarin_heavy_infantry" key="exe_wr_border_guards" max="INFANTRY"></MenAtArm>
        <MenAtArm type="avarin_heavy_cavalry" key="wr_elvenking_riders" max="CAVALRY"></MenAtArm>
		
		<MenAtArm type="tatyarin_harriers" key="exe_wr_forest_assassins" max="INFANTRY"></MenAtArm>
	    <MenAtArm type="tatyarin_rangers" key="wr_lasgalen_lords" max="RANGED"></MenAtArm>
		<MenAtArm type="tatyarin_guardians" key="exe_wr_greenwood_glaives" max="INFANTRY"></MenAtArm>
	    <MenAtArm type="cuind_wanderers" key="wr_forest_riders" max="CAVALRY"></MenAtArm>
		
		<MenAtArm type="sirrandrai_defenders" key="lin_swordsmen" max="INFANTRY"></MenAtArm>	
	    <MenAtArm type="sirrandrai_sentinels" key="lin_archers" max="RANGED"></MenAtArm>
		<MenAtArm type="sirrandrai_veterans" key="lin_nobles" max="INFANTRY"></MenAtArm>	
		<MenAtArm type="sirrandrai_riders" key="lin_cavalry" max="CAVALRY"></MenAtArm>
	    <MenAtArm type="wardens_of_sirgala" key="lin_spearmen" max="INFANTRY"></MenAtArm>
		<MenAtArm type="tatyarin_guardians" key="..." max="INFANTRY"></MenAtArm>
		
		<MenAtArm type="laiquendi_ambushers" key="ler_eregion_archers" max="RANGED"></MenAtArm>	
		<MenAtArm type="laiquendi_spearmen" key="ler_ost-in-edhil_defenders" max="INFANTRY"></MenAtArm>
	    <MenAtArm type="laiquendi_scouts" key="ler_celebrimbor_guard_vestige" max="RANGED"></MenAtArm>
		<MenAtArm type="ossiriand_rangers" key="ler_mirdain_remnants" max="RANGED"></MenAtArm>
		
		
		<MenAtArm type="war_mumak" key="har_mumakil" max="20"></MenAtArm>
		<MenAtArm type="siege_mumak" key="har_mumakil" max="20"></MenAtArm>
        <MenAtArm type="desert_javelineers" key="har_corsair_marines" max="RANGED"></MenAtArm>
		<MenAtArm type="desert_spearmen" key="har_harad_camel_riders" max="CAVALRY"></MenAtArm>
		<MenAtArm type="serpent_guard" key="har_serpent_guards" max="CAVALRY"></MenAtArm>
		<MenAtArm type="mahud_headhunters" key="har_mahud_hunters" max="RANGED"></MenAtArm>
        <MenAtArm type="black_numenorean_vanguard" key="har_serpent_warriors" max="INFANTRY"></MenAtArm>
        <MenAtArm type="guard_of_abrakhan" key="har_serpent_spearmen" max="INFANTRY"></MenAtArm>
        <MenAtArm type="nafarati_marauders" key="har_corsair_archers" max="RANGED"></MenAtArm>
		
		
		
		<MenAtArm type="wardens_of_the_council" key="ler_celebrimbor_guard_vestige" max="INFANTRY"></MenAtArm>
        <MenAtArm type="northron_mearas" key="gon_silver_swan_knights" max="CAVALRY"></MenAtArm>
        <MenAtArm type="dweller_in_the_dark" key="har_mumakil" max="20"></MenAtArm>
		
		
		
		<MenAtArm type="narunaru_royal_guard" key="har_serpent_spearmen" max="INFANTRY"></MenAtArm>
        <MenAtArm type="adunaim_armsmen" key="har_adunakhori" max="INFANTRY"></MenAtArm>
		
		<MenAtArm type="adunakhori" key="har_adunakhori" max="INFANTRY"></MenAtArm>
		<MenAtArm type="umbar_usurpers" key="umb_usurpers" max="INFANTRY"></MenAtArm>
		
		<MenAtArm type="abrazanim_legion" key="umb_maces_of_tolfalas" max="INFANTRY"></MenAtArm>
        <MenAtArm type="abrazanim_helberdiers" key="umb_black_haven_guard" max="INFANTRY"></MenAtArm>
        <MenAtArm type="abrazanim_warbows" key="umb_black_haven_marksmen" max="RANGED"></MenAtArm>
		
        <MenAtArm type="temple_knights_of_the_eye" key="mor_servants_of_the_eyes" max="INFANTRY"></MenAtArm>
		
		
		
		<MenAtArm type="orc_warriors" key="mor_orc_pillagers" max="INFANTRY"></MenAtArm>
		<MenAtArm type="orc_rabble" key="mor_orc_warband" max="INFANTRY"></MenAtArm>
        <MenAtArm type="orc_archers" key="mor_uruk_archers" max="INFANTRY"></MenAtArm>
        <MenAtArm type="orc_trackers" key="mor_orc_rabble_bowmen" max="RANGED"></MenAtArm>
		<MenAtArm type="orc_pikemen" key="mor_orc_rabble" max="INFANTRY"></MenAtArm>		
		
		<MenAtArm type="mountainorc_warriors" key="mor_orc_warriors" max="INFANTRY"></MenAtArm>
        <MenAtArm type="caragor_pack" key="gob_warg_pack" max="CAVALRY"></MenAtArm>
        <MenAtArm type="mountain_troll" key="mor_mountain_trolls" max="10"></MenAtArm>
		<MenAtArm type="great_beast" key="mor_mountain_trolls" max="10"></MenAtArm>
		<MenAtArm type="grond" key="mor_onager" max="RANGED"></MenAtArm>
		<MenAtArm type="urukhai_skirmishers" key="ise_uruk_hai_raiders" max="INFANTRY"></MenAtArm>
        <MenAtArm type="urukhai_spearmen" key="ise_halforc_spears" max="INFANTRY"></MenAtArm>
		<MenAtArm type="urukhai_fighting" key="ise_uruk_hai_infantry" max="INFANTRY"></MenAtArm>
        <MenAtArm type="urukhai_pikemen" key="ise_uruk_hai_pikemen" max="INFANTRY"></MenAtArm>
        <MenAtArm type="urukhai_archers" key="ise_uruk_hai_archers" max="RANGED"></MenAtArm>
		<MenAtArm type="urukhai_crossbowmen" key="ise_uruk_hai_crossbowmen" max="RANGED"></MenAtArm>
		<MenAtArm type="urukhai_warg_riders" key="ise_warg_riders" max="CAVALRY"></MenAtArm>
		<MenAtArm type="urukhai_sappers" key="ise_sapper" max="RANGED"></MenAtArm>
		<MenAtArm type="urukhai_monstrosity" key="mor_mountain_trolls" max="10"></MenAtArm>
		<MenAtArm type="urukhai_berserker" key="ise_berserker" max="INFANTRY"></MenAtArm>
		
		<MenAtArm type="orc_dush_hai_warband" key="mor_uruk_archers" max="RANGED"></MenAtArm>
		<MenAtArm type="gundabad_orc_spear_warband" key="tomb_gundabad_stalkers" max="INFANTRY"></MenAtArm>
		<MenAtArm type="gundabad_orc_berserkers" key="tomb_gundabad_berserker" max="INFANTRY"></MenAtArm>
		<MenAtArm type="hunter_orcs_on_fell_wargs" key="gob_warg_pack" max="CAVALRY"></MenAtArm>
		<MenAtArm type="gundabad_blackshields" key="tomb_gundabad_berserker" max="INFANTRY"></MenAtArm>
		<MenAtArm type="gundabad_war_troll" key="mor_mountain_trolls" max="10"></MenAtArm>
		<MenAtArm type="gundabad_ogres" key="mor_olog_hai" max="10"></MenAtArm>  
		
		

        <MenAtArm type="hadorim_forest_wardens" key="roh_helmingas" max="RANGED"></MenAtArm>
		<MenAtArm type="westfolders" key="roh_axe_theigns" max="INFANTRY"></MenAtArm>
        <MenAtArm type="eotheod_light_horsemen" key="roh_scouts_of_rohan" max="CAVALRY"></MenAtArm>
        <MenAtArm type="eotheod_horse_archers" key="roh_eored_gap" max="CAVALRY"></MenAtArm>
		<MenAtArm type="eotheod_horse_axemen" key="roh_eored_eastfold" max="CAVALRY"></MenAtArm>
		<MenAtArm type="mountain_riders" key="roh_horse_archers" max="RANGED"></MenAtArm>
		<MenAtArm type="helmingas_warriors" key="roh_riders_of_rohan" max="CAVALRY"></MenAtArm>
        <MenAtArm type="eotheod_vanguard" key="roh_eored_westfold" max="CAVALRY"></MenAtArm>
		
		 
		
		<MenAtArm type="vale_nenedain_pikemen" key="dale_spearguards" max="INFANTRY"></MenAtArm>
		<MenAtArm type="woodmen_huntsmen" key="dale_rhovanion_rangers" max="RANGED"></MenAtArm>
        <MenAtArm type="woodmen_widulingas" key="dale_swordsmen" max="INFANTRY"></MenAtArm>
		
		
		
		<MenAtArm type="unburied_wights" key="mor_servants_of_the_eyes" max="CAVALRY"></MenAtArm>
		<MenAtArm type="blighted_trappers" key="dg_chieftain" max="INFANTRY"></MenAtArm>
        <MenAtArm type="giant_spiders" key="mor_olog_hai" max="10"></MenAtArm>
	    <MenAtArm type="olog_hai" key="mor_olog_hai" max="10"></MenAtArm>
		<MenAtArm type="risen_carrion" key="dg_guldur_glaives" max="CAVALRY"></MenAtArm>								

	
	
		<MenAtArm type="numenorean_steel_archers" key="dol_heavyarcher" max="RANGED"></MenAtArm>
		<MenAtArm type="numenorean_royal_knights" key="dol_wardens" max="INFANTRY"></MenAtArm>
        <MenAtArm type="numenorean_submod_pikemen" key="dol_swanspear" max="INFANTRY"></MenAtArm>
        <MenAtArm type="numenorean_common_soldiers" key="dol_swansword" max="INFANTRY"></MenAtArm>
		
	
	
		<MenAtArm type="dunedain_rangers_reforged" key="gon_ithilien_rangers" max="RANGED"></MenAtArm>
		<MenAtArm type="dunedain_speaman" key="car_wardens_faerdor" max="INFANTRY"></MenAtArm>
		<MenAtArm type="dunedain_speaman_reforged" key="car_wardens_faerdor" max="INFANTRY"></MenAtArm>	
		<MenAtArm type="knights_of_annuminas" key="arn_high_kings_knights" max="CAVALRY"></MenAtArm>	
		<MenAtArm type="arnorian_infantry" key="arn_sword_infantry" max="INFANTRY"></MenAtArm>
		<MenAtArm type="arnorian_archers" key="arn_bows" max="RANGED"></MenAtArm>
	    <MenAtArm type="arnorian_knights" key="arn_arnorian_cav" max="INFANTRY"></MenAtArm>
		<MenAtArm type="arnorian_heavy_knights" key="arn_high_kings_knights" max="CAVALRY"></MenAtArm>
		
		<MenAtArm type="Guardians" key="ere_baruk_guard" max="INFANTRY"></MenAtArm>
        <MenAtArm type="Phalanxes" key="ere_tomb_wardens" max="INFANTRY"></MenAtArm>
		
		
			
        <MenAtArm type="druedain_beffraen_skirmishers" key="dun_blood_avengers" max="INFANTRY"></MenAtArm>
	    <MenAtArm type="druedain_beffraen_pikemen" key="dun_elder_spears" max="INFANTRY"></MenAtArm>
		<MenAtArm type="druedain_beffraen_heavy_infantry" key="dun_champions" max="INFANTRY"></MenAtArm>
	    <MenAtArm type="druedain_oku_tori" key="mor_mountain_trolls" max="10"></MenAtArm>

		<MenAtArm type="donan_slingers" key="dun_elder_bows" max="RANGED"></MenAtArm>
		
		<MenAtArm type="hobbit_bounders" key="los_levyaxe" max="INFANTRY"></MenAtArm>
		<MenAtArm type="hobbit_hunters" key="rv_skirm" max="RANGED"></MenAtArm>
		<MenAtArm type="hobbit_muster" key="brv_levyspear" max="INFANTRY"></MenAtArm>	
		
		<MenAtArm type="merchant_heavy_infantry" key="dun_elder_spears" max="INFANTRY"></MenAtArm>		
		
		<MenAtArm type="dunedain_soldiers" key="rv_sentinalsword" max="INFANTRY"></MenAtArm>
	    <MenAtArm type="dunedain_archers" key="brv_heavyarcher" max="RANGED"></MenAtArm>
		<MenAtArm type="dunedain_knights" key="pin_cavsword" max="CAVALRY"></MenAtArm>
	    <MenAtArm type="dunedain_elites" key="rv_sentinalsword" max="INFANTRY"></MenAtArm>
		
		<MenAtArm type="arnorian_soldiers" key="stan_veteranspear" max="INFANTRY"></MenAtArm>
	    <MenAtArm type="arnorian_bowmen" key="pin_archer" max="RANGED"></MenAtArm>
		<MenAtArm type="arnorian_cavalry" key="lam_cav" max="CAVALRY"></MenAtArm>
	    <MenAtArm type="wardens_of_annuminas" key="dol_wardens" max="INFANTRY"></MenAtArm>
		
		<MenAtArm type="dunedain_wardens" key="rv_sentinalspear" max="INFANTRY"></MenAtArm>
	    <MenAtArm type="dunedain_outriders" key="pin_riders" max="CAVALRY"></MenAtArm>
		
		<MenAtArm type="hillmen_heavy_infantry" key="dun_champions" max="INFANTRY"></MenAtArm>
	    <MenAtArm type="hillmen_light_cavalry" key="dun_pillagers" max="CAVALRY"></MenAtArm>
		<MenAtArm type="hillmen_skirmishers" key="dun_bloodsworn" max="INFANTRY"></MenAtArm>
	    <MenAtArm type="hillmen_heavy_infantry_unlock" key="dun_swordmen" max="INFANTRY"></MenAtArm>
		<MenAtArm type="hillmen_pikemen" key="dun_elder_spears" max="INFANTRY"></MenAtArm>
	
	
		
		<MenAtArm type="goblin_skirmishers" key="gob_goblin_scrappers" max="INFANTRY"></MenAtArm>
		<MenAtArm type="goblin_warg_riders" key="mor_servants_of_the_eyes" max="CAVALRY"></MenAtArm>
		
		<MenAtArm type="longbeard_skirmishers" key="ere_dwarven_warriors" max="INFANTRY"></MenAtArm>	
	    <MenAtArm type="longbeard_pikemen" key="ere_tomb_wardens" max="INFANTRY"></MenAtArm>
		<MenAtArm type="longbeard_crossbowmen" key="ere_crossbowmen" max="RANGED"></MenAtArm>	
		<MenAtArm type="longbeard_heavy_infantry" key="ere_baruk_guard" max="INFANTRY"></MenAtArm>
	    <MenAtArm type="longbeard_cavalry" key="ere_merc_cav" max="CAVALRY"></MenAtArm>
		<MenAtArm type="longbeard_horse_archers" key="roh_eored_gap" max="CAVALRY"></MenAtArm>
		
		<MenAtArm type="firebeard_skirmishers" key="em_nobles" max="INFANTRY"></MenAtArm>	
	    <MenAtArm type="firebeard_archers" key="ere_crossbowmen" max="RANGED"></MenAtArm>
		<MenAtArm type="firebeard_heavy_infantry" key="em_ered_mithrin_veterans" max="INFANTRY"></MenAtArm>	
		<MenAtArm type="firebeard_pikemen" key="em_frostguard" max="INFANTRY" ></MenAtArm>
	    <MenAtArm type="firebeard_monsters" key="em_dragon_slayers" max="INFANTRY"></MenAtArm>
		
		<MenAtArm type="broadbeam_skirmishers" key="em_nobles" max="INFANTRY"></MenAtArm>
		<MenAtArm type="broadbeam_crossbowmen" key="ere_crossbowmen" max="RANGED"></MenAtArm>	
	    <MenAtArm type="broadbeam_heavy_infantry" key="ere_ered_mithrin_veterans" max="INFANTRY"></MenAtArm>
		<MenAtArm type="broadbeam_dragonslayers" key="ere_mansion_reclaimers" max="INFANTRY"></MenAtArm>	
		<MenAtArm type="broadbeam_pikemen" key="ere_tomb_wardens" max="INFANTRY"></MenAtArm>
		
	    <MenAtArm type="blacklock_skirmishers" key="em_nobles" max="khz_legionaries"></MenAtArm>
		<MenAtArm type="blacklock_crossbowmen" key="khz_crossbows" max="RANGED"></MenAtArm>
		<MenAtArm type="blacklock_engineers" key="em_ballista" max="25"></MenAtArm>	
	    <MenAtArm type="blacklock_heavy_infantry" key="khz_veterans_khazad_dum" max="INFANTRY"></MenAtArm>
		<MenAtArm type="blacklock_pikemen" key="khz_durins_gate_guard" max="INFANTRY"></MenAtArm>	
		
		<MenAtArm type="stiffbeard_skirmishers" key="ere_baruk_guard" max="INFANTRY"></MenAtArm>
	    <MenAtArm type="stiffbeard_crossbowmen" key="iro_ered_crossbows" max="RANGED"></MenAtArm>
		<MenAtArm type="stiffbeard_heavy_infantry" key="ere_ered_mithrin_veterans" max="INFANTRY"></MenAtArm>
		<MenAtArm type="stiffbeard_pikemen" key="ere_iron_guardians" max="INFANTRY"></MenAtArm>
		
		<MenAtArm type="lossoth_ski_hunters" key="dun_elder_bows" max="RANGED"></MenAtArm>
		
	    <MenAtArm type="angmarim_pikemen" key="dun_elder_spears" max="INFANTRY"></MenAtArm>
		<MenAtArm type="angmarim_archers" key="dun_tribal_hunters" max="RANGED"></MenAtArm>
		<MenAtArm type="thrall_master" key="dun_dunhird_chosen" max="INFANTRY"></MenAtArm>
		
		
		
		<MenAtArm type="accolade_maa_elephantiers" key="har_mumakil" max="20"></MenAtArm>
		<MenAtArm type="accolade_maa_horse_archers" key="roh_eored_gap" max="CAVALRY"></MenAtArm>
		<MenAtArm type="accolade_maa_camel_riders" key="har_harad_camel_riders" max="CAVALRY"></MenAtArm>
		<MenAtArm type="accolade_maa_archers" key="gon_ithilien_rangers" max="RANGED"></MenAtArm>
		<MenAtArm type="accolade_maa_crossbowmen" key="los_archer" max="RANGED"></MenAtArm>
		<MenAtArm type="accolade_maa_lancers" key="gon_silver_swan_knights" max="CAVALRY"></MenAtArm>
		<MenAtArm type="accolade_maa_outriders" key="gon_princes_sergeants" max="CAVALRY"></MenAtArm>
		<MenAtArm type="accolade_maa_pikes" key="gon_fountain_guard" max="INFANTRY"></MenAtArm>
		<MenAtArm type="accolade_maa_skirmishers" key="gon_lebennin_marines" max="INFANTRY"></MenAtArm>
		<MenAtArm type="accolade_maa_vanguard" key="gon_lossarnach_warriors" max="INFANTRY"></MenAtArm>
        <MenAtArm type="house_guard" key="gon_fountain_guard" max="INFANTRY"></MenAtArm>	
		
	</Faction>
	
<Faction name="Gondor">
		<General key="stan_citadel"></General>
		<Knights key="gon_citadel_guard"></Knights>
		
		<Levies porcentage="55" key="gon_spear_militia"></Levies>
		<Levies porcentage="35" key="gon_sword_militia"></Levies>
		<Levies porcentage="10" key="gon_bow_militia"></Levies>
		
		<MenAtArm type="light_footmen" key="gon_ringlo_vale_footmen"></MenAtArm>
		<MenAtArm type="armored_footmen" key="gon_sword_infantry"></MenAtArm>
		<MenAtArm type="pikemen_unit" key="gon_spear_infantry"></MenAtArm>
		<MenAtArm type="bowmen" key="gon_archers"></MenAtArm>
		<MenAtArm type="crossbowmen" key="los_archer"></MenAtArm>
		<MenAtArm type="light_horsemen" key="gon_princes_sergeants"></MenAtArm>
		<MenAtArm type="armored_horsemen" key="gon_cavalry"></MenAtArm>
		<MenAtArm type="house_guard" key="gon_fountain_guard"></MenAtArm>
		
		<MenAtArm type="horse_archers" key="hor_horsearcher"></MenAtArm>
      
		<MenAtArm type="accolade_maa_archers" key="gon_ithilien_rangers"></MenAtArm>
		<MenAtArm type="accolade_maa_crossbowmen" key="los_archer"></MenAtArm>
		<MenAtArm type="accolade_maa_lancers" key="gon_silver_swan_knights"></MenAtArm>
		<MenAtArm type="accolade_maa_outriders" key="hor_horsearcher"></MenAtArm>
		<MenAtArm type="accolade_maa_pikes" key="gon_fountain_guard"></MenAtArm>
		<MenAtArm type="accolade_maa_skirmishers" key="gon_lebennin_marines"></MenAtArm>
		<MenAtArm type="accolade_maa_vanguard" key="gon_lossarnach_warriors"></MenAtArm>	
	</Faction>
	
	<Faction name="Dol Amroth">
		<General key="gon_imrahil"></General>
		<Knights key="gon_silver_swan_knights"></Knights>
		
		<Levies porcentage="55" key="dol_levyspear"></Levies>
		<Levies porcentage="35" key="dol_levysword"></Levies>
		<Levies porcentage="10" key="dol_skirm"></Levies>
		
		<MenAtArm type="light_footmen" key="dol_heavysword"></MenAtArm>
		<MenAtArm type="armored_footmen" key="dol_swansword"></MenAtArm>
		<MenAtArm type="pikemen_unit" key="dol_heavyspear"></MenAtArm>
		<MenAtArm type="bowmen" key="dol_marinearcher"></MenAtArm>
		<MenAtArm type="crossbowmen" key="dol_heavyarcher"></MenAtArm>
		<MenAtArm type="light_horsemen" key="dol_sergeantcav"></MenAtArm>
		<MenAtArm type="armored_horsemen" key="dol_cav"></MenAtArm>
		<MenAtArm type="house_guard" key="dol_swanspear"></MenAtArm>
		
		<MenAtArm type="horse_archers" key="hor_horsearcher"></MenAtArm>       
                
		<MenAtArm type="accolade_maa_archers" key="gon_ithilien_rangers"></MenAtArm>
		<MenAtArm type="accolade_maa_crossbowmen" key="los_archer"></MenAtArm>
		<MenAtArm type="accolade_maa_lancers" key="gon_silver_swan_knights"></MenAtArm>
		<MenAtArm type="accolade_maa_outriders" key="hor_horsearcher"></MenAtArm>
		<MenAtArm type="accolade_maa_pikes" key="dol_swanpike"></MenAtArm>
		<MenAtArm type="accolade_maa_skirmishers" key="dol_marineskirm"></MenAtArm>
		<MenAtArm type="accolade_maa_vanguard" key="dol_wardens"></MenAtArm>		
	</Faction>
	
	<Faction name="Anorien">
		<General key="stan_citadel"></General>
		<Knights key="stan_cav"></Knights>
		
		<Levies porcentage="55" key="stan_levyspear"></Levies>
		<Levies porcentage="35" key="stan_levysword"></Levies>
		<Levies porcentage="10" key="gon_bow_militia"></Levies>
		
		<MenAtArm type="light_footmen" key="stan_mediumsword"></MenAtArm>
		<MenAtArm type="armored_footmen" key="stan_heavysword"></MenAtArm>
		<MenAtArm type="pikemen_unit" key="stan_heavyspear"></MenAtArm>
		<MenAtArm type="bowmen" key="stan_mediumarcher"></MenAtArm>
		<MenAtArm type="crossbowmen" key="los_archer"></MenAtArm>
		<MenAtArm type="light_horsemen" key="stan_sergeantcav"></MenAtArm>
		<MenAtArm type="armored_horsemen" key="stan_cav"></MenAtArm>
		<MenAtArm type="house_guard" key="gon_fountain_guard"></MenAtArm>
		
		<MenAtArm type="horse_archers" key="hor_horsearcher"></MenAtArm>
                
		<MenAtArm type="accolade_maa_archers" key="stan_ranger"></MenAtArm>
		<MenAtArm type="accolade_maa_crossbowmen" key="los_archer"></MenAtArm>
		<MenAtArm type="accolade_maa_lancers" key="gon_silver_swan_knights"></MenAtArm>
		<MenAtArm type="accolade_maa_outriders" key="hor_horsearcher"></MenAtArm>
		<MenAtArm type="accolade_maa_pikes" key="stan_veteranspear"></MenAtArm>
		<MenAtArm type="accolade_maa_skirmishers" key="stan_skirm"></MenAtArm>
		<MenAtArm type="accolade_maa_vanguard" key="stan_mace"></MenAtArm>		
	</Faction>
	
	<Faction name="Harondor">
		<General key="hor_guardsword"></General> 
		<Knights key="hor_heavycav"></Knights>
		
		<Levies porcentage="55" key="hor_levyspear"></Levies>
		<Levies porcentage="35" key="hor_levysword"></Levies>
		<Levies porcentage="10" key="hor_skirm"></Levies>
		
		<MenAtArm type="light_footmen" key="hor_mediumsword"></MenAtArm>
		<MenAtArm type="armored_footmen" key="hor_heavysword"></MenAtArm>
		<MenAtArm type="pikemen_unit" key="hor_heavyspear"></MenAtArm>
		<MenAtArm type="bowmen" key="hor_archer"></MenAtArm>
		<MenAtArm type="crossbowmen" key="los_archer"></MenAtArm>
		<MenAtArm type="light_horsemen" key="gon_princes_sergeants"></MenAtArm>
		<MenAtArm type="armored_horsemen" key="hor_cav"></MenAtArm>
		<MenAtArm type="house_guard" key="gon_fountain_guard"></MenAtArm>
		
		<MenAtArm type="gondorian_footmen" key="hor_heavysword"></MenAtArm>
		<MenAtArm type="horse_archers" key="hor_horsearcher"></MenAtArm>
     
		<MenAtArm type="accolade_maa_archers" key="gon_ithilien_rangers"></MenAtArm>
		<MenAtArm type="accolade_maa_crossbowmen" key="los_archer"></MenAtArm>
		<MenAtArm type="accolade_maa_lancers" key="gon_silver_swan_knights"></MenAtArm>
		<MenAtArm type="accolade_maa_outriders" key="hor_horsearcher"></MenAtArm>
		<MenAtArm type="accolade_maa_pikes" key="gon_fountain_guard"></MenAtArm>
		<MenAtArm type="accolade_maa_skirmishers" key="gon_lebennin_marines"></MenAtArm>
		<MenAtArm type="accolade_maa_vanguard" key="gon_lossarnach_warriors"></MenAtArm>		
	</Faction>
	
	<Faction name="Anfalas">
		<General key="anf_golasgil"></General>
		<Knights key="anf_marshals"></Knights>
		
		<Levies porcentage="55" key="anf_levyspear"></Levies>
		<Levies porcentage="35" key="anf_levysword"></Levies>
		<Levies porcentage="10" key="anf_archer"></Levies>
		
		<MenAtArm type="light_footmen" key="anf_mediumsword"></MenAtArm>
		<MenAtArm type="armored_footmen" key="anf_heavysword"></MenAtArm>
		<MenAtArm type="pikemen_unit" key="anf_heavyspear"></MenAtArm>
		<MenAtArm type="bowmen" key="gon_archers"></MenAtArm>
		<MenAtArm type="crossbowmen" key="los_archer"></MenAtArm>
		<MenAtArm type="light_horsemen" key="anf_marshals"></MenAtArm>
		<MenAtArm type="armored_horsemen" key="gon_cavalry"></MenAtArm>
		<MenAtArm type="house_guard" key="gon_fountain_guard"></MenAtArm>
		
		<MenAtArm type="gondorian_footmen" key="anf_heavysword"></MenAtArm>
		<MenAtArm type="horse_archers" key="hor_horsearcher"></MenAtArm>
   
		<MenAtArm type="accolade_maa_archers" key="gon_ithilien_rangers"></MenAtArm>
		<MenAtArm type="accolade_maa_crossbowmen" key="los_archer"></MenAtArm>
		<MenAtArm type="accolade_maa_lancers" key="gon_silver_swan_knights"></MenAtArm>
		<MenAtArm type="accolade_maa_outriders" key="hor_horsearcher"></MenAtArm>
		<MenAtArm type="accolade_maa_pikes" key="gon_fountain_guard"></MenAtArm>
		<MenAtArm type="accolade_maa_skirmishers" key="gon_lebennin_marines"></MenAtArm>
		<MenAtArm type="accolade_maa_vanguard" key="gon_lossarnach_warriors"></MenAtArm>		
	</Faction>
	
	<Faction name="Lamedon">
		<General key="lam_angbor"></General>
		<Knights key="lam_cav"></Knights>
		
		<Levies porcentage="55" key="lam_levyspear"></Levies>
		<Levies porcentage="35" key="lam_levysword"></Levies>
		<Levies porcentage="10" key="lam_skirm"></Levies>
		
		<MenAtArm type="light_footmen" key="lam_mediumsword"></MenAtArm>
		<MenAtArm type="armored_footmen" key="lam_heavysword"></MenAtArm>
		<MenAtArm type="pikemen_unit" key="lam_heavyspear"></MenAtArm>
		<MenAtArm type="bowmen" key="lam_archer"></MenAtArm>
		<MenAtArm type="crossbowmen" key="los_archer"></MenAtArm>
		<MenAtArm type="light_horsemen" key="gon_princes_sergeants"></MenAtArm>
		<MenAtArm type="armored_horsemen" key="lam_cav"></MenAtArm>
		<MenAtArm type="house_guard" key="gon_fountain_guard"></MenAtArm>
		
		<MenAtArm type="gondorian_footmen" key="lam_heavysword"></MenAtArm>
		<MenAtArm type="horse_archers" key="hor_horsearcher"></MenAtArm>
   
		<MenAtArm type="accolade_maa_archers" key="gon_ithilien_rangers"></MenAtArm>
		<MenAtArm type="accolade_maa_crossbowmen" key="los_archer"></MenAtArm>
		<MenAtArm type="accolade_maa_lancers" key="gon_silver_swan_knights"></MenAtArm>
		<MenAtArm type="accolade_maa_outriders" key="hor_horsearcher"></MenAtArm>
		<MenAtArm type="accolade_maa_pikes" key="lam_guardspear"></MenAtArm>
		<MenAtArm type="accolade_maa_skirmishers" key="gon_lebennin_marines"></MenAtArm>
		<MenAtArm type="accolade_maa_vanguard" key="lam_guardsword"></MenAtArm>		
	</Faction>
	
	<Faction name="Pinnath Gelin">
		<General key="pin_hirluin"></General>
		<Knights key="pin_cav"></Knights>
		
		<Levies porcentage="55" key="pin_levyspear"></Levies>
		<Levies porcentage="35" key="pin_levysword"></Levies>
		<Levies porcentage="10" key="pin_skirm"></Levies> 
		
		<MenAtArm type="light_footmen" key="pin_mediumsword"></MenAtArm>
		<MenAtArm type="armored_footmen" key="pin_heavysword"></MenAtArm>
		<MenAtArm type="pikemen_unit" key="pin_heavyspear"></MenAtArm>
		<MenAtArm type="bowmen" key="pin_archer"></MenAtArm>
		<MenAtArm type="crossbowmen" key="los_archer"></MenAtArm>
		<MenAtArm type="light_horsemen" key="gon_princes_sergeants"></MenAtArm>
		<MenAtArm type="armored_horsemen" key="pin_cav"></MenAtArm>
		<MenAtArm type="house_guard" key="gon_fountain_guard"></MenAtArm>
		
		<MenAtArm type="gondorian_footmen" key="pin_heavysword"></MenAtArm>
		<MenAtArm type="horse_archers" key="hor_horsearcher"></MenAtArm>

		<MenAtArm type="accolade_maa_archers" key="gon_ithilien_rangers"></MenAtArm>
		<MenAtArm type="accolade_maa_crossbowmen" key="los_archer"></MenAtArm>
		<MenAtArm type="accolade_maa_lancers" key="gon_silver_swan_knights"></MenAtArm>
		<MenAtArm type="accolade_maa_outriders" key="hor_horsearcher"></MenAtArm>
		<MenAtArm type="accolade_maa_pikes" key="gon_fountain_guard"></MenAtArm>
		<MenAtArm type="accolade_maa_skirmishers" key="gon_lebennin_marines"></MenAtArm>
		<MenAtArm type="accolade_maa_vanguard" key="gon_lossarnach_warriors"></MenAtArm>		
	</Faction>
	
	<Faction name="Blackroot Vale">
		<General key="brv_heavyarcher"></General>
		<Knights key="gon_cavalry"></Knights>
		
		<Levies porcentage="55" key="brv_mediumspear"></Levies>
		<Levies porcentage="35" key="brv_levysword"></Levies>
		<Levies porcentage="10" key="brv_skirm"></Levies> 
		
		<MenAtArm type="light_footmen" key="brv_mediumsword"></MenAtArm>
		<MenAtArm type="armored_footmen" key="gon_sword_infantry"></MenAtArm>
		<MenAtArm type="pikemen_unit" key="gon_spear_infantry"></MenAtArm>
		<MenAtArm type="bowmen" key="brv_duinhir"></MenAtArm>
		<MenAtArm type="crossbowmen" key="los_archer"></MenAtArm>
		<MenAtArm type="light_horsemen" key="gon_princes_sergeants"></MenAtArm>
		<MenAtArm type="armored_horsemen" key="gon_cavalry"></MenAtArm>
		<MenAtArm type="house_guard" key="gon_fountain_guard"></MenAtArm>
		
		<MenAtArm type="gondorian_footmen" key="gon_sword_infantry"></MenAtArm>
		<MenAtArm type="horse_archers" key="hor_horsearcher"></MenAtArm>
      
		<MenAtArm type="accolade_maa_archers" key="gon_ithilien_rangers"></MenAtArm>
		<MenAtArm type="accolade_maa_crossbowmen" key="los_archer"></MenAtArm>
		<MenAtArm type="accolade_maa_lancers" key="gon_silver_swan_knights"></MenAtArm>
		<MenAtArm type="accolade_maa_outriders" key="hor_horsearcher"></MenAtArm>
		<MenAtArm type="accolade_maa_pikes" key="gon_fountain_guard"></MenAtArm>
		<MenAtArm type="accolade_maa_skirmishers" key="gon_lebennin_marines"></MenAtArm>
		<MenAtArm type="accolade_maa_vanguard" key="gon_lossarnach_warriors"></MenAtArm>		
	</Faction>
	
	<Faction name="Lebennin">
		<General key="leb_guardsword"></General>
		<Knights key="leb_retainercav"></Knights>
		
		<Levies porcentage="55" key="leb_levyspear"></Levies>
		<Levies porcentage="35" key="leb_levysword"></Levies>
		<Levies porcentage="10" key="leb_marineskirm"></Levies>
		
		<MenAtArm type="light_footmen" key="leb_mediumsword"></MenAtArm>
		<MenAtArm type="armored_footmen" key="leb_heavysword"></MenAtArm>
		<MenAtArm type="pikemen_unit" key="leb_heavyspear"></MenAtArm>
		<MenAtArm type="bowmen" key="leb_marinearcher"></MenAtArm>
		<MenAtArm type="crossbowmen" key="leb_archer"></MenAtArm>
		<MenAtArm type="light_horsemen" key="leb_mediumcav"></MenAtArm>
		<MenAtArm type="armored_horsemen" key="leb_retainercav"></MenAtArm>
		<MenAtArm type="house_guard" key="gon_fountain_guard"></MenAtArm>
		
		<MenAtArm type="gondorian_footmen" key="leb_heavysword"></MenAtArm>
		<MenAtArm type="horse_archers" key="hor_horsearcher"></MenAtArm>

		<MenAtArm type="accolade_maa_archers" key="gon_ithilien_rangers"></MenAtArm>
		<MenAtArm type="accolade_maa_crossbowmen" key="los_archer"></MenAtArm>
		<MenAtArm type="accolade_maa_lancers" key="gon_silver_swan_knights"></MenAtArm>
		<MenAtArm type="accolade_maa_outriders" key="hor_horsearcher"></MenAtArm>
		<MenAtArm type="accolade_maa_pikes" key="gon_fountain_guard"></MenAtArm>
		<MenAtArm type="accolade_maa_skirmishers" key="gon_lebennin_marines"></MenAtArm>
		<MenAtArm type="accolade_maa_vanguard" key="gon_lossarnach_warriors"></MenAtArm>	
	</Faction>
	
	<Faction name="Lossarnach">
		<General key="los_forlong"></General>
		<Knights key="los_flowercav"></Knights>
		
		<Levies porcentage="55" key="los_levyspear"></Levies>
		<Levies porcentage="35" key="los_skirm"></Levies>
		<Levies porcentage="10" key="los_bowmen"></Levies>
		
		<MenAtArm type="light_footmen" key="los_poleaxe"></MenAtArm>
		<MenAtArm type="armored_footmen" key="los_lords"></MenAtArm>
		<MenAtArm type="pikemen_unit" key="los_spears"></MenAtArm>
		<MenAtArm type="bowmen" key="los_refugearcher"></MenAtArm>   
		<MenAtArm type="crossbowmen" key="los_archer"></MenAtArm>
		<MenAtArm type="light_horsemen" key="los_axecav"></MenAtArm>
		<MenAtArm type="armored_horsemen" key="los_flowercav"></MenAtArm>
		<MenAtArm type="house_guard" key="gon_fountain_guard"></MenAtArm>
		
		<MenAtArm type="gondorian_footmen" key="los_swords"></MenAtArm>
		<MenAtArm type="horse_archers" key="hor_horsearcher"></MenAtArm> 

		<MenAtArm type="accolade_maa_archers" key="los_refugearcher"></MenAtArm>
		<MenAtArm type="accolade_maa_crossbowmen" key="los_archer"></MenAtArm>
		<MenAtArm type="accolade_maa_lancers" key="gon_silver_swan_knights"></MenAtArm>
		<MenAtArm type="accolade_maa_outriders" key="hor_horsearcher"></MenAtArm>
		<MenAtArm type="accolade_maa_pikes" key="los_pike"></MenAtArm>
		<MenAtArm type="accolade_maa_skirmishers" key="los_axethrowers"></MenAtArm>
		<MenAtArm type="accolade_maa_vanguard" key="los_heavyaxe"></MenAtArm>	
	</Faction>
	
	<Faction name="Ringló Vale">
		<General key="rv_sentinalsword"></General> 
		<Knights key="rv_cav"></Knights>
		
		<Levies porcentage="55" key="rv_levyspear"></Levies>
		<Levies porcentage="35" key="rv_levysword"></Levies>
		<Levies porcentage="10" key="rv_skirm"></Levies>
		
		<MenAtArm type="light_footmen" key="rv_mediumsword"></MenAtArm>
		<MenAtArm type="armored_footmen" key="rv_heavysword"></MenAtArm>
		<MenAtArm type="pikemen_unit" key="brv_guardians"></MenAtArm>
		<MenAtArm type="bowmen" key="rv_archer"></MenAtArm>
		<MenAtArm type="crossbowmen" key="los_archer"></MenAtArm>
		<MenAtArm type="light_horsemen" key="gon_princes_sergeants"></MenAtArm>
		<MenAtArm type="armored_horsemen" key="rv_cav"></MenAtArm>
		<MenAtArm type="house_guard" key="gon_fountain_guard"></MenAtArm>
		
		<MenAtArm type="gondorian_footmen" key="rv_heavysword"></MenAtArm>
		<MenAtArm type="horse_archers" key="hor_horsearcher"></MenAtArm>

		<MenAtArm type="accolade_maa_archers" key="brv_heavyarcher"></MenAtArm>
		<MenAtArm type="accolade_maa_crossbowmen" key="los_archer"></MenAtArm>
		<MenAtArm type="accolade_maa_lancers" key="gon_silver_swan_knights"></MenAtArm>
		<MenAtArm type="accolade_maa_outriders" key="hor_horsearcher"></MenAtArm>
		<MenAtArm type="accolade_maa_pikes" key="brv_guardians"></MenAtArm>
		<MenAtArm type="accolade_maa_skirmishers" key="gon_lebennin_marines"></MenAtArm>
		<MenAtArm type="accolade_maa_vanguard" key="rv_sentinalsword"></MenAtArm>	
	</Faction>
	
	<Faction name="Rohan">
		<General key="roh_household_knights"></General>
		<Knights key="roh_eorling_knights"></Knights>
		
		<Levies porcentage="55" key="roh_mustered_spears"></Levies>
		<Levies porcentage="35" key="roh_mustered_axes"></Levies>
		<Levies porcentage="10" key="roh_mustered_archers"></Levies> 
		
		<MenAtArm type="light_footmen" key="roh_sword_theigns"></MenAtArm>
		<MenAtArm type="armored_footmen" key="roh_eorling_retainers"></MenAtArm>
		<MenAtArm type="pikemen_unit" key="roh_eorling_men_at_arms"></MenAtArm>
		<MenAtArm type="bowmen" key="roh_yeomen_of_the_mark"></MenAtArm>
		<MenAtArm type="crossbowmen" key="roh_yeomen_of_the_mark"></MenAtArm>
		<MenAtArm type="light_horsemen" key="roh_esquires_of_rohan"></MenAtArm>
		<MenAtArm type="armored_horsemen" key="roh_eored_king_mark"></MenAtArm>
		<MenAtArm type="house_guard" key="roh_meduseld_guard"></MenAtArm>
		
		<MenAtArm type="horse_archers" key="roh_eored_gap"></MenAtArm>

		<MenAtArm type="accolade_maa_archers" key="roh_helmingas"></MenAtArm>
		<MenAtArm type="accolade_maa_crossbowmen" key="roh_yeomen_of_the_mark"></MenAtArm>
		<MenAtArm type="accolade_maa_lancers" key="roh_riders_of_rohan"></MenAtArm>
		<MenAtArm type="accolade_maa_outriders" key="roh_eored_gap"></MenAtArm>
		<MenAtArm type="accolade_maa_pikes" key="roh_meduseld_guard"></MenAtArm>
		<MenAtArm type="accolade_maa_skirmishers" key="roh_rohan_skirmishers"></MenAtArm>
		<MenAtArm type="accolade_maa_vanguard" key="roh_axe_theigns"></MenAtArm>		
	</Faction>

<Faction name="Mordor">
		<General key="mor_the_nine"></General>
		<Knights key="mor_servants_of_the_eyes"></Knights>
		
		<Levies porcentage="55" key="mor_orc_rabble"></Levies>
		<Levies porcentage="35" key="mor_orc_warband"></Levies>
		<Levies porcentage="10" key="mor_orc_rabble_bowmen"></Levies>   

        <MenAtArm type="light_footmen" key="mor_orc_warriors"></MenAtArm>
		<MenAtArm type="armored_footmen" key="mor_uruk_throng"></MenAtArm>
		<MenAtArm type="pikemen_unit" key="mor_orc_spears"></MenAtArm>
		<MenAtArm type="bowmen" key="mor_uruk_archers"></MenAtArm>
		<MenAtArm type="crossbowmen" key="gob_scavenged_crossbows"></MenAtArm>
		<MenAtArm type="light_horsemen" key="gun_warg_scouts"></MenAtArm>
		<MenAtArm type="armored_horsemen" key="mor_servants_of_the_eyes"></MenAtArm>
        <MenAtArm type="house_guard" key="mor_guards_of_the_teeth"></MenAtArm>

        <MenAtArm type="horse_archers" key="ise_dunland_horse_raider"></MenAtArm>	
         
		<MenAtArm type="accolade_maa_archers" key="mor_uruk_archers"></MenAtArm>
		<MenAtArm type="accolade_maa_crossbowmen" key="gob_scavenged_crossbows"></MenAtArm>
		<MenAtArm type="accolade_maa_lancers" key="mor_nazgul"></MenAtArm>
		<MenAtArm type="accolade_maa_outriders" key="mor_servants_of_the_eyes"></MenAtArm>
		<MenAtArm type="accolade_maa_pikes" key="mor_guards_of_the_teeth"></MenAtArm>
		<MenAtArm type="accolade_maa_skirmishers" key="mor_uruk_archers"></MenAtArm>
		<MenAtArm type="accolade_maa_vanguard" key="mor_orc_pillagers"></MenAtArm>		
	</Faction>
	
	<Faction name="Witch King">
		<General key="mor_witchking"></General>
		<Knights key="mor_servants_of_the_eyes"></Knights>
		
		<Levies porcentage="55" key="mor_orc_rabble"></Levies>
		<Levies porcentage="35" key="mor_orc_warband"></Levies>
		<Levies porcentage="10" key="mor_orc_rabble_bowmen"></Levies> 

        <MenAtArm type="light_footmen" key="mor_orc_warriors"></MenAtArm>
		<MenAtArm type="armored_footmen" key="mor_uruk_throng"></MenAtArm>
		<MenAtArm type="pikemen_unit" key="mor_orc_spears"></MenAtArm>
		<MenAtArm type="bowmen" key="mor_uruk_archers"></MenAtArm>
		<MenAtArm type="crossbowmen" key="ise_uruk_hai_crossbowmen"></MenAtArm>
		<MenAtArm type="light_horsemen" key="gun_warg_riders"></MenAtArm>
		<MenAtArm type="armored_horsemen" key="gun_warg_scouts"></MenAtArm>
        <MenAtArm type="house_guard" key="mor_guards_of_the_teeth"></MenAtArm>
		
        <MenAtArm type="horse_archers" key="ise_dunland_horse_raider"></MenAtArm>	
        
		<MenAtArm type="accolade_maa_archers" key="mor_uruk_archers"></MenAtArm>
		<MenAtArm type="accolade_maa_crossbowmen" key="gob_scavenged_crossbows"></MenAtArm>
		<MenAtArm type="accolade_maa_lancers" key="mor_nazgul"></MenAtArm>
		<MenAtArm type="accolade_maa_outriders" key="mor_servants_of_the_eyes"></MenAtArm>
		<MenAtArm type="accolade_maa_pikes" key="mor_guards_of_the_teeth"></MenAtArm>
		<MenAtArm type="accolade_maa_skirmishers" key="mor_uruk_archers"></MenAtArm>
		<MenAtArm type="accolade_maa_vanguard" key="mor_orc_pillagers"></MenAtArm>		
	</Faction>
	
	<Faction name="Orc">
		<General key="mor_othrod"></General>
		<Knights key="mor_uruk_bodyguards"></Knights>
		
		<Levies porcentage="55" key="mor_orc_rabble"></Levies>
		<Levies porcentage="35" key="mor_orc_warband"></Levies>
		<Levies porcentage="10" key="mor_orc_rabble_bowmen"></Levies>   

        <MenAtArm type="light_footmen" key="mor_orc_warriors"></MenAtArm>
		<MenAtArm type="armored_footmen" key="mor_uruk_throng"></MenAtArm>
		<MenAtArm type="pikemen_unit" key="mor_orc_spears"></MenAtArm>
		<MenAtArm type="bowmen" key="mor_uruk_archers"></MenAtArm>
		<MenAtArm type="crossbowmen" key="gob_scavenged_crossbows"></MenAtArm>
		<MenAtArm type="light_horsemen" key="gun_warg_riders"></MenAtArm>
		<MenAtArm type="armored_horsemen" key="gun_warg_scouts"></MenAtArm>
        <MenAtArm type="house_guard" key="mor_guards_of_the_teeth"></MenAtArm>
		
        <MenAtArm type="horse_archers" key="ise_dunland_horse_raider"></MenAtArm>	
      
		<MenAtArm type="accolade_maa_archers" key="mor_uruk_archers"></MenAtArm>
		<MenAtArm type="accolade_maa_crossbowmen" key="gob_scavenged_crossbows"></MenAtArm>
		<MenAtArm type="accolade_maa_lancers" key="mor_servants_of_the_eyes "></MenAtArm>
		<MenAtArm type="accolade_maa_outriders" key="mor_servants_of_the_eyes"></MenAtArm>
		<MenAtArm type="accolade_maa_pikes" key="mor_guards_of_the_teeth"></MenAtArm>
		<MenAtArm type="accolade_maa_skirmishers" key="mor_uruk_archers"></MenAtArm>
		<MenAtArm type="accolade_maa_vanguard" key="mor_morgul_raiders"></MenAtArm>		
	</Faction>
	
	<Faction name="Dol Guldur">
		<General key="dg_servants_of_the_eyes"></General>
		<Knights key="dg_chieftain"></Knights>
		
		<Levies porcentage="55" key="dg_phantoms"></Levies>
		<Levies porcentage="35" key="mor_orc_warband"></Levies>
		<Levies porcentage="10" key="dg_mirkwood_trackers"></Levies> 
		
		<MenAtArm type="light_footmen" key="dg_guldur_blades"></MenAtArm>
		<MenAtArm type="armored_footmen" key="dg_chieftain"></MenAtArm>
		<MenAtArm type="pikemen_unit" key="dg_guldur_pikes"></MenAtArm>
		<MenAtArm type="bowmen" key="dg_mirkwood_raiders"></MenAtArm>
		<MenAtArm type="crossbowmen" key="gob_scavenged_crossbows"></MenAtArm>
		<MenAtArm type="light_horsemen" key="gun_warg_riders"></MenAtArm>
		<MenAtArm type="armored_horsemen" key="gun_warg_scouts"></MenAtArm>
		<MenAtArm type="house_guard" key="dg_guldur_pikes"></MenAtArm>
		
		<MenAtArm type="horse_archers" key="ise_dunland_horse_raider"></MenAtArm> 

		<MenAtArm type="accolade_maa_archers" key="ise_uruk_hai_crossbowmen"></MenAtArm>
		<MenAtArm type="accolade_maa_crossbowmen" key="gob_scavenged_crossbows"></MenAtArm>
		<MenAtArm type="accolade_maa_lancers" key="dg_servants_of_the_eyes"></MenAtArm>
		<MenAtArm type="accolade_maa_outriders" key="ise_dunland_horse_raider"></MenAtArm>
		<MenAtArm type="accolade_maa_pikes" key="dg_guldur_pikes"></MenAtArm>
		<MenAtArm type="accolade_maa_skirmishers" key="dg_mirkwood_raiders"></MenAtArm>
		<MenAtArm type="accolade_maa_vanguard" key="ere_axe_warriors"></MenAtArm>		
	</Faction>
	
	<Faction name="Khamûl">
		<General key="dg_khamul"></General>
		<Knights key="dg_servants_of_the_eyes"></Knights>
		
		<Levies porcentage="55" key="dg_phantoms"></Levies>
		<Levies porcentage="35" key="mor_orc_warband"></Levies>
		<Levies porcentage="10" key="dg_mirkwood_trackers"></Levies> 
		
		<MenAtArm type="light_footmen" key="dg_guldur_blades"></MenAtArm>
		<MenAtArm type="armored_footmen" key="dg_chieftain"></MenAtArm>
		<MenAtArm type="pikemen_unit" key="dg_guldur_pikes"></MenAtArm>
		<MenAtArm type="bowmen" key="dg_mirkwood_raiders"></MenAtArm>
		<MenAtArm type="crossbowmen" key="ise_uruk_hai_crossbowmen"></MenAtArm>
		<MenAtArm type="light_horsemen" key="gun_warg_riders"></MenAtArm>
		<MenAtArm type="armored_horsemen" key="gun_warg_scouts"></MenAtArm>
		<MenAtArm type="house_guard" key="dg_guldur_pikes"></MenAtArm>
		
		<MenAtArm type="horse_archers" key="ise_dunland_horse_raider"></MenAtArm> 

		<MenAtArm type="accolade_maa_archers" key="ise_uruk_hai_crossbowmen"></MenAtArm>
		<MenAtArm type="accolade_maa_crossbowmen" key="gob_scavenged_crossbows"></MenAtArm>
		<MenAtArm type="accolade_maa_lancers" key="dg_servants_of_the_eyes"></MenAtArm>
		<MenAtArm type="accolade_maa_outriders" key="ise_dunland_horse_raider"></MenAtArm>
		<MenAtArm type="accolade_maa_pikes" key="dg_guldur_pikes"></MenAtArm>
		<MenAtArm type="accolade_maa_skirmishers" key="dg_mirkwood_raiders"></MenAtArm>
		<MenAtArm type="accolade_maa_vanguard" key="ere_axe_warriors"></MenAtArm>		
	</Faction>
	
	<Faction name="Isengard">
		<General key="ise_lurtz"></General>
		<Knights key="ise_white_hand_stormer"></Knights>
		
		<Levies porcentage="55" key="ise_mordor_rabble"></Levies>
		<Levies porcentage="35" key="ise_goblinmen_ruffians"></Levies>
		<Levies porcentage="10" key="ise_goblinmen_bows"></Levies> 
		
		<MenAtArm type="light_footmen" key="ise_uruk_hai_raiders"></MenAtArm>
		<MenAtArm type="armored_footmen" key="ise_uruk_hai_infantry"></MenAtArm>
		<MenAtArm type="pikemen_unit" key="ise_uruk_hai_pikemen"></MenAtArm>
		<MenAtArm type="bowmen" key="ise_uruk_hai_archers"></MenAtArm>
		<MenAtArm type="crossbowmen" key="ise_uruk_hai_crossbowmen"></MenAtArm>
		<MenAtArm type="light_horsemen" key="ise_warg_riders"></MenAtArm>
		<MenAtArm type="armored_horsemen" key="gun_warg_scouts"></MenAtArm>
		<MenAtArm type="house_guard" key="ise_white_hand_stormer"></MenAtArm>
		
		<MenAtArm type="horse_archers" key="ise_dunland_horse_raider"></MenAtArm>

		<MenAtArm type="accolade_maa_archers" key="ise_uruk_hai_archers"></MenAtArm>
		<MenAtArm type="accolade_maa_crossbowmen" key="ise_uruk_hai_crossbowmen"></MenAtArm>
		<MenAtArm type="accolade_maa_lancers" key="mor_servants_of_the_eyes"></MenAtArm>
		<MenAtArm type="accolade_maa_outriders" key="mor_servants_of_the_eyes"></MenAtArm>
		<MenAtArm type="accolade_maa_pikes" key="ise_uruk_hai_pikemen"></MenAtArm>
		<MenAtArm type="accolade_maa_skirmishers" key="ise_dunland_horse_raider"></MenAtArm>
		<MenAtArm type="accolade_maa_vanguard" key="ise_berserker"></MenAtArm>		
	</Faction>
	
	<Faction name="Isengard Good">
		<General key="dun_champions"></General>
		<Knights key="dun_champions"></Knights>
		
		<Levies porcentage="55" key="dun_tribal_levies"></Levies>
		<Levies porcentage="35" key="dun_tribal_warriors"></Levies>
		<Levies porcentage="10" key="dun_tribal_hunters"></Levies> 
		
		<MenAtArm type="light_footmen" key="dun_bloodsworn"></MenAtArm>
		<MenAtArm type="armored_footmen" key="dun_swordmen"></MenAtArm>
		<MenAtArm type="pikemen_unit" key="dun_elder_spears"></MenAtArm>
		<MenAtArm type="bowmen" key="dun_elder_bows"></MenAtArm>
		<MenAtArm type="crossbowmen" key="dun_rangers"></MenAtArm>
		<MenAtArm type="light_horsemen" key="dun_pillagers"></MenAtArm>
		<MenAtArm type="armored_horsemen" key="dun_champions"></MenAtArm>
		<MenAtArm type="house_guard" key="dun_elder_spears"></MenAtArm>
		
		<MenAtArm type="horse_archers" key="dun_horsed_raiders"></MenAtArm>
     
		<MenAtArm type="accolade_maa_archers" key="dun_rangers"></MenAtArm>
		<MenAtArm type="accolade_maa_crossbowmen" key="dun_rangers"></MenAtArm>
		<MenAtArm type="accolade_maa_lancers" key="dun_champions"></MenAtArm>
		<MenAtArm type="accolade_maa_outriders" key="dun_horsed_raiders"></MenAtArm>
		<MenAtArm type="accolade_maa_pikes" key="dun_elder_spears"></MenAtArm>
		<MenAtArm type="accolade_maa_skirmishers" key="dun_tribal_youth"></MenAtArm>
		<MenAtArm type="accolade_maa_vanguard" key="dun_blood_avengers"></MenAtArm>		
	</Faction>
	
	<Faction name="Gundabad">
		<General key="tomb_gundabad_warlord"></General>
		<Knights key="tomb_gundabad_citadel"></Knights>
		
		<Levies porcentage="55" key="tomb_gundabad_warband"></Levies>
		<Levies porcentage="35" key="tomb_gundabad_goblins"></Levies>
		<Levies porcentage="10" key="tomb_gundabad_tunnel_slaves"></Levies>   

        <MenAtArm type="light_footmen" key="tomb_gundabad_marauders"></MenAtArm>
		<MenAtArm type="armored_footmen" key="tomb_gundabad_blades"></MenAtArm>
		<MenAtArm type="pikemen_unit" key="tomb_gundabad_halberd"></MenAtArm>
		<MenAtArm type="bowmen" key="tomb_gundabad_night_hunters"></MenAtArm>
		<MenAtArm type="crossbowmen" key="gob_scavenged_crossbows"></MenAtArm>
		<MenAtArm type="light_horsemen" key="gun_warg_riders"></MenAtArm>
		<MenAtArm type="armored_horsemen" key="gun_warg_scouts"></MenAtArm>
        <MenAtArm type="house_guard" key="tomb_gundabad_citadel"></MenAtArm>
		
        <MenAtArm type="horse_archers" key="ise_dunland_horse_raider"></MenAtArm>	   
        <MenAtArm type="orc_archers" key="tomb_gundabad_night_hunters"></MenAtArm>
		<MenAtArm type="orc_rabble" key="tomb_gundabad_warband"></MenAtArm>
		<MenAtArm type="orc_trackers" key="gob_marauders"></MenAtArm>
		<MenAtArm type="orc_warriors" key="tomb_gundabad_blades"></MenAtArm>
		<MenAtArm type="orc_pikemen" key="tomb_gundabad_halberd"></MenAtArm>
	   
		<MenAtArm type="accolade_maa_archers" key="tomb_gundabad_traversers"></MenAtArm>
		<MenAtArm type="accolade_maa_crossbowmen" key="gob_scavenged_crossbows"></MenAtArm>
		<MenAtArm type="accolade_maa_lancers" key="mor_servants_of_the_eyes"></MenAtArm>
		<MenAtArm type="accolade_maa_outriders" key="ise_dunland_horse_raider"></MenAtArm>
		<MenAtArm type="accolade_maa_pikes" key="tomb_gundabad_citadel"></MenAtArm>
		<MenAtArm type="accolade_maa_skirmishers" key="tomb_gundabad_night_hunters"></MenAtArm>
		<MenAtArm type="accolade_maa_vanguard" key="tomb_gundabad_raiders"></MenAtArm>		
	</Faction>
	
	<Faction name="Goblins">
		<General key="gob_goblin_king"></General>
		<Knights key="gob_chieftan_guard"></Knights>
		
		<Levies porcentage="55" key="gob_goblin_warband"></Levies>
		<Levies porcentage="35" key="gob_goblin_light_inf"></Levies>
		<Levies porcentage="10" key="gob_mountain_pass_scout"></Levies> 
		
		<MenAtArm type="light_footmen" key="gob_goblin_blade_warriors"></MenAtArm>
		<MenAtArm type="armored_footmen" key="gob_goblin_bodyguards"></MenAtArm>
		<MenAtArm type="pikemen_unit" key="gob_goblin_spear_warriors"></MenAtArm>
		<MenAtArm type="bowmen" key="gob_goblin_heavy_archers"></MenAtArm>
		<MenAtArm type="crossbowmen" key="gob_scavenged_crossbows"></MenAtArm>
		<MenAtArm type="light_horsemen" key="gun_warg_scouts"></MenAtArm>
		<MenAtArm type="armored_horsemen" key="gun_warg_riders"></MenAtArm>
		<MenAtArm type="house_guard" key="gob_goblin_spear_warriors"></MenAtArm>
		
		<MenAtArm type="horse_archers" key="ise_dunland_horse_raider"></MenAtArm> 
		<MenAtArm type="orc_rabble" key="gob_goblin_light_inf"></MenAtArm>
		<MenAtArm type="orc_trackers" key="gob_goblin_blackshield_guard"></MenAtArm>
		<MenAtArm type="orc_warriors" key="gob_goblin_blade_warriors"></MenAtArm>
		<MenAtArm type="orc_archers" key="gob_goblin_heavy_archers"></MenAtArm>
		<MenAtArm type="orc_pikemen" key="gob_goblin_spear_warriors"></MenAtArm>

		<MenAtArm type="accolade_maa_archers" key="gob_scavenged_crossbows"></MenAtArm>
		<MenAtArm type="accolade_maa_crossbowmen" key="gob_scavenged_crossbows"></MenAtArm>
		<MenAtArm type="accolade_maa_lancers" key="dg_servants_of_the_eyes"></MenAtArm>
		<MenAtArm type="accolade_maa_outriders" key="ise_dunland_horse_raider"></MenAtArm>
		<MenAtArm type="accolade_maa_pikes" key="gob_goblin_spear_warriors"></MenAtArm>
		<MenAtArm type="accolade_maa_skirmishers" key="gob_snaga_javelin"></MenAtArm>
		<MenAtArm type="accolade_maa_vanguard" key="gob_night_raiders"></MenAtArm>		
	</Faction>
	
	<Faction name="Dunlending">
		<General key="dun_champions"></General>
		<Knights key="dun_pillagers"></Knights>
		
		<Levies porcentage="55" key="dun_tribal_levies"></Levies>
		<Levies porcentage="35" key="dun_tribal_warriors"></Levies>
		<Levies porcentage="10" key="dun_tribal_hunters"></Levies> 
		
		<MenAtArm type="light_footmen" key="dun_bloodsworn"></MenAtArm>
		<MenAtArm type="armored_footmen" key="dun_swordmen"></MenAtArm>
		<MenAtArm type="pikemen_unit" key="dun_elder_spears"></MenAtArm>
		<MenAtArm type="bowmen" key="dun_elder_bows"></MenAtArm>
		<MenAtArm type="crossbowmen" key="dun_rangers"></MenAtArm>
		<MenAtArm type="light_horsemen" key="dun_pillagers"></MenAtArm>
		<MenAtArm type="armored_horsemen" key="dun_champions"></MenAtArm>
		<MenAtArm type="house_guard" key="dun_elder_spears"></MenAtArm>
		
		<MenAtArm type="horse_archers" key="dun_horsed_raiders"></MenAtArm>
     
		<MenAtArm type="accolade_maa_archers" key="dun_rangers"></MenAtArm>
		<MenAtArm type="accolade_maa_crossbowmen" key="dun_rangers"></MenAtArm>
		<MenAtArm type="accolade_maa_lancers" key="dun_champions"></MenAtArm>
		<MenAtArm type="accolade_maa_outriders" key="dun_horsed_raiders"></MenAtArm>
		<MenAtArm type="accolade_maa_pikes" key="dun_elder_spears"></MenAtArm>
		<MenAtArm type="accolade_maa_skirmishers" key="dun_tribal_youth"></MenAtArm>
		<MenAtArm type="accolade_maa_vanguard" key="dun_blood_avengers"></MenAtArm>		
	</Faction>
	
	<Faction name="Haradrim">
		<General key="har_ar_belzagar"></General>
		<Knights key="har_serpent_guards"></Knights>
		
		<Levies porcentage="55" key="har_mahud_spearmen"></Levies>
		<Levies porcentage="35" key="har_mahud_clubmen"></Levies>
		<Levies porcentage="10" key="har_desert_bowmen"></Levies> 
		
		<MenAtArm type="light_footmen" key="har_serpent_warriors"></MenAtArm>
		<MenAtArm type="armored_footmen" key="har_umbar_ursurpers"></MenAtArm>
		<MenAtArm type="pikemen_unit" key="har_mahud_beasttamers"></MenAtArm>
		<MenAtArm type="bowmen" key="har_harad_archers"></MenAtArm>
		<MenAtArm type="crossbowmen" key="har_serpent_archers"></MenAtArm>
		<MenAtArm type="light_horsemen" key="har_harad_lancers"></MenAtArm>
		<MenAtArm type="armored_horsemen" key="har_harad_camel_riders"></MenAtArm>
		<MenAtArm type="house_guard" key="har_umbar_guards"></MenAtArm>
		
		<MenAtArm type="horse_archers" key="har_harad_horse_archers"></MenAtArm>
  
		<MenAtArm type="accolade_maa_archers" key="har_black_serpent"></MenAtArm>
		<MenAtArm type="accolade_maa_crossbowmen" key="har_black_serpent"></MenAtArm>
		<MenAtArm type="accolade_maa_lancers" key="har_mumakil"></MenAtArm>
		<MenAtArm type="accolade_maa_outriders" key="har_harad_horse_archers"></MenAtArm>
		<MenAtArm type="accolade_maa_pikes" key="har_umbar_guards"></MenAtArm>
		<MenAtArm type="accolade_maa_skirmishers" key="har_corsair_marines"></MenAtArm>
		<MenAtArm type="accolade_maa_vanguard" key="har_adunakhori"></MenAtArm>		
	</Faction>
	
	<Faction name="Easterlings">
		<General key="bal_bane_of_the_steppes"></General>
		<Knights key="bal_loke-rim_cataphracts"></Knights>
		
		<Levies porcentage="55" key="bal_clan_spearmen"></Levies>
		<Levies porcentage="35" key="bal_clan_axemen"></Levies>
		<Levies porcentage="10" key="bal_clan_huntsmen"></Levies> 
		
		<MenAtArm type="light_footmen" key="bal_khandish_sentries"></MenAtArm>
		<MenAtArm type="armored_footmen" key="bal_loke-rim_maceman"></MenAtArm>
		<MenAtArm type="pikemen_unit" key="bal_clan_guards"></MenAtArm>
		<MenAtArm type="bowmen" key="bal_loke-rim_archers"></MenAtArm>
		<MenAtArm type="crossbowmen" key="bal_loke-rim_archers"></MenAtArm>
		<MenAtArm type="light_horsemen" key="bal_clan_raiders"></MenAtArm>
		<MenAtArm type="armored_horsemen" key="bal_variag_lancers"></MenAtArm>
		<MenAtArm type="house_guard" key="bal_loke-rim_halberdiers"></MenAtArm>
		
		<MenAtArm type="horse_archers" key="bal_khandish_horse_archers"></MenAtArm> 

		<MenAtArm type="accolade_maa_archers" key="bal_variag_bowmen"></MenAtArm>
		<MenAtArm type="accolade_maa_crossbowmen" key="bal_loke-rim_archers"></MenAtArm>
		<MenAtArm type="accolade_maa_lancers" key="bal_wainrider_chiefs"></MenAtArm>
		<MenAtArm type="accolade_maa_outriders" key="bal_khandish_horse_archers"></MenAtArm>
		<MenAtArm type="accolade_maa_pikes" key="rim_halberdiers"></MenAtArm>
		<MenAtArm type="accolade_maa_skirmishers" key="bal_khandish_horse_archers"></MenAtArm>
		<MenAtArm type="accolade_maa_vanguard" key="bal_variag_warriors"></MenAtArm>		
	</Faction>
	
	<Faction name="Umbar">
		<General key="umb_bakulmagan"></General>
		<Knights key="umb_agannalo"></Knights>
		
		<Levies porcentage="55" key="har_desert_spears"></Levies>
		<Levies porcentage="35" key="umb_corsair_blades"></Levies>
		<Levies porcentage="10" key="umb_balik_bowmen"></Levies> 
		
		<MenAtArm type="light_footmen" key="umb_balik_axemen"></MenAtArm>
		<MenAtArm type="armored_footmen" key="umb_ar_pharazon_azgar"></MenAtArm>
		<MenAtArm type="pikemen_unit" key="umb_black_haven_sentries"></MenAtArm>
		<MenAtArm type="bowmen" key="umb_lb_corsair_archers"></MenAtArm>
		<MenAtArm type="crossbowmen" key="umb_black_haven_marksmen"></MenAtArm>
		<MenAtArm type="light_horsemen" key="umb_haradrim_auxillaries"></MenAtArm>
		<MenAtArm type="armored_horsemen" key="har_harad_camel_riders"></MenAtArm>
		<MenAtArm type="house_guard" key="umb_bakulmagan"></MenAtArm>
		
		<MenAtArm type="horse_archers" key="har_harad_horse_archers"></MenAtArm> 
		<MenAtArm type="Shieldwall Arbalests" key="umb_lb_corsair_archers"></MenAtArm>

		<MenAtArm type="accolade_maa_archers" key="umb_black_haven_marksmen"></MenAtArm>
		<MenAtArm type="accolade_maa_crossbowmen" key="umb_black_haven_marksmen"></MenAtArm>
		<MenAtArm type="accolade_maa_lancers" key="har_harad_camel_riders"></MenAtArm>
		<MenAtArm type="accolade_maa_outriders" key="har_harad_horse_archers"></MenAtArm>
		<MenAtArm type="accolade_maa_pikes" key="umb_bakulmagan"></MenAtArm>
		<MenAtArm type="accolade_maa_skirmishers" key="umb_haradrim_hunters"></MenAtArm>
		<MenAtArm type="accolade_maa_vanguard" key="umb_maces_of_tolfalas"></MenAtArm>		
	</Faction>
	
	<Faction name="Khand">
		<General key="kha_bane_of_the_steppes"></General>
		<Knights key="kha_wainrider_nobles"></Knights>
		
		<Levies porcentage="55" key="kha_akha_spearfishers"></Levies>
		<Levies porcentage="35" key="kha_akha_tribalists"></Levies>
		<Levies porcentage="10" key="kha_akha_hunters"></Levies> 
		
		<MenAtArm type="light_footmen" key="kha_khandish_berserkers"></MenAtArm>
		<MenAtArm type="armored_footmen" key="kha_eastern_legion"></MenAtArm>
		<MenAtArm type="pikemen_unit" key="kha_wainrider_spear_warriors"></MenAtArm>
		<MenAtArm type="bowmen" key="kha_khandish_bowmen"></MenAtArm>
		<MenAtArm type="crossbowmen" key="kha_variag_bowmen"></MenAtArm>
		<MenAtArm type="light_horsemen" key="kha_khandish_outriders"></MenAtArm>
		<MenAtArm type="armored_horsemen" key="kha_khandish_cataphracts"></MenAtArm>
		<MenAtArm type="house_guard" key="kha_wainrider_spear_warriors"></MenAtArm>
		
		<MenAtArm type="horse_archers" key="kha_variag_horse_archers"></MenAtArm> 

		<MenAtArm type="accolade_maa_archers" key="kha_variag_bowmen"></MenAtArm>
		<MenAtArm type="accolade_maa_crossbowmen" key="kha_variag_bowmen"></MenAtArm>
		<MenAtArm type="accolade_maa_lancers" key="kha_khandish_cataphracts"></MenAtArm>
		<MenAtArm type="accolade_maa_outriders" key="kha_variag_horse_archers"></MenAtArm>
		<MenAtArm type="accolade_maa_pikes" key="kha_wainrider_spear_warriors"></MenAtArm>
		<MenAtArm type="accolade_maa_skirmishers" key="kha_akha_raiders"></MenAtArm>
		<MenAtArm type="accolade_maa_vanguard" key="kha_khandish_raiders"></MenAtArm>			
	</Faction>
	
	<Faction name="Dale">
		<General key="dale_rhovanion_regent"></General>
		<Knights key="dale_cavalry_regiment"></Knights>
		
		<Levies porcentage="55" key="dale_shipmen"></Levies>
		<Levies porcentage="35" key="dale_spear_militia"></Levies>
		<Levies porcentage="10" key="dale_yeomen"></Levies> 
		
		<MenAtArm type="light_footmen" key="dale_swordsmen"></MenAtArm>
		<MenAtArm type="armored_footmen" key="dale_vineland_guard_sword"></MenAtArm>
		<MenAtArm type="pikemen_unit" key="dale_watchpost_sentries"></MenAtArm>
		<MenAtArm type="bowmen" key="dale_marksmen"></MenAtArm>
		<MenAtArm type="crossbowmen" key="dale_rhovanion_rangers"></MenAtArm>
		<MenAtArm type="light_horsemen" key="dale_northmen_scouts"></MenAtArm>
		<MenAtArm type="armored_horsemen" key="dale_merchant_escorts"></MenAtArm>
		<MenAtArm type="house_guard" key="dale_laketown_guards"></MenAtArm>
		
		<MenAtArm type="horse_archers" key="roh_horse_archers"></MenAtArm> 	

		<MenAtArm type="accolade_maa_archers" key="dale_bardings"></MenAtArm>
		<MenAtArm type="accolade_maa_crossbowmen" key="dale_rhovanion_rangers"></MenAtArm>
		<MenAtArm type="accolade_maa_lancers" key="dale_cavalry_regiment"></MenAtArm>
		<MenAtArm type="accolade_maa_outriders" key="roh_horse_archers"></MenAtArm>
		<MenAtArm type="accolade_maa_pikes" key="dale_laketown_guards"></MenAtArm>
		<MenAtArm type="accolade_maa_skirmishers" key="dale_rivermen"></MenAtArm>
		<MenAtArm type="accolade_maa_vanguard" key="dale_vineland_guard_sword"></MenAtArm>		
	</Faction>
	
	<Faction name="Erebor">
		<General key="ere_sons_of_mountain_alt_officer"></General>
		<Knights key="ere_iron_guardians"></Knights>
		
		<Levies porcentage="55" key="ere_spearguards"></Levies>
		<Levies porcentage="35" key="ere_dwarven_warriors"></Levies>
		<Levies porcentage="10" key="ere_axe_throwers"></Levies> 
		
		<MenAtArm type="light_footmen" key="ere_dwarven_warriors"></MenAtArm>
		<MenAtArm type="armored_footmen" key="ere_axe_guards"></MenAtArm>
		<MenAtArm type="pikemen_unit" key="ere_spearguards"></MenAtArm>
		<MenAtArm type="bowmen" key="ere_iron_hill_crossbow"></MenAtArm>
		<MenAtArm type="crossbowmen" key="ere_crossbowmen"></MenAtArm>
		<MenAtArm type="light_horsemen" key="ere_merc_cav"></MenAtArm>
		<MenAtArm type="armored_horsemen" key="ere_merc_cav"></MenAtArm>
		<MenAtArm type="house_guard" key="ere_iron_guardians"></MenAtArm>
		
		<MenAtArm type="longbeard_skirmishers" key="ere_axe_guards"></MenAtArm>
	    <MenAtArm type="longbeard_pikemen" key="ere_iron_guardians"></MenAtArm>
		<MenAtArm type="longbeard_crossbowmen" key="iro_ered_crossbows"></MenAtArm>
		<MenAtArm type="longbeard_heavy_infantry" key="ere_baruk_guard"></MenAtArm>
	    <MenAtArm type="longbeard_cavalry" key="ere_merc_cav"></MenAtArm>
		<MenAtArm type="longbeard_horse_archers" key="roh_eored_gap"></MenAtArm>
		<MenAtArm type="horse_archers" key="roh_horse_archers"></MenAtArm> 

		<MenAtArm type="accolade_maa_archers" key="ere_crossbowmen"></MenAtArm>
		<MenAtArm type="accolade_maa_crossbowmen" key="ere_crossbowmen"></MenAtArm>
		<MenAtArm type="accolade_maa_lancers" key="ere_merc_cav"></MenAtArm>
		<MenAtArm type="accolade_maa_outriders" key="ere_merc_cav"></MenAtArm>
		<MenAtArm type="accolade_maa_pikes" key="ere_iron_guardians"></MenAtArm>
		<MenAtArm type="accolade_maa_skirmishers" key="ere_axe_throwers"></MenAtArm>
		<MenAtArm type="accolade_maa_vanguard" key="ere_axe_warriors"></MenAtArm>		
	</Faction>
	
	<Faction name="Iron Hill">
		<General key="ere_sons_of_mountain_alt_officer"></General>
		<Knights key="iro_dragonslayers"></Knights>
		
		<Levies porcentage="55" key="iro_carnen_spearguard"></Levies>
		<Levies porcentage="35" key="iro_mattock_warriors"></Levies>
		<Levies porcentage="10" key="iro_iron_crossbowmen"></Levies> 
		
		<MenAtArm type="light_footmen" key="ere_dwarven_warriors"></MenAtArm>
		<MenAtArm type="armored_footmen" key="ere_axe_guards"></MenAtArm>
		<MenAtArm type="pikemen_unit" key="ere_spearguards"></MenAtArm>
		<MenAtArm type="bowmen" key="ere_iron_hill_crossbow"></MenAtArm>
		<MenAtArm type="crossbowmen" key="ere_crossbowmen"></MenAtArm>
		<MenAtArm type="light_horsemen" key="ere_merc_cav"></MenAtArm>
		<MenAtArm type="armored_horsemen" key="ere_merc_cav"></MenAtArm>
        <MenAtArm type="house_guard" key="ere_iron_guardians"></MenAtArm>

		<MenAtArm type="accolade_maa_archers" key="ere_crossbowmen"></MenAtArm>
		<MenAtArm type="accolade_maa_crossbowmen" key="ere_crossbowmen"></MenAtArm>
		<MenAtArm type="accolade_maa_lancers" key="ere_merc_cav"></MenAtArm>
		<MenAtArm type="accolade_maa_outriders" key="ere_merc_cav"></MenAtArm>
		<MenAtArm type="accolade_maa_pikes" key="ere_iron_guardians"></MenAtArm>
		<MenAtArm type="accolade_maa_skirmishers" key="ere_axe_throwers"></MenAtArm>
		<MenAtArm type="accolade_maa_vanguard" key="ere_axe_warriors"></MenAtArm>		
	</Faction>
	
	<Faction name="Ered">
		<General key="em_frostguard"></General>
		<Knights key="em_dragon_slayers"></Knights>
		
		<Levies porcentage="55" key="em_bronzewatch_spearmen"></Levies>
		<Levies porcentage="35" key="em_guardians_mountain"></Levies>
		<Levies porcentage="10" key="em_troll_hunters"></Levies> 
		
		<MenAtArm type="light_footmen" key="ere_dwarven_warriors"></MenAtArm>
		<MenAtArm type="armored_footmen" key="ere_axe_guards"></MenAtArm>
		<MenAtArm type="pikemen_unit" key="ere_spearguards"></MenAtArm>
		<MenAtArm type="bowmen" key="ere_iron_hill_crossbow"></MenAtArm>
		<MenAtArm type="crossbowmen" key="ere_crossbowmen"></MenAtArm>
		<MenAtArm type="light_horsemen" key="ere_merc_cav"></MenAtArm>
		<MenAtArm type="armored_horsemen" key="ere_merc_cav"></MenAtArm>
        <MenAtArm type="house_guard" key="ere_iron_guardians"></MenAtArm>

		<MenAtArm type="accolade_maa_archers" key="ere_crossbowmen"></MenAtArm>
		<MenAtArm type="accolade_maa_crossbowmen" key="ere_crossbowmen"></MenAtArm>
		<MenAtArm type="accolade_maa_lancers" key="ere_merc_cav"></MenAtArm>
		<MenAtArm type="accolade_maa_outriders" key="ere_merc_cav"></MenAtArm>
		<MenAtArm type="accolade_maa_pikes" key="ere_iron_guardians"></MenAtArm>
		<MenAtArm type="accolade_maa_skirmishers" key="ere_axe_throwers"></MenAtArm>
		<MenAtArm type="accolade_maa_vanguard" key="ere_axe_warriors"></MenAtArm>	
	</Faction>
	
		<Faction name="Khazad">
		<General key="ere_balin"></General>
		<Knights key="khz_durins_mithril_guard"></Knights>
		
		<Levies porcentage="55" key="khz_protectors_azanulbizar"></Levies>
		<Levies porcentage="35" key="khz_mountain_travellers"></Levies>
		<Levies porcentage="10" key="khz_axe_throwers"></Levies> 
		
		<MenAtArm type="light_footmen" key="ere_dwarven_warriors"></MenAtArm>
		<MenAtArm type="armored_footmen" key="ere_axe_guards"></MenAtArm>
		<MenAtArm type="pikemen_unit" key="ere_spearguards"></MenAtArm>
		<MenAtArm type="bowmen" key="ere_iron_hill_crossbow"></MenAtArm>
		<MenAtArm type="crossbowmen" key="ere_crossbowmen"></MenAtArm>
		<MenAtArm type="light_horsemen" key="ere_merc_cav"></MenAtArm>
		<MenAtArm type="armored_horsemen" key="ere_merc_cav"></MenAtArm>
        <MenAtArm type="house_guard" key="ere_iron_guardians"></MenAtArm>

        <MenAtArm type="khz_legionaries" key="khz_legionaries"></MenAtArm>
	    <MenAtArm type="khz_durins_gate_guard" key="khz_durins_gate_guard"></MenAtArm>
		<MenAtArm type="khz_crossbows" key="khz_crossbows"></MenAtArm>
		<MenAtArm type="ere_baruk_guard" key="ere_baruk_guard"></MenAtArm>
	    <MenAtArm type="ere_merc_cav" key="ere_merc_cav"></MenAtArm>
		<MenAtArm type="roh_eored_gap" key="roh_eored_gap"></MenAtArm>

		<MenAtArm type="accolade_maa_archers" key="ere_crossbowmen"></MenAtArm>
		<MenAtArm type="accolade_maa_crossbowmen" key="ere_crossbowmen"></MenAtArm>
		<MenAtArm type="accolade_maa_lancers" key="ere_merc_cav"></MenAtArm>
		<MenAtArm type="accolade_maa_outriders" key="ere_merc_cav"></MenAtArm>
		<MenAtArm type="accolade_maa_pikes" key="ere_iron_guardians"></MenAtArm>
		<MenAtArm type="accolade_maa_skirmishers" key="ere_axe_throwers"></MenAtArm>
		<MenAtArm type="accolade_maa_vanguard" key="ere_axe_warriors"></MenAtArm>		
	</Faction>
	
	<Faction name="Dorwinion">
		<General key="dor_riders_of_the_vinter_court"></General>
		<Knights key="dor_avari_warriors"></Knights>
		
		<Levies porcentage="55" key="dor_vineland_spear_militia"></Levies>
		<Levies porcentage="35" key="dor_vineland_spear_militia"></Levies>
		<Levies porcentage="10" key="dor_vineland_seafarers"></Levies> 
		
		<MenAtArm type="light_footmen" key="dor_vineland_men_at_arms"></MenAtArm>
		<MenAtArm type="armored_footmen" key="dor_vineland_guard_sword"></MenAtArm>
		<MenAtArm type="pikemen_unit" key="dor_warden"></MenAtArm>
		<MenAtArm type="bowmen" key="dor_vineland_yardpatrollers"></MenAtArm>
		<MenAtArm type="crossbowmen" key="dor_dorwinion_crossbow"></MenAtArm>
		<MenAtArm type="light_horsemen" key="dor_vineland_vanguard"></MenAtArm>
		<MenAtArm type="armored_horsemen" key="dor_merchant_escorts"></MenAtArm>
		<MenAtArm type="house_guard" key="dor_avari_warriors"></MenAtArm>
		
		<MenAtArm type="horse_archers" key="roh_horse_archers"></MenAtArm> 
 
		<MenAtArm type="accolade_maa_archers" key="dor_avari_wanderers"></MenAtArm>
		<MenAtArm type="accolade_maa_crossbowmen" key="dor_dorwinion_crossbow"></MenAtArm>
		<MenAtArm type="accolade_maa_lancers" key="dor_merchant_escorts"></MenAtArm>
		<MenAtArm type="accolade_maa_outriders" key="roh_horse_archers"></MenAtArm>
		<MenAtArm type="accolade_maa_pikes" key="dor_avari_warriors"></MenAtArm>
		<MenAtArm type="accolade_maa_skirmishers" key="dale_rivermen"></MenAtArm>
		<MenAtArm type="accolade_maa_vanguard" key="dale_vineland_guard_sword"></MenAtArm>			
	</Faction>
	
	<Faction name="Lothlorien">
		<General key="loth_twilight_guard"></General>
		<Knights key="loth_haldirs_bodyguards"></Knights>
		
		<Levies porcentage="55" key="Galadhrim_Spear_Infantry"></Levies>
		<Levies porcentage="35" key="Galadhrim_Sword_Infantry"></Levies>
		<Levies porcentage="10" key="loth_galad_bow_warriors"></Levies> 
		
		<MenAtArm type="light_footmen" key="loth_amroth_sentinels"></MenAtArm>
		<MenAtArm type="armored_footmen" key="loth_galad_sword_warriors"></MenAtArm>
		<MenAtArm type="pikemen_unit" key="loth_galad_spear_warriors"></MenAtArm>
		<MenAtArm type="bowmen" key="loth_galad_bow_warriors"></MenAtArm>
		<MenAtArm type="crossbowmen" key="loth_twilight_guard"></MenAtArm>
		<MenAtArm type="light_horsemen" key="loth_lor_outriders"></MenAtArm>
		<MenAtArm type="armored_horsemen" key="exe_wr_lasgalen_riders"></MenAtArm>
		<MenAtArm type="house_guard" key="koh_celin_amroth_sentinels"></MenAtArm>
		
		<MenAtArm type="horse_archers" key="Lorien_Bow_Cav"></MenAtArm> 
   
		<MenAtArm type="accolade_maa_archers" key="Marchwarden"></MenAtArm>
		<MenAtArm type="accolade_maa_crossbowmen" key="loth_twilight_guard"></MenAtArm>
		<MenAtArm type="accolade_maa_lancers" key="exe_wr_lasgalen_riders"></MenAtArm>
		<MenAtArm type="accolade_maa_outriders" key="Lorien_Bow_Cav"></MenAtArm>
		<MenAtArm type="accolade_maa_pikes" key="koh_celin_amroth_sentinels"></MenAtArm>
		<MenAtArm type="accolade_maa_skirmishers" key="Marchwarden"></MenAtArm>
		<MenAtArm type="accolade_maa_vanguard" key="Defenders_Of_Lorien"></MenAtArm>				
	</Faction>
	
	<Faction name="Woodland Realm">
		<General key="wr_thranduil"></General>
		<Knights key="wr_elvenking_riders"></Knights>
		
		<Levies porcentage="55" key="wr_lasgalen_spears"></Levies>
		<Levies porcentage="35" key="wr_lasgalen_swords"></Levies>
		<Levies porcentage="10" key="wr_lasgalen_bows"></Levies> 
		
		<MenAtArm type="light_footmen" key="wr_lasgalen_swords"></MenAtArm>
		<MenAtArm type="armored_footmen" key="exe_wr_border_guards"></MenAtArm>
		<MenAtArm type="pikemen_unit" key="wr_hall_guardians"></MenAtArm>
		<MenAtArm type="bowmen" key="wr_forest_rangers"></MenAtArm>
		<MenAtArm type="crossbowmen" key="wr_lasgalen_lords"></MenAtArm>
		<MenAtArm type="light_horsemen" key="exe_wr_lasgalen_riders"></MenAtArm>
		<MenAtArm type="armored_horsemen" key="wr_elvenking_riders"></MenAtArm>
		<MenAtArm type="house_guard" key="wr_gate_wardens"></MenAtArm>
		
		<MenAtArm type="horse_archers" key="loth_nimrodel_patrollers"></MenAtArm> 
     
		<MenAtArm type="accolade_maa_archers" key="wr_legolas"></MenAtArm>
		<MenAtArm type="accolade_maa_crossbowmen" key="wr_lasgalen_lords"></MenAtArm>
		<MenAtArm type="accolade_maa_lancers" key="exe_wr_lasgalen_riders"></MenAtArm>
		<MenAtArm type="accolade_maa_outriders" key="exe_wr_lasgalen_riders"></MenAtArm>
		<MenAtArm type="accolade_maa_pikes" key="wr_gate_wardens"></MenAtArm>
		<MenAtArm type="accolade_maa_skirmishers" key="wr_lasgalen_bows"></MenAtArm>
		<MenAtArm type="accolade_maa_vanguard" key="exe_wr_border_guards"></MenAtArm>			
	</Faction>
	
	<Faction name="Imladris">
		<General key="iml_guards"></General>
		<Knights key="iml_horse_rangers"></Knights>
		
		<Levies porcentage="55" key="exe_iml_spearmen"></Levies>
		<Levies porcentage="35" key="iml_swordsmen"></Levies>
		<Levies porcentage="10" key="exe_iml_warriors"></Levies> 
		
		<MenAtArm type="light_footmen" key="iml_swordsmen"></MenAtArm>
		<MenAtArm type="armored_footmen" key="iml_guards"></MenAtArm>
		<MenAtArm type="pikemen_unit" key="iml_pikemen"></MenAtArm>
		<MenAtArm type="bowmen" key="iml_archers"></MenAtArm>
		<MenAtArm type="crossbowmen" key="iml_archers"></MenAtArm>
		<MenAtArm type="light_horsemen" key="loth_lor_outriders"></MenAtArm>
		<MenAtArm type="armored_horsemen" key="iml_cavalry"></MenAtArm>
		<MenAtArm type="house_guard" key="iml_pikemen"></MenAtArm>
		
		<MenAtArm type="horse_archers" key="exe_iml_lords_golden_flower"></MenAtArm> 
      
		<MenAtArm type="accolade_maa_archers" key="iml_archers"></MenAtArm>
		<MenAtArm type="accolade_maa_crossbowmen" key="iml_archers"></MenAtArm>
		<MenAtArm type="accolade_maa_lancers" key="iml_cavalry"></MenAtArm>
		<MenAtArm type="accolade_maa_outriders" key="loth_nimrodel_patrollers"></MenAtArm>
		<MenAtArm type="accolade_maa_pikes" key="iml_pikemen"></MenAtArm>
		<MenAtArm type="accolade_maa_skirmishers" key="iml_archers"></MenAtArm>
		<MenAtArm type="accolade_maa_vanguard" key="iml_swordsmen"></MenAtArm>			
	</Faction>
	
	<Faction name="Lindon">
		<General key="lin_nobles"></General>
		<Knights key="lin_cavalry"></Knights>
		
		<Levies porcentage="55" key="lin_spearmen"></Levies>
		<Levies porcentage="35" key="exe_lin_sword_infantry"></Levies>
		<Levies porcentage="10" key="lin_archers"></Levies> 
		
		<MenAtArm type="light_footmen" key="lin_swordsmen"></MenAtArm>
		<MenAtArm type="armored_footmen" key="lin_nobles"></MenAtArm>
		<MenAtArm type="pikemen_unit" key="lin_spearmen"></MenAtArm>
		<MenAtArm type="bowmen" key="lin_archers"></MenAtArm>
		<MenAtArm type="crossbowmen" key="lin_archers"></MenAtArm>
		<MenAtArm type="light_horsemen" key="loth_lor_outriders"></MenAtArm>
		<MenAtArm type="armored_horsemen" key="lin_cavalry"></MenAtArm>
		<MenAtArm type="house_guard" key="lin_noldor_nobles"></MenAtArm>
		
		<MenAtArm type="horse_archers" key="lin_lindon_scouts"></MenAtArm> 

		<MenAtArm type="accolade_maa_archers" key="lin_archers"></MenAtArm>
		<MenAtArm type="accolade_maa_crossbowmen" key="lin_archers"></MenAtArm>
		<MenAtArm type="accolade_maa_lancers" key="lin_cavalry"></MenAtArm>
		<MenAtArm type="accolade_maa_outriders" key="loth_nimrodel_patrollers"></MenAtArm>
		<MenAtArm type="accolade_maa_pikes" key="lin_noldor_nobles"></MenAtArm>
		<MenAtArm type="accolade_maa_skirmishers" key="lin_falathrim_seafarers"></MenAtArm>
		<MenAtArm type="accolade_maa_vanguard" key="lin_nobles"></MenAtArm>			
	</Faction>
	
		<Faction name="Eregion">
		<General key="ler_ost-in-edhil_mounted_guard"></General>
		<Knights key="ler_hollin_cavalry"></Knights>
		
		<Levies porcentage="55" key="ler_eregion_spear_infantry"></Levies>
		<Levies porcentage="35" key="ler_eregion_swordsmen"></Levies>
		<Levies porcentage="10" key="ler_eregion_archers"></Levies> 
		
		<MenAtArm type="light_footmen" key="lin_swordsmen"></MenAtArm>
		<MenAtArm type="armored_footmen" key="lin_nobles"></MenAtArm>
		<MenAtArm type="pikemen_unit" key="lin_spearmen"></MenAtArm>
		<MenAtArm type="bowmen" key="lin_archers"></MenAtArm>
		<MenAtArm type="crossbowmen" key="lin_archers"></MenAtArm>
		<MenAtArm type="light_horsemen" key="loth_lor_outriders"></MenAtArm>
		<MenAtArm type="armored_horsemen" key="lin_cavalry"></MenAtArm>
		<MenAtArm type="house_guard" key="lin_noldor_nobles"></MenAtArm>
		
		<MenAtArm type="horse_archers" key="lin_lindon_scouts"></MenAtArm> 

		<MenAtArm type="accolade_maa_archers" key="lin_archers"></MenAtArm>
		<MenAtArm type="accolade_maa_crossbowmen" key="lin_archers"></MenAtArm>
		<MenAtArm type="accolade_maa_lancers" key="lin_cavalry"></MenAtArm>
		<MenAtArm type="accolade_maa_outriders" key="loth_nimrodel_patrollers"></MenAtArm>
		<MenAtArm type="accolade_maa_pikes" key="lin_noldor_nobles"></MenAtArm>
		<MenAtArm type="accolade_maa_skirmishers" key="lin_falathrim_seafarers"></MenAtArm>
		<MenAtArm type="accolade_maa_vanguard" key="lin_nobles"></MenAtArm>			
	</Faction>
	
	<Faction name="Numenorean">
		<General key="gon_silver_swan_knights"></General>
		<Knights key="dol_adrahil"></Knights>
		
		<Levies porcentage="55" key="dol_levyspear"></Levies>
		<Levies porcentage="35" key="dol_levysword"></Levies>
		<Levies porcentage="10" key="dol_skirm"></Levies>
		
		<MenAtArm type="light_footmen" key="dol_heavysword"></MenAtArm>
		<MenAtArm type="armored_footmen" key="dol_swansword"></MenAtArm>
		<MenAtArm type="pikemen_unit" key="dol_heavyspear"></MenAtArm>
		<MenAtArm type="bowmen" key="dol_marinearcher"></MenAtArm>
		<MenAtArm type="crossbowmen" key="dol_heavyarcher"></MenAtArm>
		<MenAtArm type="light_horsemen" key="dol_sergeantcav"></MenAtArm>
		<MenAtArm type="armored_horsemen" key="dol_cav"></MenAtArm>
		<MenAtArm type="house_guard" key="dol_swanspear"></MenAtArm>
		
		<MenAtArm type="horse_archers" key="hor_horsearcher"></MenAtArm>       
                
		<MenAtArm type="accolade_maa_archers" key="gon_ithilien_rangers"></MenAtArm>
		<MenAtArm type="accolade_maa_crossbowmen" key="los_archer"></MenAtArm>
		<MenAtArm type="accolade_maa_lancers" key="gon_silver_swan_knights"></MenAtArm>
		<MenAtArm type="accolade_maa_outriders" key="hor_horsearcher"></MenAtArm>
		<MenAtArm type="accolade_maa_pikes" key="dol_swanpike"></MenAtArm>
		<MenAtArm type="accolade_maa_skirmishers" key="dol_marineskirm"></MenAtArm>
		<MenAtArm type="accolade_maa_vanguard" key="dol_wardens"></MenAtArm>			
	</Faction>
	
	<Faction name="Bree Land">
		<General key="bre_knights_mounted"></General>
		<Knights key="bre_knights"></Knights>
		
		<Levies porcentage="55" key="bre_hobbit_swords"></Levies>
		<Levies porcentage="35" key="bre_hobbit_swords"></Levies>
		<Levies porcentage="10" key="bre_hobbit_archer"></Levies> 
		
		<MenAtArm type="light_footmen" key="bre_greatswords"></MenAtArm>
		<MenAtArm type="armored_footmen" key="bre_sword_infantry"></MenAtArm>
		<MenAtArm type="pikemen_unit" key="bre_green_dragon_guard"></MenAtArm>
		<MenAtArm type="bowmen" key="bre_archers"></MenAtArm>
		<MenAtArm type="crossbowmen" key="bre_gate_watch"></MenAtArm>
		<MenAtArm type="light_horsemen" key="roh_scouts_of_rohan"></MenAtArm>
		<MenAtArm type="armored_horsemen" key="bre_knights_mounted"></MenAtArm>
		<MenAtArm type="house_guard" key="bre_city_watch"></MenAtArm>
		
		<MenAtArm type="horse_archers" key="roh_eored_gap"></MenAtArm> 
 
		<MenAtArm type="accolade_maa_archers" key="bre_archers"></MenAtArm>
		<MenAtArm type="accolade_maa_crossbowmen" key="bre_gate_watch"></MenAtArm>
		<MenAtArm type="accolade_maa_lancers" key="bre_knights_mounted"></MenAtArm>
		<MenAtArm type="accolade_maa_outriders" key="roh_eored_gap"></MenAtArm>
		<MenAtArm type="accolade_maa_pikes" key="bre_city_watch"></MenAtArm>
		<MenAtArm type="accolade_maa_skirmishers" key="bre_archers"></MenAtArm>
		<MenAtArm type="accolade_maa_vanguard" key="bre_greatswords"></MenAtArm>			
	</Faction>
	
	<Faction name="Angmar">
		<General key="ang_morgomir"></General>
		<Knights key="ang_wardens_of_angmar"></Knights>
		
		<Levies porcentage="55" key="ang_rhudaur_spears"></Levies>
		<Levies porcentage="35" key="ang_orc_raiders"></Levies>
		<Levies porcentage="10" key="ang_rhudaur_archers"></Levies> 
		
		<MenAtArm type="light_footmen" key="ang_orc_blades"></MenAtArm>
		<MenAtArm type="armored_footmen" key="ang_goblin_merc_captain"></MenAtArm>
		<MenAtArm type="pikemen_unit" key="ang_orc_pikes"></MenAtArm>
		<MenAtArm type="bowmen" key="ang_fanatics_of_the_witch_king"></MenAtArm>
		<MenAtArm type="crossbowmen" key="ang_gob_merc_archers"></MenAtArm>
		<MenAtArm type="light_horsemen" key="ang_rhudaur_cavalry"></MenAtArm>
		<MenAtArm type="armored_horsemen" key="mor_servants_of_the_eyes"></MenAtArm>
		<MenAtArm type="house_guard" key="ang_orc_spears"></MenAtArm>
		
		<MenAtArm type="horse_archers" key="ise_dunland_horse_raider"></MenAtArm> 

		<MenAtArm type="accolade_maa_archers" key="ang_gob_merc_archers"></MenAtArm>
		<MenAtArm type="accolade_maa_crossbowmen" key="ang_gob_merc_archers"></MenAtArm>
		<MenAtArm type="accolade_maa_lancers" key="mor_servants_of_the_eyes"></MenAtArm>
		<MenAtArm type="accolade_maa_outriders" key="ise_dunland_horse_raider"></MenAtArm>
		<MenAtArm type="accolade_maa_pikes" key="ang_orc_spears"></MenAtArm>
		<MenAtArm type="accolade_maa_skirmishers" key="mor_uruk_archers"></MenAtArm>
		<MenAtArm type="accolade_maa_vanguard" key="ang_acolytes_of_the_witchking"></MenAtArm>			
	</Faction>
	
	<Faction name="Rhudaur">
		<General key="rhu_trev_duvardain_reavers"></General>
		<Knights key="rhu_crrothean_hill_riders"></Knights>
		
		<Levies porcentage="55" key="rhu_bondi_spears"></Levies>
		<Levies porcentage="35" key="rhu_bondi_axes"></Levies>
		<Levies porcentage="10" key="rhu_hillman_hunters"></Levies> 
		
		<MenAtArm type="light_footmen" key="rhu_corcurian_axe_hird"></MenAtArm>
		<MenAtArm type="armored_footmen" key="rhu_creothean_raiders"></MenAtArm>
		<MenAtArm type="pikemen_unit" key="rhu_coldfell_spearband"></MenAtArm>
		<MenAtArm type="bowmen" key="rhu_ettenmoor_marksmen"></MenAtArm>
		<MenAtArm type="crossbowmen" key="rhu_ettenmoor_marksmen"></MenAtArm>
		<MenAtArm type="light_horsemen" key="rhu_corcurian_raiders"></MenAtArm>
		<MenAtArm type="armored_horsemen" key="rhu_crrothean_hill_riders"></MenAtArm>
		<MenAtArm type="house_guard" key="rhu_trev_gallorg_wardens"></MenAtArm>
		
		<MenAtArm type="horse_archers" key="hor_horsearcher"></MenAtArm> 

		<MenAtArm type="accolade_maa_archers" key="rhu_ettenmoor_marksmen"></MenAtArm>
		<MenAtArm type="accolade_maa_crossbowmen" key="rhu_ettenmoor_marksmen"></MenAtArm>
		<MenAtArm type="accolade_maa_lancers" key="rhu_crrothean_hill_riders"></MenAtArm>
		<MenAtArm type="accolade_maa_outriders" key="hor_horsearcher"></MenAtArm>
		<MenAtArm type="accolade_maa_pikes" key="rhu_trev_gallorg_wardens"></MenAtArm>
		<MenAtArm type="accolade_maa_skirmishers" key="rhu_trev_duvardain_packmasters"></MenAtArm>
		<MenAtArm type="accolade_maa_vanguard" key="rhu_creothean_raiders"></MenAtArm>		
	</Faction>
	
	<Faction name="Northern Dunedain">
		<General key="pin_hirluin"></General>
		<Knights key="pin_cav"></Knights>
		
		<Levies porcentage="55" key="pin_levyspear"></Levies>
		<Levies porcentage="35" key="pin_levysword"></Levies>
		<Levies porcentage="10" key="pin_skirm"></Levies> 
		
		<MenAtArm type="light_footmen" key="pin_mediumsword"></MenAtArm>
		<MenAtArm type="armored_footmen" key="los_lords"></MenAtArm>
		<MenAtArm type="pikemen_unit" key="pin_heavyspear"></MenAtArm>
		<MenAtArm type="bowmen" key="pin_archer"></MenAtArm>
		<MenAtArm type="crossbowmen" key="los_archer"></MenAtArm>
		<MenAtArm type="light_horsemen" key="gon_princes_sergeants"></MenAtArm>
		<MenAtArm type="armored_horsemen" key="pin_cav"></MenAtArm>
		<MenAtArm type="house_guard" key="gon_fountain_guard"></MenAtArm>
		
		<MenAtArm type="horse_archers" key="hor_horsearcher"></MenAtArm>

		<MenAtArm type="accolade_maa_archers" key="gon_ithilien_rangers"></MenAtArm>
		<MenAtArm type="accolade_maa_crossbowmen" key="los_archer"></MenAtArm>
		<MenAtArm type="accolade_maa_lancers" key="gon_silver_swan_knights"></MenAtArm>
		<MenAtArm type="accolade_maa_outriders" key="hor_horsearcher"></MenAtArm>
		<MenAtArm type="accolade_maa_pikes" key="gon_fountain_guard"></MenAtArm>
		<MenAtArm type="accolade_maa_skirmishers" key="gon_lebennin_marines"></MenAtArm>
		<MenAtArm type="accolade_maa_vanguard" key="gon_lossarnach_warriors"></MenAtArm>		
	</Faction>
	

</FactionsGroups>

